n,T,p,Tn,sv_sigma,sv_rho,lam,target_radius,seed,path,status,phase1_assembly_time,phase2_factor_time,phase3_solve_time,total_time,iters,hit_maxiter,relative_residual,L_factor_nnz,bandwidth_u,banded_ab_bytes,banded_factor_bytes,H_B_nnz,Kbar_nnz_estimate,Kbar_csr_bytes_estimate,M_m_nnz,skip_direct,banded_total_bytes_estimate,skip_banded
3,20,2,60,0.3,0.95,10000.0,0.9,0,direct_cholmod,ok,0.0010509160056244582,0.0018518749857321382,0.0004888749972451478,0.003391665988601744,0,0,1.1482571009351038e-12,478,-1,-1,-1,393,900,14400.0,25,0,8640,0
3,20,2,60,0.3,0.95,10000.0,0.9,0,pcg_time_avg_chol_explicit_avgK,ok,0.0005748750118073076,3.9292004657909274e-05,0.0011681250180117786,0.0017822920344769955,25,0,6.564091330723302e-09,478,-1,-1,-1,393,900,14400.0,25,0,8640,0
3,20,2,60,0.3,0.95,10000.0,0.9,0,pcg_banded_time_avg_precision_chol,ok,0.0010119999933522195,0.0009129589889198542,0.0013121669762767851,0.0032371259585488588,25,0,6.5632901646304804e-09,-1,12,6240,6240,393,900,14400.0,25,0,8640,0
3,20,2,60,0.3,0.95,10000.0,0.9,1,direct_cholmod,ok,0.0005814580072183162,3.9083999581635e-05,4.499976057559252e-06,0.0006250419828575104,0,0,1.7044211642484548e-12,478,-1,-1,-1,393,900,14400.0,25,0,8640,0
3,20,2,60,0.3,0.95,10000.0,0.9,1,pcg_time_avg_chol_explicit_avgK,ok,0.00047287499182857573,2.6749999960884452e-05,0.0004610419855453074,0.0009606669773347676,17,0,6.245357186598758e-09,478,-1,-1,-1,393,900,14400.0,25,0,8640,0
3,20,2,60,0.3,0.95,10000.0,0.9,1,pcg_banded_time_avg_precision_chol,ok,0.00038133299676701427,1.8125021597370505e-05,0.0005424589908216149,0.0009419170091859996,17,0,6.244246387142095e-09,-1,12,6240,6240,393,900,14400.0,25,0,8640,0
3,20,2,60,0.3,0.95,10000.0,0.9,7,direct_cholmod,ok,0.0004064170061610639,2.2333988454192877e-05,2.916989615187049e-06,0.00043166798423044384,0,0,5.796415763969057e-13,478,-1,-1,-1,393,900,14400.0,25,0,8640,0
3,20,2,60,0.3,0.95,10000.0,0.9,7,pcg_time_avg_chol_explicit_avgK,ok,0.00040941699990071356,1.9166996935382485e-05,0.0005861669778823853,0.0010147509747184813,24,0,4.8389691703618536e-09,478,-1,-1,-1,393,900,14400.0,25,0,8640,0
3,20,2,60,0.3,0.95,10000.0,0.9,7,pcg_banded_time_avg_precision_chol,ok,0.0003307919832877815,1.058299676515162e-05,0.0007334589899983257,0.0010748339700512588,24,0,4.838919704930047e-09,-1,12,6240,6240,393,900,14400.0,25,0,8640,0
5,30,3,150,0.5,0.95,10000.0,0.9,0,direct_cholmod,ok,0.0005564999883063138,7.974999607540667e-05,4.583998816087842e-06,0.0006408339831978083,0,0,6.223017925273718e-13,2591,-1,-1,-1,2250,5250,84000.0,45,0,48000,0
5,30,3,150,0.5,0.95,10000.0,0.9,0,pcg_time_avg_chol_explicit_avgK,ok,0.0005720829940401018,7.041599019430578e-05,0.0014972499920986593,0.002139748976333067,51,0,8.796317041281861e-09,2591,-1,-1,-1,2250,5250,84000.0,45,0,48000,0
5,30,3,150,0.5,0.95,10000.0,0.9,0,pcg_banded_time_avg_precision_chol,ok,0.0005086250021122396,2.5249988539144397e-05,0.0019510840065777302,0.002484958997229114,51,0,9.203511209010216e-09,-1,20,25200,25200,2250,5250,84000.0,45,0,48000,0
5,30,3,150,0.5,0.95,10000.0,0.9,1,direct_cholmod,ok,0.0005707500095013529,6.920800660736859e-05,4.792003892362118e-06,0.0006447500200010836,0,0,1.2434189231539394e-12,2591,-1,-1,-1,2250,5250,84000.0,45,0,48000,0
5,30,3,150,0.5,0.95,10000.0,0.9,1,pcg_time_avg_chol_explicit_avgK,ok,0.0005954160005785525,6.0999998822808266e-05,0.0021174169960431755,0.002773832995444536,62,0,9.474820413090652e-09,2591,-1,-1,-1,2250,5250,84000.0,45,0,48000,0
5,30,3,150,0.5,0.95,10000.0,0.9,1,pcg_banded_time_avg_precision_chol,ok,0.000490459002321586,2.4125009076669812e-05,0.00257349997991696,0.003088083991315216,62,0,9.47613373326803e-09,-1,20,25200,25200,2250,5250,84000.0,45,0,48000,0
5,30,3,150,0.5,0.95,10000.0,0.9,7,direct_cholmod,ok,0.0005495000223163515,9.187500108964741e-05,8.749979315325618e-06,0.0006501250027213246,0,0,3.9263709382399017e-13,2591,-1,-1,-1,2250,5250,84000.0,45,0,48000,0
5,30,3,150,0.5,0.95,10000.0,0.9,7,pcg_time_avg_chol_explicit_avgK,ok,0.0005390000005718321,6.408401532098651e-05,0.0010862920025829226,0.0016893760184757411,41,0,5.814089411914181e-09,2591,-1,-1,-1,2250,5250,84000.0,45,0,48000,0
5,30,3,150,0.5,0.95,10000.0,0.9,7,pcg_banded_time_avg_precision_chol,ok,0.0004837920132558793,2.3667002096772194e-05,0.001400750013999641,0.0019082090293522924,41,0,5.733922299978146e-09,-1,20,25200,25200,2250,5250,84000.0,45,0,48000,0
5,480,2,2400,0.1,0.95,10000.0,0.9,0,direct_cholmod,ok,0.004083541018189862,0.0006246660195756704,3.966700751334429e-05,0.004747874045278877,0,0,7.355927028400175e-13,32238,-1,-1,-1,26325,60000,960000.0,795,0,576000,0
5,480,2,2400,0.1,0.95,10000.0,0.9,0,pcg_time_avg_chol_explicit_avgK,ok,0.004036833008285612,0.0006116250006016344,0.0019002909830305725,0.006548748991917819,24,0,9.008911333923155e-09,32238,-1,-1,-1,26325,60000,960000.0,795,0,576000,0
5,480,2,2400,0.1,0.95,10000.0,0.9,0,pcg_banded_time_avg_precision_chol,ok,0.0034680419776123017,0.00022441698820330203,0.0032118750095833093,0.006904333975398913,24,0,9.00887174231653e-09,-1,20,403200,403200,26325,60000,960000.0,795,0,576000,0
5,480,2,2400,0.1,0.95,10000.0,0.9,1,direct_cholmod,ok,0.0037820419820491225,0.0008119580161292106,3.620798815973103e-05,0.004630207986338064,0,0,1.9039168325875452e-12,32238,-1,-1,-1,26325,60000,960000.0,795,0,576000,0
5,480,2,2400,0.1,0.95,10000.0,0.9,1,pcg_time_avg_chol_explicit_avgK,ok,0.0037363750161603093,0.0006190419953782111,0.0017819580098148435,0.006137375021353364,22,0,4.347241677845349e-09,32238,-1,-1,-1,26325,60000,960000.0,795,0,576000,0
5,480,2,2400,0.1,0.95,10000.0,0.9,1,pcg_banded_time_avg_precision_chol,ok,0.0035801669873762876,0.00028208299772813916,0.0029291660175658762,0.006791416002670303,22,0,4.347251012623333e-09,-1,20,403200,403200,26325,60000,960000.0,795,0,576000,0
5,480,2,2400,0.1,0.95,10000.0,0.9,7,direct_cholmod,ok,0.004213291016640142,0.0006477499846369028,3.170798299834132e-05,0.004892748984275386,0,0,6.370693123689746e-13,32238,-1,-1,-1,26325,60000,960000.0,795,0,576000,0
5,480,2,2400,0.1,0.95,10000.0,0.9,7,pcg_time_avg_chol_explicit_avgK,ok,0.0037500000034924597,0.0006175830203574151,0.0020747079979628325,0.006442291021812707,24,0,4.459039763192286e-09,32238,-1,-1,-1,26325,60000,960000.0,795,0,576000,0
5,480,2,2400,0.1,0.95,10000.0,0.9,7,pcg_banded_time_avg_precision_chol,ok,0.0034587080008350313,0.00028904201462864876,0.0034290420007891953,0.007176792016252875,24,0,4.459025452498187e-09,-1,20,403200,403200,26325,60000,960000.0,795,0,576000,0
5,480,2,2400,0.3,0.95,10000.0,0.9,0,direct_cholmod,ok,0.0038058340142015368,0.0006377089885063469,3.2167008612304926e-05,0.004475710011320189,0,0,1.0148559588640863e-12,32238,-1,-1,-1,26325,60000,960000.0,795,0,576000,0
5,480,2,2400,0.3,0.95,10000.0,0.9,0,pcg_time_avg_chol_explicit_avgK,ok,0.00411525001982227,0.0006488749932032079,0.01232395798433572,0.017088082997361198,150,0,9.34611029650272e-09,32238,-1,-1,-1,26325,60000,960000.0,795,0,576000,0
5,480,2,2400,0.3,0.95,10000.0,0.9,0,pcg_banded_time_avg_precision_chol,ok,0.0035600409901235253,0.00023329100804403424,0.019859250023728237,0.023652582021895796,149,0,8.522117553827489e-09,-1,20,403200,403200,26325,60000,960000.0,795,0,576000,0
5,480,2,2400,0.3,0.95,10000.0,0.9,1,direct_cholmod,ok,0.0037404590111691505,0.0006459589931182563,3.120797919109464e-05,0.0044176259834785014,0,0,2.2674379510735677e-12,32238,-1,-1,-1,26325,60000,960000.0,795,0,576000,0
5,480,2,2400,0.3,0.95,10000.0,0.9,1,pcg_time_avg_chol_explicit_avgK,ok,0.0037489579990506172,0.0007519170176237822,0.009318416996393353,0.013819292013067752,116,0,7.692300409613758e-09,32238,-1,-1,-1,26325,60000,960000.0,795,0,576000,0
5,480,2,2400,0.3,0.95,10000.0,0.9,1,pcg_banded_time_avg_precision_chol,ok,0.0034277499944437295,0.0002375839976593852,0.015483749972190708,0.019149083964293823,116,0,7.710480841947514e-09,-1,20,403200,403200,26325,60000,960000.0,795,0,576000,0
5,480,2,2400,0.3,0.95,10000.0,0.9,7,direct_cholmod,ok,0.0038291670207399875,0.0006156660092528909,3.2082985853776336e-05,0.004476916015846655,0,0,1.5913211086265775e-12,32238,-1,-1,-1,26325,60000,960000.0,795,0,576000,0
5,480,2,2400,0.3,0.95,10000.0,0.9,7,pcg_time_avg_chol_explicit_avgK,ok,0.003971333004301414,0.0007601660036016256,0.010951125004794449,0.015682624012697488,136,0,9.76225087545071e-09,32238,-1,-1,-1,26325,60000,960000.0,795,0,576000,0
5,480,2,2400,0.3,0.95,10000.0,0.9,7,pcg_banded_time_avg_precision_chol,ok,0.003305332997115329,0.000242541020270437,0.018414000020129606,0.021961874037515372,136,0,8.498146707119543e-09,-1,20,403200,403200,26325,60000,960000.0,795,0,576000,0
5,480,2,2400,0.5,0.95,10000.0,0.9,0,direct_cholmod,ok,0.0038830420235171914,0.0006639169878326356,2.9582995921373367e-05,0.0045765420072712,0,0,2.9188555366415467e-12,32238,-1,-1,-1,26325,60000,960000.0,795,0,576000,0
5,480,2,2400,0.5,0.95,10000.0,0.9,0,pcg_time_avg_chol_explicit_avgK,ok,0.0041201660060323775,0.0006524999917019159,0.0628171660064254,0.06758983200415969,781,0,9.671126772041113e-09,32238,-1,-1,-1,26325,60000,960000.0,795,0,576000,0
5,480,2,2400,0.5,0.95,10000.0,0.9,0,pcg_banded_time_avg_precision_chol,ok,0.0034148749837186188,0.0002237499866168946,0.10552875002031215,0.10916737499064766,792,0,9.087607302567927e-09,-1,20,403200,403200,26325,60000,960000.0,795,0,576000,0
5,480,2,2400,0.5,0.95,10000.0,0.9,1,direct_cholmod,ok,0.003760708001209423,0.0006404579908121377,3.508297959342599e-05,0.004436248971614987,0,0,5.105965561925442e-12,32238,-1,-1,-1,26325,60000,960000.0,795,0,576000,0
5,480,2,2400,0.5,0.95,10000.0,0.9,1,pcg_time_avg_chol_explicit_avgK,ok,0.003785041975788772,0.0006569590186700225,0.04560183300054632,0.050043833995005116,572,0,8.599226979452907e-09,32238,-1,-1,-1,26325,60000,960000.0,795,0,576000,0
5,480,2,2400,0.5,0.95,10000.0,0.9,1,pcg_banded_time_avg_precision_chol,ok,0.0036446250160224736,0.00030591600807383657,0.07608941697981209,0.0800399580039084,573,0,8.944621336262567e-09,-1,20,403200,403200,26325,60000,960000.0,795,0,576000,0
5,480,2,2400,0.5,0.95,10000.0,0.9,7,direct_cholmod,ok,0.003909582999767736,0.0006578330066986382,3.558400203473866e-05,0.0046030000085011125,0,0,7.902818921504182e-12,32238,-1,-1,-1,26325,60000,960000.0,795,0,576000,0
5,480,2,2400,0.5,0.95,10000.0,0.9,7,pcg_time_avg_chol_explicit_avgK,ok,0.0037496250006370246,0.0008076660160440952,0.06231187502271496,0.06686916603939608,767,0,9.231358091216608e-09,32238,-1,-1,-1,26325,60000,960000.0,795,0,576000,0
5,480,2,2400,0.5,0.95,10000.0,0.9,7,pcg_banded_time_avg_precision_chol,ok,0.0034315420198254287,0.0003414170059841126,0.10555095801828429,0.10932391704409383,765,0,9.40525360401193e-09,-1,20,403200,403200,26325,60000,960000.0,795,0,576000,0
5,480,12,2400,0.1,0.95,10000.0,0.9,0,direct_cholmod,ok,0.014452583011006936,0.006981375016039237,0.00011454199557192624,0.0215485000226181,0,0,5.043506136087257e-13,160975,-1,-1,-1,144450,300000,4800000.0,795,0,2496000,0
5,480,12,2400,0.1,0.95,10000.0,0.9,0,pcg_time_avg_chol_explicit_avgK,ok,0.014365833019837737,0.004796042019734159,0.005439375003334135,0.02460125004290603,22,0,7.808495657270669e-09,160975,-1,-1,-1,144450,300000,4800000.0,795,0,2496000,0
5,480,12,2400,0.1,0.95,10000.0,0.9,0,pcg_banded_time_avg_precision_chol,ok,0.022613832989009097,0.0014285839861258864,0.005119250010466203,0.029161666985601187,22,0,7.808497169534702e-09,-1,64,1248000,1248000,144450,300000,4800000.0,795,0,2496000,0
5,480,12,2400,0.1,0.95,10000.0,0.9,1,direct_cholmod,ok,0.013941791985416785,0.004132000001845881,0.00010866697994060814,0.018182458967203274,0,0,4.2186186195133186e-13,160975,-1,-1,-1,144450,300000,4800000.0,795,0,2496000,0
5,480,12,2400,0.1,0.95,10000.0,0.9,1,pcg_time_avg_chol_explicit_avgK,ok,0.014021083014085889,0.004481667012441903,0.0054311669955495745,0.023933917022077367,20,0,6.868742941133645e-09,160975,-1,-1,-1,144450,300000,4800000.0,795,0,2496000,0
5,480,12,2400,0.1,0.95,10000.0,0.9,1,pcg_banded_time_avg_precision_chol,ok,0.021155916998395696,0.0012604169896803796,0.004700874997070059,0.027117208985146135,20,0,6.86872897133306e-09,-1,64,1248000,1248000,144450,300000,4800000.0,795,0,2496000,0
5,480,12,2400,0.1,0.95,10000.0,0.9,7,direct_cholmod,ok,0.014523458987241611,0.0053739580034743994,0.00010762500460259616,0.020005041995318606,0,0,4.121883124863636e-13,160975,-1,-1,-1,144450,300000,4800000.0,795,0,2496000,0
5,480,12,2400,0.1,0.95,10000.0,0.9,7,pcg_time_avg_chol_explicit_avgK,ok,0.014644416980445385,0.004097500001080334,0.005924791999859735,0.024666708981385455,24,0,6.205958136076463e-09,160975,-1,-1,-1,144450,300000,4800000.0,795,0,2496000,0
5,480,12,2400,0.1,0.95,10000.0,0.9,7,pcg_banded_time_avg_precision_chol,ok,0.02208575000986457,0.0013324169849511236,0.0055694579787086695,0.028987624973524362,24,0,6.205954869999394e-09,-1,64,1248000,1248000,144450,300000,4800000.0,795,0,2496000,0
5,480,12,2400,0.3,0.95,10000.0,0.9,0,direct_cholmod,ok,0.014107333001447842,0.0040876250131987035,0.00012108299415558577,0.01831604100880213,0,0,7.512839022417217e-13,160975,-1,-1,-1,144450,300000,4800000.0,795,0,2496000,0
5,480,12,2400,0.3,0.95,10000.0,0.9,0,pcg_time_avg_chol_explicit_avgK,ok,0.014188250002916902,0.0045888750173617154,0.03161841700784862,0.05039554202812724,125,0,9.390514596550793e-09,160975,-1,-1,-1,144450,300000,4800000.0,795,0,2496000,0
5,480,12,2400,0.3,0.95,10000.0,0.9,0,pcg_banded_time_avg_precision_chol,ok,0.022040000010747463,0.0015037910197861493,0.02880325002479367,0.05234704105532728,125,0,9.510017510973366e-09,-1,64,1248000,1248000,144450,300000,4800000.0,795,0,2496000,0
5,480,12,2400,0.3,0.95,10000.0,0.9,1,direct_cholmod,ok,0.0147919169976376,0.004478542017750442,0.00010737500269897282,0.019377834018087015,0,0,5.805132510963177e-13,160975,-1,-1,-1,144450,300000,4800000.0,795,0,2496000,0
5,480,12,2400,0.3,0.95,10000.0,0.9,1,pcg_time_avg_chol_explicit_avgK,ok,0.013951291010016575,0.0042848749726545066,0.024829500005580485,0.04306566598825157,98,0,8.4893779838803e-09,160975,-1,-1,-1,144450,300000,4800000.0,795,0,2496000,0
5,480,12,2400,0.3,0.95,10000.0,0.9,1,pcg_banded_time_avg_precision_chol,ok,0.02208274998702109,0.0012050420045852661,0.022914665983989835,0.04620245797559619,98,0,8.49155702097808e-09,-1,64,1248000,1248000,144450,300000,4800000.0,795,0,2496000,0
5,480,12,2400,0.3,0.95,10000.0,0.9,7,direct_cholmod,ok,0.014165415981551632,0.0041845829982776195,0.00011162500595673919,0.01846162398578599,0,0,6.708364603282598e-13,160975,-1,-1,-1,144450,300000,4800000.0,795,0,2496000,0
5,480,12,2400,0.3,0.95,10000.0,0.9,7,pcg_time_avg_chol_explicit_avgK,ok,0.014315083011751994,0.004079334001289681,0.039086832985049114,0.05748124999809079,158,0,9.561295511272497e-09,160975,-1,-1,-1,144450,300000,4800000.0,795,0,2496000,0
5,480,12,2400,0.3,0.95,10000.0,0.9,7,pcg_banded_time_avg_precision_chol,ok,0.021356249984819442,0.0011732089915312827,0.03630829101894051,0.05883774999529123,158,0,9.751827773928056e-09,-1,64,1248000,1248000,144450,300000,4800000.0,795,0,2496000,0
5,480,12,2400,0.5,0.95,10000.0,0.9,0,direct_cholmod,ok,0.014070707984501496,0.0045824170229025185,0.0001058329944498837,0.018758958001853898,0,0,1.9967258290303468e-12,160975,-1,-1,-1,144450,300000,4800000.0,795,0,2496000,0
5,480,12,2400,0.5,0.95,10000.0,0.9,0,pcg_time_avg_chol_explicit_avgK,ok,0.013798707979731262,0.004530792008154094,0.16212324998923577,0.18045274997712113,653,0,8.500207852645525e-09,160975,-1,-1,-1,144450,300000,4800000.0,795,0,2496000,0
5,480,12,2400,0.5,0.95,10000.0,0.9,0,pcg_banded_time_avg_precision_chol,ok,0.022072124993428588,0.0011704160133376718,0.15388641698518768,0.17712895799195394,655,0,9.759346066644452e-09,-1,64,1248000,1248000,144450,300000,4800000.0,795,0,2496000,0
5,480,12,2400,0.5,0.95,10000.0,0.9,1,direct_cholmod,ok,0.016301499999826774,0.004382000013720244,0.00012287500430829823,0.020806375017855316,0,0,1.3274307026628359e-12,160975,-1,-1,-1,144450,300000,4800000.0,795,0,2496000,0
5,480,12,2400,0.5,0.95,10000.0,0.9,1,pcg_time_avg_chol_explicit_avgK,ok,0.014512041991110891,0.004294709011446685,0.10616191700682975,0.12496866800938733,430,0,9.273217527650121e-09,160975,-1,-1,-1,144450,300000,4800000.0,795,0,2496000,0
5,480,12,2400,0.5,0.95,10000.0,0.9,1,pcg_banded_time_avg_precision_chol,ok,0.021473667002283037,0.001239665987668559,0.09868508300860412,0.12139841599855572,430,0,9.789190776631551e-09,-1,64,1248000,1248000,144450,300000,4800000.0,795,0,2496000,0
5,480,12,2400,0.5,0.95,10000.0,0.9,7,direct_cholmod,ok,0.014385832997504622,0.004132958012633026,0.00012166699161753058,0.018640458001755178,0,0,1.877395278378315e-12,160975,-1,-1,-1,144450,300000,4800000.0,795,0,2496000,0
5,480,12,2400,0.5,0.95,10000.0,0.9,7,pcg_time_avg_chol_explicit_avgK,ok,0.014355166989844292,0.0047094580077100545,0.23471437499392778,0.2537789999914821,946,0,9.501728898623513e-09,160975,-1,-1,-1,144450,300000,4800000.0,795,0,2496000,0
5,480,12,2400,0.5,0.95,10000.0,0.9,7,pcg_banded_time_avg_precision_chol,ok,0.021537166991038248,0.001207541994517669,0.21885670800111257,0.24160141698666848,946,0,8.852565856960688e-09,-1,64,1248000,1248000,144450,300000,4800000.0,795,0,2496000,0
5,480,24,2400,0.1,0.95,10000.0,0.9,0,direct_cholmod,ok,0.043928875005804,0.019929833011701703,0.00020837501506321132,0.06406708303256892,0,0,3.433708583869501e-13,316225,-1,-1,-1,282900,588000,9408000.0,795,0,4800000,0
5,480,24,2400,0.1,0.95,10000.0,0.9,0,pcg_time_avg_chol_explicit_avgK,ok,0.04181908298050985,0.014190750021953136,0.010855166998226196,0.06686500000068918,22,0,6.571419089571108e-09,316225,-1,-1,-1,282900,588000,9408000.0,795,0,4800000,0
5,480,24,2400,0.1,0.95,10000.0,0.9,0,pcg_banded_time_avg_precision_chol,ok,0.0597716250049416,0.009567000000970438,0.010819084011018276,0.08015770901693031,22,0,6.5713978162356504e-09,-1,124,2400000,2400000,282900,588000,9408000.0,795,0,4800000,0
5,480,24,2400,0.1,0.95,10000.0,0.9,1,direct_cholmod,ok,0.04031062501599081,0.015512165991822258,0.0002100830024573952,0.05603287401027046,0,0,7.608249173420015e-13,316225,-1,-1,-1,282900,588000,9408000.0,795,0,4800000,0
5,480,24,2400,0.1,0.95,10000.0,0.9,1,pcg_time_avg_chol_explicit_avgK,ok,0.03893624999909662,0.015356457995949313,0.010268917016219348,0.06456162501126528,20,0,9.782817967005895e-09,316225,-1,-1,-1,282900,588000,9408000.0,795,0,4800000,0
5,480,24,2400,0.1,0.95,10000.0,0.9,1,pcg_banded_time_avg_precision_chol,ok,0.05894250000710599,0.009302208985900506,0.009442292008316144,0.07768700100132264,20,0,9.782764028179325e-09,-1,124,2400000,2400000,282900,588000,9408000.0,795,0,4800000,0
5,480,24,2400,0.1,0.95,10000.0,0.9,7,direct_cholmod,ok,0.04111408398603089,0.01613750000251457,0.00019275001250207424,0.05744433400104754,0,0,3.5238126475832897e-13,316225,-1,-1,-1,282900,588000,9408000.0,795,0,4800000,0
5,480,24,2400,0.1,0.95,10000.0,0.9,7,pcg_time_avg_chol_explicit_avgK,ok,0.04059399999096058,0.01612537499750033,0.01084616599837318,0.0675655409868341,24,0,5.2073438688386095e-09,316225,-1,-1,-1,282900,588000,9408000.0,795,0,4800000,0
5,480,24,2400,0.1,0.95,10000.0,0.9,7,pcg_banded_time_avg_precision_chol,ok,0.05996195899206214,0.009734833001857623,0.011158083012560382,0.08085487500648014,24,0,5.207351525088721e-09,-1,124,2400000,2400000,282900,588000,9408000.0,795,0,4800000,0
5,480,24,2400,0.3,0.95,10000.0,0.9,0,direct_cholmod,ok,0.0401409589976538,0.015527166979154572,0.00016879098257049918,0.05583691695937887,0,0,5.839519533137743e-13,316225,-1,-1,-1,282900,588000,9408000.0,795,0,4800000,0
5,480,24,2400,0.3,0.95,10000.0,0.9,0,pcg_time_avg_chol_explicit_avgK,ok,0.04053395800292492,0.016449500020826235,0.05492179200518876,0.11190525002893992,124,0,9.773856200711447e-09,316225,-1,-1,-1,282900,588000,9408000.0,795,0,4800000,0
5,480,24,2400,0.3,0.95,10000.0,0.9,0,pcg_banded_time_avg_precision_chol,ok,0.05975429099635221,0.009751584002515301,0.05764445901149884,0.12715033401036635,125,0,7.453349810923371e-09,-1,124,2400000,2400000,282900,588000,9408000.0,795,0,4800000,0
5,480,24,2400,0.3,0.95,10000.0,0.9,1,direct_cholmod,ok,0.03978504199767485,0.015119458985282108,0.00022837499273009598,0.05513287597568706,0,0,1.158832814585256e-12,316225,-1,-1,-1,282900,588000,9408000.0,795,0,4800000,0
5,480,24,2400,0.3,0.95,10000.0,0.9,1,pcg_time_avg_chol_explicit_avgK,ok,0.039646458986680955,0.015564917004667222,0.04357775000971742,0.0987891260010656,99,0,9.698495816008831e-09,316225,-1,-1,-1,282900,588000,9408000.0,795,0,4800000,0
5,480,24,2400,0.3,0.95,10000.0,0.9,1,pcg_banded_time_avg_precision_chol,ok,0.05964137500268407,0.009446208976441994,0.0454604999977164,0.11454808397684246,99,0,9.485703090543995e-09,-1,124,2400000,2400000,282900,588000,9408000.0,795,0,4800000,0
5,480,24,2400,0.3,0.95,10000.0,0.9,7,direct_cholmod,ok,0.04071241698693484,0.016051209007855505,0.0001803330087568611,0.056943959003547207,0,0,4.590165855153989e-13,316225,-1,-1,-1,282900,588000,9408000.0,795,0,4800000,0
5,480,24,2400,0.3,0.95,10000.0,0.9,7,pcg_time_avg_chol_explicit_avgK,ok,0.04032445800839923,0.015988417027983814,0.06447558299987577,0.12078845803625882,144,0,8.84539961197409e-09,316225,-1,-1,-1,282900,588000,9408000.0,795,0,4800000,0
5,480,24,2400,0.3,0.95,10000.0,0.9,7,pcg_banded_time_avg_precision_chol,ok,0.05873329201131128,0.009999583009630442,0.06665033401804976,0.13538320903899148,144,0,9.347682916355353e-09,-1,124,2400000,2400000,282900,588000,9408000.0,795,0,4800000,0
5,480,24,2400,0.5,0.95,10000.0,0.9,0,direct_cholmod,ok,0.04034075001254678,0.015591875009704381,0.00017087499145418406,0.05610350001370534,0,0,1.6325316390959828e-12,316225,-1,-1,-1,282900,588000,9408000.0,795,0,4800000,0
5,480,24,2400,0.5,0.95,10000.0,0.9,0,pcg_time_avg_chol_explicit_avgK,ok,0.03925216701463796,0.016073749982751906,0.29893308400642127,0.35425900100381114,675,0,9.629771999280931e-09,316225,-1,-1,-1,282900,588000,9408000.0,795,0,4800000,0
5,480,24,2400,0.5,0.95,10000.0,0.9,0,pcg_banded_time_avg_precision_chol,ok,0.059171332977712154,0.009745875024236739,0.30902049998985603,0.3779377079918049,675,0,9.325864563721235e-09,-1,124,2400000,2400000,282900,588000,9408000.0,795,0,4800000,0
5,480,24,2400,0.5,0.95,10000.0,0.9,1,direct_cholmod,ok,0.03952429100172594,0.015567666996503249,0.00018166698282584548,0.055273624981055036,0,0,2.026143584937525e-12,316225,-1,-1,-1,282900,588000,9408000.0,795,0,4800000,0
5,480,24,2400,0.5,0.95,10000.0,0.9,1,pcg_time_avg_chol_explicit_avgK,ok,0.04099629100528546,0.015973500005202368,0.19194162500207312,0.24891141601256095,433,0,9.893923035016866e-09,316225,-1,-1,-1,282900,588000,9408000.0,795,0,4800000,0
5,480,24,2400,0.5,0.95,10000.0,0.9,1,pcg_banded_time_avg_precision_chol,ok,0.0591620420163963,0.009428290999494493,0.1995865839999169,0.2681769170158077,437,0,7.79509595008112e-09,-1,124,2400000,2400000,282900,588000,9408000.0,795,0,4800000,0
5,480,24,2400,0.5,0.95,10000.0,0.9,7,direct_cholmod,ok,0.040236417000414804,0.01610241600428708,0.00019725001766346395,0.05653608302236535,0,0,1.1295925506875564e-12,316225,-1,-1,-1,282900,588000,9408000.0,795,0,4800000,0
5,480,24,2400,0.5,0.95,10000.0,0.9,7,pcg_time_avg_chol_explicit_avgK,ok,0.04074154200498015,0.015947458014125004,0.3708691250067204,0.4275581250258256,832,0,9.249114845163501e-09,316225,-1,-1,-1,282900,588000,9408000.0,795,0,4800000,0
5,480,24,2400,0.5,0.95,10000.0,0.9,7,pcg_banded_time_avg_precision_chol,ok,0.059390999987954274,0.009288542001741007,0.3801195420091972,0.44879908399889246,831,0,9.357565398833424e-09,-1,124,2400000,2400000,282900,588000,9408000.0,795,0,4800000,0
5,1920,2,9600,0.1,0.95,10000.0,0.9,0,direct_cholmod,ok,0.015517291991272941,0.0028746669995598495,0.00012958401930518448,0.018521543010137975,0,0,7.913726592401935e-13,129198,-1,-1,-1,105525,240000,3840000.0,3195,0,2304000,0
5,1920,2,9600,0.1,0.95,10000.0,0.9,0,pcg_time_avg_chol_explicit_avgK,ok,0.01511545799439773,0.003408333024708554,0.007247667002957314,0.025771458022063598,28,0,8.155622534250539e-09,129198,-1,-1,-1,105525,240000,3840000.0,3195,0,2304000,0
5,1920,2,9600,0.1,0.95,10000.0,0.9,0,pcg_banded_time_avg_precision_chol,ok,0.013122625008691102,0.0009752500045578927,0.013718708010856062,0.027816583024105057,28,0,8.155648190941986e-09,-1,20,1612800,1612800,105525,240000,3840000.0,3195,0,2304000,0
5,1920,2,9600,0.1,0.95,10000.0,0.9,1,direct_cholmod,ok,0.015205042000161484,0.0031241670076269656,0.00012974999845027924,0.01845895900623873,0,0,1.9815181948045076e-12,129198,-1,-1,-1,105525,240000,3840000.0,3195,0,2304000,0
5,1920,2,9600,0.1,0.95,10000.0,0.9,1,pcg_time_avg_chol_explicit_avgK,ok,0.015624749998096377,0.002880832995288074,0.009377834008773789,0.02788341700215824,26,0,7.3496766392259675e-09,129198,-1,-1,-1,105525,240000,3840000.0,3195,0,2304000,0
5,1920,2,9600,0.1,0.95,10000.0,0.9,1,pcg_banded_time_avg_precision_chol,ok,0.014009083999553695,0.0010102500091306865,0.013883959007216617,0.028903293015901,26,0,7.34967478225502e-09,-1,20,1612800,1612800,105525,240000,3840000.0,3195,0,2304000,0
5,1920,2,9600,0.1,0.95,10000.0,0.9,7,direct_cholmod,ok,0.016444332984974608,0.002763166994554922,0.00012716601486317813,0.019334665994392708,0,0,6.60109423626642e-13,129198,-1,-1,-1,105525,240000,3840000.0,3195,0,2304000,0
5,1920,2,9600,0.1,0.95,10000.0,0.9,7,pcg_time_avg_chol_explicit_avgK,ok,0.01584837498376146,0.00364512499072589,0.007597791001899168,0.027091290976386517,27,0,5.22683817751251e-09,129198,-1,-1,-1,105525,240000,3840000.0,3195,0,2304000,0
5,1920,2,9600,0.1,0.95,10000.0,0.9,7,pcg_banded_time_avg_precision_chol,ok,0.013977541995700449,0.0010021250054705888,0.013991542014991865,0.028971209016162902,27,0,5.226862272586865e-09,-1,20,1612800,1612800,105525,240000,3840000.0,3195,0,2304000,0
5,1920,2,9600,0.3,0.95,10000.0,0.9,0,direct_cholmod,ok,0.015603584004566073,0.0028965419915039092,0.0001355840067844838,0.018635710002854466,0,0,1.5294781550997646e-12,129198,-1,-1,-1,105525,240000,3840000.0,3195,0,2304000,0
5,1920,2,9600,0.3,0.95,10000.0,0.9,0,pcg_time_avg_chol_explicit_avgK,ok,0.015823041001567617,0.002916291996371001,0.06037466699490324,0.07911399999284185,216,0,9.778514184274726e-09,129198,-1,-1,-1,105525,240000,3840000.0,3195,0,2304000,0
5,1920,2,9600,0.3,0.95,10000.0,0.9,0,pcg_banded_time_avg_precision_chol,ok,0.013528917013900355,0.0009648329869378358,0.11265091699897312,0.1271446669998113,218,0,9.63025631875973e-09,-1,20,1612800,1612800,105525,240000,3840000.0,3195,0,2304000,0
5,1920,2,9600,0.3,0.95,10000.0,0.9,1,direct_cholmod,ok,0.015492708975216374,0.003286291001131758,0.00012637500185519457,0.018905374978203326,0,0,3.069657007924226e-12,129198,-1,-1,-1,105525,240000,3840000.0,3195,0,2304000,0
5,1920,2,9600,0.3,0.95,10000.0,0.9,1,pcg_time_avg_chol_explicit_avgK,ok,0.016178332996787503,0.0027575840067584068,0.06024604200501926,0.07918195900856517,187,0,9.781697893343895e-09,129198,-1,-1,-1,105525,240000,3840000.0,3195,0,2304000,0
5,1920,2,9600,0.3,0.95,10000.0,0.9,1,pcg_banded_time_avg_precision_chol,ok,0.013619500008644536,0.0009011249931063503,0.09441570899798535,0.10893633399973623,188,0,9.591477459990886e-09,-1,20,1612800,1612800,105525,240000,3840000.0,3195,0,2304000,0
5,1920,2,9600,0.3,0.95,10000.0,0.9,7,direct_cholmod,ok,0.015486332995351404,0.003037249989574775,0.0001204160216730088,0.018643999006599188,0,0,1.2518943039498344e-12,129198,-1,-1,-1,105525,240000,3840000.0,3195,0,2304000,0
5,1920,2,9600,0.3,0.95,10000.0,0.9,7,pcg_time_avg_chol_explicit_avgK,ok,0.014902458002325147,0.0029123330023139715,0.05742633299087174,0.07524112399551086,203,0,9.637202425818794e-09,129198,-1,-1,-1,105525,240000,3840000.0,3195,0,2304000,0
5,1920,2,9600,0.3,0.95,10000.0,0.9,7,pcg_banded_time_avg_precision_chol,ok,0.013404249999439344,0.0009328750020358711,0.10205449999193661,0.11639162499341182,204,0,8.863883961592047e-09,-1,20,1612800,1612800,105525,240000,3840000.0,3195,0,2304000,0
5,1920,2,9600,0.5,0.95,10000.0,0.9,0,direct_cholmod,ok,0.015206790994852781,0.0031037080043461174,0.00011408401769585907,0.018424583016894758,0,0,4.740753204724814e-12,129198,-1,-1,-1,105525,240000,3840000.0,3195,0,2304000,0
5,1920,2,9600,0.5,0.95,10000.0,0.9,0,pcg_time_avg_chol_explicit_avgK,ok,0.0162701660010498,0.0027593749982770532,0.4501529169792775,0.46918245797860436,1482,0,9.527576892753565e-09,129198,-1,-1,-1,105525,240000,3840000.0,3195,0,2304000,0
5,1920,2,9600,0.5,0.95,10000.0,0.9,0,pcg_banded_time_avg_precision_chol,ok,0.01366962501197122,0.0009578749886713922,0.7565557089983486,0.7711832089989912,1487,0,9.792352137730968e-09,-1,20,1612800,1612800,105525,240000,3840000.0,3195,0,2304000,0
5,1920,2,9600,0.5,0.95,10000.0,0.9,1,direct_cholmod,ok,0.015715916990302503,0.0026565420266706496,0.00012533299741335213,0.018497792014386505,0,0,8.017174250083472e-12,129198,-1,-1,-1,105525,240000,3840000.0,3195,0,2304000,0
5,1920,2,9600,0.5,0.95,10000.0,0.9,1,pcg_time_avg_chol_explicit_avgK,ok,0.01603120900108479,0.0029489999869838357,0.36861087501165457,0.3875910839997232,1247,0,9.930282127983442e-09,129198,-1,-1,-1,105525,240000,3840000.0,3195,0,2304000,0
5,1920,2,9600,0.5,0.95,10000.0,0.9,1,pcg_banded_time_avg_precision_chol,ok,0.01360154099529609,0.0009782910055946559,0.6875218330242205,0.7021016650251113,1248,0,9.498867670880607e-09,-1,20,1612800,1612800,105525,240000,3840000.0,3195,0,2304000,0
5,1920,2,9600,0.5,0.95,10000.0,0.9,7,direct_cholmod,ok,0.015883250016486272,0.003294417023425922,0.00012325000716373324,0.019300917047075927,0,0,5.525360155546837e-12,129198,-1,-1,-1,105525,240000,3840000.0,3195,0,2304000,0
5,1920,2,9600,0.5,0.95,10000.0,0.9,7,pcg_time_avg_chol_explicit_avgK,ok,0.015999041992472485,0.002945458982139826,0.49156466699787416,0.5105091679724865,1515,0,8.610318885114772e-09,129198,-1,-1,-1,105525,240000,3840000.0,3195,0,2304000,0
5,1920,2,9600,0.5,0.95,10000.0,0.9,7,pcg_banded_time_avg_precision_chol,ok,0.013784625014523044,0.0014610829821322113,0.8223967920057476,0.8376425000024028,1508,0,9.550308196078623e-09,-1,20,1612800,1612800,105525,240000,3840000.0,3195,0,2304000,0
5,1920,12,9600,0.1,0.95,10000.0,0.9,0,direct_cholmod,ok,0.06324700001277961,0.01984304198413156,0.0003945839998777956,0.08348462599678896,0,0,5.355917895550659e-13,650575,-1,-1,-1,583650,1200000,19200000.0,3195,0,9984000,0
5,1920,12,9600,0.1,0.95,10000.0,0.9,0,pcg_time_avg_chol_explicit_avgK,ok,0.05995874997461215,0.01876837498275563,0.025928874994860962,0.10465599995222874,24,0,9.504513834923036e-09,650575,-1,-1,-1,583650,1200000,19200000.0,3195,0,9984000,0
5,1920,12,9600,0.1,0.95,10000.0,0.9,0,pcg_banded_time_avg_precision_chol,ok,0.08935504200053401,0.005282291996991262,0.023632708995137364,0.11827004299266264,24,0,9.504518915124516e-09,-1,64,4992000,4992000,583650,1200000,19200000.0,3195,0,9984000,0
5,1920,12,9600,0.1,0.95,10000.0,0.9,1,direct_cholmod,ok,0.06065495798247866,0.018256790994200855,0.0004505419929046184,0.07936229096958414,0,0,4.646945415667862e-13,650575,-1,-1,-1,583650,1200000,19200000.0,3195,0,9984000,0
5,1920,12,9600,0.1,0.95,10000.0,0.9,1,pcg_time_avg_chol_explicit_avgK,ok,0.061143708997406065,0.018580749980174005,0.02508504199795425,0.10480950097553432,25,0,5.833150271249468e-09,650575,-1,-1,-1,583650,1200000,19200000.0,3195,0,9984000,0
5,1920,12,9600,0.1,0.95,10000.0,0.9,1,pcg_banded_time_avg_precision_chol,ok,0.08707129099639133,0.0047937500057742,0.02276454199454747,0.114629582996713,25,0,5.8331510034886915e-09,-1,64,4992000,4992000,583650,1200000,19200000.0,3195,0,9984000,0
5,1920,12,9600,0.1,0.95,10000.0,0.9,7,direct_cholmod,ok,0.05636970800696872,0.019077040982665494,0.0005170410149730742,0.07596379000460729,0,0,4.564389056606187e-13,650575,-1,-1,-1,583650,1200000,19200000.0,3195,0,9984000,0
5,1920,12,9600,0.1,0.95,10000.0,0.9,7,pcg_time_avg_chol_explicit_avgK,ok,0.05933654200634919,0.019325166009366512,0.030583040992496535,0.10924474900821224,27,0,4.984611704196933e-09,650575,-1,-1,-1,583650,1200000,19200000.0,3195,0,9984000,0
5,1920,12,9600,0.1,0.95,10000.0,0.9,7,pcg_banded_time_avg_precision_chol,ok,0.08629391700378619,0.004826541990041733,0.029273124993778765,0.12039358398760669,27,0,4.98461435121803e-09,-1,64,4992000,4992000,583650,1200000,19200000.0,3195,0,9984000,0
5,1920,12,9600,0.3,0.95,10000.0,0.9,0,direct_cholmod,ok,0.05948458399507217,0.019370041001820937,0.0004047499969601631,0.07925937499385327,0,0,1.0846973870087758e-12,650575,-1,-1,-1,583650,1200000,19200000.0,3195,0,9984000,0
5,1920,12,9600,0.3,0.95,10000.0,0.9,0,pcg_time_avg_chol_explicit_avgK,ok,0.06309191600303166,0.01874183298787102,0.17963754100492224,0.2614712899958249,170,0,9.975793531280594e-09,650575,-1,-1,-1,583650,1200000,19200000.0,3195,0,9984000,0
5,1920,12,9600,0.3,0.95,10000.0,0.9,0,pcg_banded_time_avg_precision_chol,ok,0.08909654198214412,0.006117375014582649,0.18648258299799636,0.2816964999947231,170,0,9.780759461326722e-09,-1,64,4992000,4992000,583650,1200000,19200000.0,3195,0,9984000,0
5,1920,12,9600,0.3,0.95,10000.0,0.9,1,direct_cholmod,ok,0.05920812502154149,0.019347708992427215,0.0006891250086482614,0.07924495902261697,0,0,7.510460206841599e-13,650575,-1,-1,-1,583650,1200000,19200000.0,3195,0,9984000,0
5,1920,12,9600,0.3,0.95,10000.0,0.9,1,pcg_time_avg_chol_explicit_avgK,ok,0.05971750000026077,0.019589333998737857,0.19528637500479817,0.2745932090037968,182,0,9.962217165401447e-09,650575,-1,-1,-1,583650,1200000,19200000.0,3195,0,9984000,0
5,1920,12,9600,0.3,0.95,10000.0,0.9,1,pcg_banded_time_avg_precision_chol,ok,0.08825591602362692,0.005031000007875264,0.17735983300372027,0.27064674903522246,181,0,9.325016127393788e-09,-1,64,4992000,4992000,583650,1200000,19200000.0,3195,0,9984000,0
5,1920,12,9600,0.3,0.95,10000.0,0.9,7,direct_cholmod,ok,0.056864375015720725,0.018059791007544845,0.0005079580005258322,0.0754321240237914,0,0,8.682844061722715e-13,650575,-1,-1,-1,583650,1200000,19200000.0,3195,0,9984000,0
5,1920,12,9600,0.3,0.95,10000.0,0.9,7,pcg_time_avg_chol_explicit_avgK,ok,0.05618837499059737,0.01842504201340489,0.21832920899032615,0.2929426259943284,201,0,9.76359139984309e-09,650575,-1,-1,-1,583650,1200000,19200000.0,3195,0,9984000,0
5,1920,12,9600,0.3,0.95,10000.0,0.9,7,pcg_banded_time_avg_precision_chol,ok,0.09067391700227745,0.004969582980265841,0.20526683301432058,0.30091033299686387,200,0,9.642038103417752e-09,-1,64,4992000,4992000,583650,1200000,19200000.0,3195,0,9984000,0
5,1920,12,9600,0.5,0.95,10000.0,0.9,0,direct_cholmod,ok,0.061985833977814764,0.019478583009913564,0.0004247920005582273,0.08188920898828655,0,0,4.037677277051853e-12,650575,-1,-1,-1,583650,1200000,19200000.0,3195,0,9984000,0
5,1920,12,9600,0.5,0.95,10000.0,0.9,0,pcg_time_avg_chol_explicit_avgK,ok,0.06000962501275353,0.019698999996762723,1.1040497920184862,1.1837584170280024,1086,0,8.831084896072484e-09,650575,-1,-1,-1,583650,1200000,19200000.0,3195,0,9984000,0
5,1920,12,9600,0.5,0.95,10000.0,0.9,0,pcg_banded_time_avg_precision_chol,ok,0.08980800001882017,0.004950167000060901,1.079169416014338,1.173927583033219,1085,0,9.87327042598275e-09,-1,64,4992000,4992000,583650,1200000,19200000.0,3195,0,9984000,0
5,1920,12,9600,0.5,0.95,10000.0,0.9,1,direct_cholmod,ok,0.06113970800652169,0.019167874997947365,0.0003815829986706376,0.08068916600313969,0,0,3.198054121207953e-12,650575,-1,-1,-1,583650,1200000,19200000.0,3195,0,9984000,0
5,1920,12,9600,0.5,0.95,10000.0,0.9,1,pcg_time_avg_chol_explicit_avgK,ok,0.05848191599943675,0.019407582993153483,1.2603810000000522,1.3382704989926424,1183,0,9.892971585015668e-09,650575,-1,-1,-1,583650,1200000,19200000.0,3195,0,9984000,0
5,1920,12,9600,0.5,0.95,10000.0,0.9,1,pcg_banded_time_avg_precision_chol,ok,0.08938729099463671,0.005010499997297302,1.1980802920006681,1.2924780829926021,1180,0,9.133016567282716e-09,-1,64,4992000,4992000,583650,1200000,19200000.0,3195,0,9984000,0
5,1920,12,9600,0.5,0.95,10000.0,0.9,7,direct_cholmod,ok,0.06009487499250099,0.018360916001256555,0.0004777080030180514,0.0789334989967756,0,0,2.6262085314699668e-12,650575,-1,-1,-1,583650,1200000,19200000.0,3195,0,9984000,0
5,1920,12,9600,0.5,0.95,10000.0,0.9,7,pcg_time_avg_chol_explicit_avgK,ok,0.057880790991475806,0.017681249999441206,1.5364930419891607,1.6120550829800777,1459,0,8.785229561271166e-09,650575,-1,-1,-1,583650,1200000,19200000.0,3195,0,9984000,0
5,1920,12,9600,0.5,0.95,10000.0,0.9,7,pcg_banded_time_avg_precision_chol,ok,0.08776245798799209,0.004802332987310365,1.4581329160137102,1.5506977069890127,1451,0,9.14968213397177e-09,-1,64,4992000,4992000,583650,1200000,19200000.0,3195,0,9984000,0
5,1920,24,9600,0.1,0.95,10000.0,0.9,0,direct_cholmod,ok,0.16215374998864718,0.05758895899634808,0.0013535839971154928,0.22109629298211075,0,0,4.568144374831202e-13,1291825,-1,-1,-1,1154100,2352000,37632000.0,3195,0,19200000,0
5,1920,24,9600,0.1,0.95,10000.0,0.9,0,pcg_time_avg_chol_explicit_avgK,ok,0.1644920840044506,0.05992570798844099,0.05196666601113975,0.27638445800403133,25,0,5.573166316976467e-09,1291825,-1,-1,-1,1154100,2352000,37632000.0,3195,0,19200000,0
5,1920,24,9600,0.1,0.95,10000.0,0.9,0,pcg_banded_time_avg_precision_chol,ok,0.2440552499901969,0.037991249992046505,0.054550415981793776,0.3365969159640372,25,0,5.573162715760776e-09,-1,124,9600000,9600000,1154100,2352000,37632000.0,3195,0,19200000,0
5,1920,24,9600,0.1,0.95,10000.0,0.9,1,direct_cholmod,ok,0.1594618340022862,0.05323354201391339,0.0013387500075623393,0.21403412602376193,0,0,8.147737714993374e-13,1291825,-1,-1,-1,1154100,2352000,37632000.0,3195,0,19200000,0
5,1920,24,9600,0.1,0.95,10000.0,0.9,1,pcg_time_avg_chol_explicit_avgK,ok,0.16038074999232776,0.056244749983306974,0.054846165992785245,0.27147166596842,25,0,8.389200655479827e-09,1291825,-1,-1,-1,1154100,2352000,37632000.0,3195,0,19200000,0
5,1920,24,9600,0.1,0.95,10000.0,0.9,1,pcg_banded_time_avg_precision_chol,ok,0.24808641700656153,0.03733308400842361,0.05791241698898375,0.3433319180039689,25,0,8.389208645468658e-09,-1,124,9600000,9600000,1154100,2352000,37632000.0,3195,0,19200000,0
5,1920,24,9600,0.1,0.95,10000.0,0.9,7,direct_cholmod,ok,0.1633323330024723,0.058241083985194564,0.0006894160178489983,0.22226283300551586,0,0,4.075320504609534e-13,1291825,-1,-1,-1,1154100,2352000,37632000.0,3195,0,19200000,0
5,1920,24,9600,0.1,0.95,10000.0,0.9,7,pcg_time_avg_chol_explicit_avgK,ok,0.16100483300397173,0.057820500020170584,0.05273945798398927,0.2715647910081316,27,0,5.043826831541058e-09,1291825,-1,-1,-1,1154100,2352000,37632000.0,3195,0,19200000,0
5,1920,24,9600,0.1,0.95,10000.0,0.9,7,pcg_banded_time_avg_precision_chol,ok,0.24873204200412147,0.03924408298917115,0.06034012499731034,0.34831624999060296,27,0,5.043825575918648e-09,-1,124,9600000,9600000,1154100,2352000,37632000.0,3195,0,19200000,0
5,1920,24,9600,0.3,0.95,10000.0,0.9,0,direct_cholmod,ok,0.1606580420047976,0.05928154199500568,0.0008610839722678065,0.2208006679720711,0,0,9.348923484803622e-13,1291825,-1,-1,-1,1154100,2352000,37632000.0,3195,0,19200000,0
5,1920,24,9600,0.3,0.95,10000.0,0.9,0,pcg_time_avg_chol_explicit_avgK,ok,0.1600633750203997,0.06020495900884271,0.38149800000246614,0.6017663340317085,177,0,8.28606872733543e-09,1291825,-1,-1,-1,1154100,2352000,37632000.0,3195,0,19200000,0
5,1920,24,9600,0.3,0.95,10000.0,0.9,0,pcg_banded_time_avg_precision_chol,ok,0.24611391601501964,0.03802800000994466,0.3849528749997262,0.6690947910246905,176,0,9.044644531191318e-09,-1,124,9600000,9600000,1154100,2352000,37632000.0,3195,0,19200000,0
5,1920,24,9600,0.3,0.95,10000.0,0.9,1,direct_cholmod,ok,0.1637198330136016,0.057947041001170874,0.0010049580014310777,0.22267183201620355,0,0,1.2659833679266792e-12,1291825,-1,-1,-1,1154100,2352000,37632000.0,3195,0,19200000,0
5,1920,24,9600,0.3,0.95,10000.0,0.9,1,pcg_time_avg_chol_explicit_avgK,ok,0.16428641698439606,0.058821959013585,0.3853118330007419,0.608420208998723,184,0,8.961676133158108e-09,1291825,-1,-1,-1,1154100,2352000,37632000.0,3195,0,19200000,0
5,1920,24,9600,0.3,0.95,10000.0,0.9,1,pcg_banded_time_avg_precision_chol,ok,0.24464883300242946,0.03700516698881984,0.3947528330027126,0.6764068329939619,184,0,9.4010166738503e-09,-1,124,9600000,9600000,1154100,2352000,37632000.0,3195,0,19200000,0
5,1920,24,9600,0.3,0.95,10000.0,0.9,7,direct_cholmod,ok,0.16526158401393332,0.05579695801134221,0.0008232499822042882,0.22188179200747982,0,0,7.577431757972099e-13,1291825,-1,-1,-1,1154100,2352000,37632000.0,3195,0,19200000,0
5,1920,24,9600,0.3,0.95,10000.0,0.9,7,pcg_time_avg_chol_explicit_avgK,ok,0.16172937498777173,0.05730933300219476,0.3940689580049366,0.6131076659949031,201,0,8.638413926071977e-09,1291825,-1,-1,-1,1154100,2352000,37632000.0,3195,0,19200000,0
5,1920,24,9600,0.3,0.95,10000.0,0.9,7,pcg_banded_time_avg_precision_chol,ok,0.23942958400584757,0.03773725000792183,0.40727895800955594,0.6844457920233253,201,0,9.708844132300054e-09,-1,124,9600000,9600000,1154100,2352000,37632000.0,3195,0,19200000,0
5,1920,24,9600,0.5,0.95,10000.0,0.9,0,direct_cholmod,ok,0.16119254098157398,0.05744649999542162,0.0009705410047899932,0.2196095819817856,0,0,3.0879030648139775e-12,1291825,-1,-1,-1,1154100,2352000,37632000.0,3195,0,19200000,0
5,1920,24,9600,0.5,0.95,10000.0,0.9,0,pcg_time_avg_chol_explicit_avgK,ok,0.15972791699459776,0.05725033301860094,2.2982872080174275,2.515265458030626,1144,0,9.660711855990455e-09,1291825,-1,-1,-1,1154100,2352000,37632000.0,3195,0,19200000,0
5,1920,24,9600,0.5,0.95,10000.0,0.9,0,pcg_banded_time_avg_precision_chol,ok,0.24366179198841564,0.03775762501754798,2.454302625003038,2.7357220420090016,1144,0,9.811044431458495e-09,-1,124,9600000,9600000,1154100,2352000,37632000.0,3195,0,19200000,0
5,1920,24,9600,0.5,0.95,10000.0,0.9,1,direct_cholmod,ok,0.16768012501415797,0.058856791991274804,0.0012581670016516,0.22779508400708437,0,0,3.057166727797868e-12,1291825,-1,-1,-1,1154100,2352000,37632000.0,3195,0,19200000,0
5,1920,24,9600,0.5,0.95,10000.0,0.9,1,pcg_time_avg_chol_explicit_avgK,ok,0.1633366250025574,0.05712754197884351,2.413078500016127,2.6335426669975277,1190,0,9.851274244760773e-09,1291825,-1,-1,-1,1154100,2352000,37632000.0,3195,0,19200000,0
5,1920,24,9600,0.5,0.95,10000.0,0.9,1,pcg_banded_time_avg_precision_chol,ok,0.24292904100730084,0.036575500009348616,2.462571125011891,2.7420756660285406,1194,0,8.769838861660538e-09,-1,124,9600000,9600000,1154100,2352000,37632000.0,3195,0,19200000,0
5,1920,24,9600,0.5,0.95,10000.0,0.9,7,direct_cholmod,ok,0.16044979100115597,0.057914250006433576,0.0007327079947572201,0.21909674900234677,0,0,2.6825086601592898e-12,1291825,-1,-1,-1,1154100,2352000,37632000.0,3195,0,19200000,0
5,1920,24,9600,0.5,0.95,10000.0,0.9,7,pcg_time_avg_chol_explicit_avgK,ok,0.1634429160039872,0.058782959007658064,3.0619911669928115,3.2842170420044567,1429,0,9.881732360525093e-09,1291825,-1,-1,-1,1154100,2352000,37632000.0,3195,0,19200000,0
5,1920,24,9600,0.5,0.95,10000.0,0.9,7,pcg_banded_time_avg_precision_chol,ok,0.2483912500028964,0.03817174999858253,2.9631233330001123,3.2496863330015913,1416,0,9.48518930970815e-09,-1,124,9600000,9600000,1154100,2352000,37632000.0,3195,0,19200000,0
5,5000,2,25000,0.1,0.95,10000.0,0.9,0,direct_cholmod,ok,0.042354125005658716,0.00802091701189056,0.00031758297700434923,0.050692624994553626,0,0,7.824760380943918e-13,336580,-1,-1,-1,274925,625000,10000000.0,8325,0,6000000,0
5,5000,2,25000,0.1,0.95,10000.0,0.9,0,pcg_time_avg_chol_explicit_avgK,ok,0.043523541011381894,0.007510708004701883,0.033620000001974404,0.08465424901805818,30,0,6.220337699917245e-09,336580,-1,-1,-1,274925,625000,10000000.0,8325,0,6000000,0
5,5000,2,25000,0.1,0.95,10000.0,0.9,0,pcg_banded_time_avg_precision_chol,ok,0.03479695800342597,0.002727665996644646,0.05099625000730157,0.08852087400737219,30,0,6.220350439336562e-09,-1,20,4200000,4200000,274925,625000,10000000.0,8325,0,6000000,0
5,5000,2,25000,0.1,0.95,10000.0,0.9,1,direct_cholmod,ok,0.0424331669928506,0.0077160419896245,0.000280875014141202,0.050430083996616304,0,0,1.9631793559227486e-12,336580,-1,-1,-1,274925,625000,10000000.0,8325,0,6000000,0
5,5000,2,25000,0.1,0.95,10000.0,0.9,1,pcg_time_avg_chol_explicit_avgK,ok,0.04290958298952319,0.007815624994691461,0.029725041007623076,0.08045024899183773,28,0,7.6532420156914e-09,336580,-1,-1,-1,274925,625000,10000000.0,8325,0,6000000,0
5,5000,2,25000,0.1,0.95,10000.0,0.9,1,pcg_banded_time_avg_precision_chol,ok,0.03544554198742844,0.0026848750130739063,0.0477812500030268,0.08591166700352915,28,0,7.653255855207807e-09,-1,20,4200000,4200000,274925,625000,10000000.0,8325,0,6000000,0
5,5000,2,25000,0.1,0.95,10000.0,0.9,7,direct_cholmod,ok,0.04247949999989942,0.007485915994038805,0.0003515839925967157,0.05031699998653494,0,0,6.370327420514118e-13,336580,-1,-1,-1,274925,625000,10000000.0,8325,0,6000000,0
5,5000,2,25000,0.1,0.95,10000.0,0.9,7,pcg_time_avg_chol_explicit_avgK,ok,0.04249704099493101,0.007515500008594245,0.03359454098972492,0.08360708199325018,30,0,5.622664183970352e-09,336580,-1,-1,-1,274925,625000,10000000.0,8325,0,6000000,0
5,5000,2,25000,0.1,0.95,10000.0,0.9,7,pcg_banded_time_avg_precision_chol,ok,0.03673258298658766,0.0025231660110875964,0.051916625001467764,0.09117237399914302,30,0,5.622665590718128e-09,-1,20,4200000,4200000,274925,625000,10000000.0,8325,0,6000000,0
5,5000,2,25000,0.3,0.95,10000.0,0.9,0,direct_cholmod,ok,0.042391916998894885,0.007942166004795581,0.0003401669964659959,0.05067425000015646,0,0,1.4307078023598982e-12,336580,-1,-1,-1,274925,625000,10000000.0,8325,0,6000000,0
5,5000,2,25000,0.3,0.95,10000.0,0.9,0,pcg_time_avg_chol_explicit_avgK,ok,0.043487625021953136,0.007374834007350728,0.2773072090058122,0.32816966803511605,268,0,9.511419543709386e-09,336580,-1,-1,-1,274925,625000,10000000.0,8325,0,6000000,0
5,5000,2,25000,0.3,0.95,10000.0,0.9,0,pcg_banded_time_avg_precision_chol,ok,0.03675687502254732,0.002628415997605771,0.4302970419812482,0.4696823330014013,268,0,8.992929696034986e-09,-1,20,4200000,4200000,274925,625000,10000000.0,8325,0,6000000,0
5,5000,2,25000,0.3,0.95,10000.0,0.9,1,direct_cholmod,ok,0.04240358399692923,0.007251375005580485,0.0003084579948335886,0.0499634169973433,0,0,3.0720932370479445e-12,336580,-1,-1,-1,274925,625000,10000000.0,8325,0,6000000,0
5,5000,2,25000,0.3,0.95,10000.0,0.9,1,pcg_time_avg_chol_explicit_avgK,ok,0.04134850000264123,0.007400917005725205,0.25408754200907424,0.3028369590174407,257,0,9.760443715175557e-09,336580,-1,-1,-1,274925,625000,10000000.0,8325,0,6000000,0
5,5000,2,25000,0.3,0.95,10000.0,0.9,1,pcg_banded_time_avg_precision_chol,ok,0.03568079200340435,0.002490167011274025,0.4086738340265583,0.4468447930412367,258,0,8.940313773516177e-09,-1,20,4200000,4200000,274925,625000,10000000.0,8325,0,6000000,0
5,5000,2,25000,0.3,0.95,10000.0,0.9,7,direct_cholmod,ok,0.04185949999373406,0.007371082989266142,0.00037662501563318074,0.049607207998633385,0,0,1.3223819750229993e-12,336580,-1,-1,-1,274925,625000,10000000.0,8325,0,6000000,0
5,5000,2,25000,0.3,0.95,10000.0,0.9,7,pcg_time_avg_chol_explicit_avgK,ok,0.041175291989929974,0.008076875004917383,0.30550750001566485,0.3547596670105122,296,0,7.98021101145551e-09,336580,-1,-1,-1,274925,625000,10000000.0,8325,0,6000000,0
5,5000,2,25000,0.3,0.95,10000.0,0.9,7,pcg_banded_time_avg_precision_chol,ok,0.03551895898999646,0.002612082986161113,0.4744071669992991,0.5125382089754567,295,0,9.122518149633375e-09,-1,20,4200000,4200000,274925,625000,10000000.0,8325,0,6000000,0
5,5000,2,25000,0.5,0.95,10000.0,0.9,0,direct_cholmod,ok,0.04661479199421592,0.007318124989978969,0.000302250002278015,0.054235166986472905,0,0,4.73222693929725e-12,336580,-1,-1,-1,274925,625000,10000000.0,8325,0,6000000,0
5,5000,2,25000,0.5,0.95,10000.0,0.9,0,pcg_time_avg_chol_explicit_avgK,ok,0.04319075000239536,0.0073311250016558915,2.2636095419875346,2.314131416991586,2212,0,9.34518665779492e-09,336580,-1,-1,-1,274925,625000,10000000.0,8325,0,6000000,0
5,5000,2,25000,0.5,0.95,10000.0,0.9,0,pcg_banded_time_avg_precision_chol,ok,0.0356742920121178,0.002868541021598503,3.632456292019924,3.6709991250536405,2218,0,9.563674309826878e-09,-1,20,4200000,4200000,274925,625000,10000000.0,8325,0,6000000,0
5,5000,2,25000,0.5,0.95,10000.0,0.9,1,direct_cholmod,ok,0.04313391700270586,0.008555292006349191,0.0003250839945394546,0.0520142930035945,0,0,8.636447497973617e-12,336580,-1,-1,-1,274925,625000,10000000.0,8325,0,6000000,0
5,5000,2,25000,0.5,0.95,10000.0,0.9,1,pcg_time_avg_chol_explicit_avgK,ok,0.045247625006595626,0.007961249997606501,2.1105131250224076,2.1637220000266097,2098,0,9.815956263771813e-09,336580,-1,-1,-1,274925,625000,10000000.0,8325,0,6000000,0
5,5000,2,25000,0.5,0.95,10000.0,0.9,1,pcg_banded_time_avg_precision_chol,ok,0.03609283399418928,0.002502624993212521,3.244715874985559,3.2833113339729607,2098,0,9.913887960803464e-09,-1,20,4200000,4200000,274925,625000,10000000.0,8325,0,6000000,0
5,5000,2,25000,0.5,0.95,10000.0,0.9,7,direct_cholmod,ok,0.043997042026603594,0.0075547499873209745,0.0006128340028226376,0.052164626016747206,0,0,6.039742363095368e-12,336580,-1,-1,-1,274925,625000,10000000.0,8325,0,6000000,0
5,5000,2,25000,0.5,0.95,10000.0,0.9,7,pcg_time_avg_chol_explicit_avgK,ok,0.04555124999023974,0.00762595800915733,2.6453173749905545,2.6984945829899516,2767,0,9.347129896895145e-09,336580,-1,-1,-1,274925,625000,10000000.0,8325,0,6000000,0
5,5000,2,25000,0.5,0.95,10000.0,0.9,7,pcg_banded_time_avg_precision_chol,ok,0.0363311670080293,0.0025156670017167926,4.3212179169931915,4.3600647510029376,2767,0,9.830922159340664e-09,-1,20,4200000,4200000,274925,625000,10000000.0,8325,0,6000000,0
5,5000,12,25000,0.1,0.95,10000.0,0.9,0,direct_cholmod,ok,0.1636427920020651,0.05172704200958833,0.001099709013942629,0.21646954302559607,0,0,5.652042463911195e-13,1697750,-1,-1,-1,1523050,3125000,50000000.0,8325,0,26000000,0
5,5000,12,25000,0.1,0.95,10000.0,0.9,0,pcg_time_avg_chol_explicit_avgK,ok,0.16722983299405314,0.05056912498548627,0.0783600419817958,0.2961589999613352,25,0,9.42409082950493e-09,1697750,-1,-1,-1,1523050,3125000,50000000.0,8325,0,26000000,0
5,5000,12,25000,0.1,0.95,10000.0,0.9,0,pcg_banded_time_avg_precision_chol,ok,0.23477145802462474,0.013752124999882653,0.07321745797526091,0.3217410409997683,25,0,9.424100685051382e-09,-1,64,13000000,13000000,1523050,3125000,50000000.0,8325,0,26000000,0
5,5000,12,25000,0.1,0.95,10000.0,0.9,1,direct_cholmod,ok,0.16078133299015462,0.054921167000429705,0.0012252089800313115,0.21692770897061564,0,0,4.4006095751483e-13,1697750,-1,-1,-1,1523050,3125000,50000000.0,8325,0,26000000,0
5,5000,12,25000,0.1,0.95,10000.0,0.9,1,pcg_time_avg_chol_explicit_avgK,ok,0.1611197500023991,0.05066187502234243,0.07869204098824412,0.29047366601298563,27,0,8.806352130774746e-09,1697750,-1,-1,-1,1523050,3125000,50000000.0,8325,0,26000000,0
5,5000,12,25000,0.1,0.95,10000.0,0.9,1,pcg_banded_time_avg_precision_chol,ok,0.2378138340136502,0.013511333003407344,0.08607887499965727,0.3374040420167148,27,0,8.806356504142486e-09,-1,64,13000000,13000000,1523050,3125000,50000000.0,8325,0,26000000,0
5,5000,12,25000,0.1,0.95,10000.0,0.9,7,direct_cholmod,ok,0.1579960839881096,0.04997399999410845,0.0011493339843582362,0.2091194179665763,0,0,4.683310529871136e-13,1697750,-1,-1,-1,1523050,3125000,50000000.0,8325,0,26000000,0
5,5000,12,25000,0.1,0.95,10000.0,0.9,7,pcg_time_avg_chol_explicit_avgK,ok,0.1571237499883864,0.05056712499936111,0.08408020797651261,0.29177108296426013,29,0,8.986741496606457e-09,1697750,-1,-1,-1,1523050,3125000,50000000.0,8325,0,26000000,0
5,5000,12,25000,0.1,0.95,10000.0,0.9,7,pcg_banded_time_avg_precision_chol,ok,0.23381912498734891,0.013448582991259173,0.09609812498092651,0.3433658329595346,29,0,8.986741167348705e-09,-1,64,13000000,13000000,1523050,3125000,50000000.0,8325,0,26000000,0
5,5000,12,25000,0.3,0.95,10000.0,0.9,0,direct_cholmod,ok,0.158303625008557,0.05046066700015217,0.001793915987946093,0.21055820799665526,0,0,1.130454857827646e-12,1697750,-1,-1,-1,1523050,3125000,50000000.0,8325,0,26000000,0
5,5000,12,25000,0.3,0.95,10000.0,0.9,0,pcg_time_avg_chol_explicit_avgK,ok,0.15742775000398979,0.051968375017168,0.592785416985862,0.8021815420070197,202,0,9.633008762138971e-09,1697750,-1,-1,-1,1523050,3125000,50000000.0,8325,0,26000000,0
5,5000,12,25000,0.3,0.95,10000.0,0.9,0,pcg_banded_time_avg_precision_chol,ok,0.23424449999583885,0.013308042020071298,0.6470788749866188,0.8946314170025289,202,0,9.70499254865849e-09,-1,64,13000000,13000000,1523050,3125000,50000000.0,8325,0,26000000,0
5,5000,12,25000,0.3,0.95,10000.0,0.9,1,direct_cholmod,ok,0.1590534159913659,0.05212279100669548,0.001299124996876344,0.21247533199493773,0,0,7.279105306710915e-13,1697750,-1,-1,-1,1523050,3125000,50000000.0,8325,0,26000000,0
5,5000,12,25000,0.3,0.95,10000.0,0.9,1,pcg_time_avg_chol_explicit_avgK,ok,0.15700125001603737,0.04989083300461061,0.7496638750017155,0.9565559580223635,248,0,9.70877175886222e-09,1697750,-1,-1,-1,1523050,3125000,50000000.0,8325,0,26000000,0
5,5000,12,25000,0.3,0.95,10000.0,0.9,1,pcg_banded_time_avg_precision_chol,ok,0.2399150830169674,0.013149666978279129,0.8216450840118341,1.0747098340070806,249,0,9.69519513086106e-09,-1,64,13000000,13000000,1523050,3125000,50000000.0,8325,0,26000000,0
5,5000,12,25000,0.3,0.95,10000.0,0.9,7,direct_cholmod,ok,0.16523716601659544,0.05364625001675449,0.001177832979010418,0.22006124901236035,0,0,8.786789078866856e-13,1697750,-1,-1,-1,1523050,3125000,50000000.0,8325,0,26000000,0
5,5000,12,25000,0.3,0.95,10000.0,0.9,7,pcg_time_avg_chol_explicit_avgK,ok,0.15556395801831968,0.049825916008558124,0.8552584160061087,1.0606482900329866,292,0,9.550969919455454e-09,1697750,-1,-1,-1,1523050,3125000,50000000.0,8325,0,26000000,0
5,5000,12,25000,0.3,0.95,10000.0,0.9,7,pcg_banded_time_avg_precision_chol,ok,0.23057991699897684,0.013262916007079184,0.920343125006184,1.16418595801224,292,0,9.363025584066955e-09,-1,64,13000000,13000000,1523050,3125000,50000000.0,8325,0,26000000,0
5,5000,12,25000,0.5,0.95,10000.0,0.9,0,direct_cholmod,ok,0.154360791988438,0.04935229098191485,0.0018877080001402646,0.2056007909704931,0,0,4.5619155622097956e-12,1697750,-1,-1,-1,1523050,3125000,50000000.0,8325,0,26000000,0
5,5000,12,25000,0.5,0.95,10000.0,0.9,0,pcg_time_avg_chol_explicit_avgK,ok,0.1569477909943089,0.05099570800666697,4.3544512079970445,4.56239470699802,1474,0,9.927472557411149e-09,1697750,-1,-1,-1,1523050,3125000,50000000.0,8325,0,26000000,0
5,5000,12,25000,0.5,0.95,10000.0,0.9,0,pcg_banded_time_avg_precision_chol,ok,0.23501487501198426,0.013463750015944242,4.753480250015855,5.001958875043783,1475,0,9.135517581292434e-09,-1,64,13000000,13000000,1523050,3125000,50000000.0,8325,0,26000000,0
5,5000,12,25000,0.5,0.95,10000.0,0.9,1,direct_cholmod,ok,0.15899483300745487,0.05041083399555646,0.0010748749773483723,0.2104805419803597,0,0,2.582309719997032e-12,1697750,-1,-1,-1,1523050,3125000,50000000.0,8325,0,26000000,0
5,5000,12,25000,0.5,0.95,10000.0,0.9,1,pcg_time_avg_chol_explicit_avgK,ok,0.16014254197943956,0.05200933400192298,5.984080124995671,6.196232000977034,1995,0,9.626808941524026e-09,1697750,-1,-1,-1,1523050,3125000,50000000.0,8325,0,26000000,0
5,5000,12,25000,0.5,0.95,10000.0,0.9,1,pcg_banded_time_avg_precision_chol,ok,0.23781254098867066,0.013996583002153784,6.61087883298751,6.862687956978334,2001,0,9.954937728409036e-09,-1,64,13000000,13000000,1523050,3125000,50000000.0,8325,0,26000000,0
5,5000,12,25000,0.5,0.95,10000.0,0.9,7,direct_cholmod,ok,0.16158679200452752,0.052079166984185576,0.0012997500016354024,0.2149657089903485,0,0,2.601952663066771e-12,1697750,-1,-1,-1,1523050,3125000,50000000.0,8325,0,26000000,0
5,5000,12,25000,0.5,0.95,10000.0,0.9,7,pcg_time_avg_chol_explicit_avgK,ok,0.16114545799791813,0.05255762502201833,7.9347632080025505,8.148466291022487,2737,0,9.522914861357394e-09,1697750,-1,-1,-1,1523050,3125000,50000000.0,8325,0,26000000,0
5,5000,12,25000,0.5,0.95,10000.0,0.9,7,pcg_banded_time_avg_precision_chol,ok,0.23872345802374184,0.013317957986146212,8.417438499978743,8.669479915988632,2734,0,8.872032093655603e-09,-1,64,13000000,13000000,1523050,3125000,50000000.0,8325,0,26000000,0
5,5000,24,25000,0.1,0.95,10000.0,0.9,0,direct_cholmod,ok,0.4549604580097366,0.15213495801435784,0.0024715410254430026,0.6095669570495375,0,0,4.4536316031688794e-13,3378425,-1,-1,-1,3017500,6125000,98000000.0,8325,0,50000000,0
5,5000,24,25000,0.1,0.95,10000.0,0.9,0,pcg_time_avg_chol_explicit_avgK,ok,0.43478400001185946,0.14393379099783488,0.15325099998153746,0.7319687909912318,26,0,5.264120882899113e-09,3378425,-1,-1,-1,3017500,6125000,98000000.0,8325,0,50000000,0
5,5000,24,25000,0.1,0.95,10000.0,0.9,0,pcg_banded_time_avg_precision_chol,ok,0.6360797080269549,0.10205404099542648,0.15092116699088365,0.889054916013265,26,0,5.2641238475434884e-09,-1,124,25000000,25000000,3017500,6125000,98000000.0,8325,0,50000000,0
5,5000,24,25000,0.1,0.95,10000.0,0.9,1,direct_cholmod,ok,0.43763591698370874,0.14731379100703634,0.0022701249981764704,0.5872198329889216,0,0,8.338538704641711e-13,3378425,-1,-1,-1,3017500,6125000,98000000.0,8325,0,50000000,0
5,5000,24,25000,0.1,0.95,10000.0,0.9,1,pcg_time_avg_chol_explicit_avgK,ok,0.43245637498330325,0.14982087499811314,0.16139225001097657,0.743669499992393,28,0,7.067387741884108e-09,3378425,-1,-1,-1,3017500,6125000,98000000.0,8325,0,50000000,0
5,5000,24,25000,0.1,0.95,10000.0,0.9,1,pcg_banded_time_avg_precision_chol,ok,0.6414034999907017,0.09649504098342732,0.16382279101526365,0.9017213319893926,28,0,7.067381923680266e-09,-1,124,25000000,25000000,3017500,6125000,98000000.0,8325,0,50000000,0
5,5000,24,25000,0.1,0.95,10000.0,0.9,7,direct_cholmod,ok,0.4329392910003662,0.14708699999027885,0.0024712500162422657,0.5824975410068873,0,0,3.9357430138255633e-13,3378425,-1,-1,-1,3017500,6125000,98000000.0,8325,0,50000000,0
5,5000,24,25000,0.1,0.95,10000.0,0.9,7,pcg_time_avg_chol_explicit_avgK,ok,0.4423942500143312,0.14640962501289323,0.1733974999806378,0.7622013750078622,30,0,6.0309830301768366e-09,3378425,-1,-1,-1,3017500,6125000,98000000.0,8325,0,50000000,0
5,5000,24,25000,0.1,0.95,10000.0,0.9,7,pcg_banded_time_avg_precision_chol,ok,0.6441367090155836,0.09648645800189115,0.1730663329944946,0.9136895000119694,30,0,6.030983742862421e-09,-1,124,25000000,25000000,3017500,6125000,98000000.0,8325,0,50000000,0
5,5000,24,25000,0.3,0.95,10000.0,0.9,0,direct_cholmod,ok,0.4350480840075761,0.14583058300195262,0.0021748330036643893,0.5830535000131931,0,0,9.039108439459197e-13,3378425,-1,-1,-1,3017500,6125000,98000000.0,8325,0,50000000,0
5,5000,24,25000,0.3,0.95,10000.0,0.9,0,pcg_time_avg_chol_explicit_avgK,ok,0.43673399998806417,0.14585274999262765,1.2043400000256952,1.786926750006387,207,0,9.657246372247423e-09,3378425,-1,-1,-1,3017500,6125000,98000000.0,8325,0,50000000,0
5,5000,24,25000,0.3,0.95,10000.0,0.9,0,pcg_banded_time_avg_precision_chol,ok,0.648653666023165,0.09585225000046194,1.2383013330108952,1.982807249034522,207,0,9.657236912389583e-09,-1,124,25000000,25000000,3017500,6125000,98000000.0,8325,0,50000000,0
5,5000,24,25000,0.3,0.95,10000.0,0.9,1,direct_cholmod,ok,0.4349461249948945,0.14686199999414384,0.0030759170185774565,0.5848840420076158,0,0,1.324948045601654e-12,3378425,-1,-1,-1,3017500,6125000,98000000.0,8325,0,50000000,0
5,5000,24,25000,0.3,0.95,10000.0,0.9,1,pcg_time_avg_chol_explicit_avgK,ok,0.433866167004453,0.14767087501240894,1.4299139579816256,2.0114509999984875,245,0,9.084632638266373e-09,3378425,-1,-1,-1,3017500,6125000,98000000.0,8325,0,50000000,0
5,5000,24,25000,0.3,0.95,10000.0,0.9,1,pcg_banded_time_avg_precision_chol,ok,0.639685375004774,0.09585599999991246,1.4602512499841396,2.195792624988826,244,0,9.990309536307185e-09,-1,124,25000000,25000000,3017500,6125000,98000000.0,8325,0,50000000,0
5,5000,24,25000,0.3,0.95,10000.0,0.9,7,direct_cholmod,ok,0.440070333017502,0.14593708398751915,0.002210750011727214,0.5882181670167483,0,0,7.394502587842754e-13,3378425,-1,-1,-1,3017500,6125000,98000000.0,8325,0,50000000,0
5,5000,24,25000,0.3,0.95,10000.0,0.9,7,pcg_time_avg_chol_explicit_avgK,ok,0.4352412089938298,0.14461179199861363,1.7341873339901213,2.3140403349825647,300,0,9.524274342305714e-09,3378425,-1,-1,-1,3017500,6125000,98000000.0,8325,0,50000000,0
5,5000,24,25000,0.3,0.95,10000.0,0.9,7,pcg_banded_time_avg_precision_chol,ok,0.6423859590140637,0.09497158401063643,1.8541711249854416,2.5915286680101417,301,0,9.287324237221931e-09,-1,124,25000000,25000000,3017500,6125000,98000000.0,8325,0,50000000,0
5,5000,24,25000,0.5,0.95,10000.0,0.9,0,direct_cholmod,ok,0.4332274999760557,0.14787862499360926,0.0021755420020781457,0.5832816669717431,0,0,4.222184708866817e-12,3378425,-1,-1,-1,3017500,6125000,98000000.0,8325,0,50000000,0
5,5000,24,25000,0.5,0.95,10000.0,0.9,0,pcg_time_avg_chol_explicit_avgK,ok,0.4340342080104165,0.14781804199446924,9.19133333399077,9.773185583995655,1554,0,9.965639666079865e-09,3378425,-1,-1,-1,3017500,6125000,98000000.0,8325,0,50000000,0
5,5000,24,25000,0.5,0.95,10000.0,0.9,0,pcg_banded_time_avg_precision_chol,ok,0.6451755829912145,0.0987748330226168,9.073857917013811,9.817808333027642,1556,0,9.986716064625346e-09,-1,124,25000000,25000000,3017500,6125000,98000000.0,8325,0,50000000,0
5,5000,24,25000,0.5,0.95,10000.0,0.9,1,direct_cholmod,ok,0.43543683300958946,0.14693483299924992,0.0022787089983467013,0.5846503750071861,0,0,4.658233811851367e-12,3378425,-1,-1,-1,3017500,6125000,98000000.0,8325,0,50000000,0
5,5000,24,25000,0.5,0.95,10000.0,0.9,1,pcg_time_avg_chol_explicit_avgK,ok,0.43366979199345224,0.14507108301040716,11.109012708009686,11.687753583013546,1985,0,9.85602977794601e-09,3378425,-1,-1,-1,3017500,6125000,98000000.0,8325,0,50000000,0
5,5000,24,25000,0.5,0.95,10000.0,0.9,1,pcg_banded_time_avg_precision_chol,ok,0.6392230000055861,0.0965196670149453,11.373088541004108,12.10883120802464,1994,0,9.691488307432046e-09,-1,124,25000000,25000000,3017500,6125000,98000000.0,8325,0,50000000,0
5,5000,24,25000,0.5,0.95,10000.0,0.9,7,direct_cholmod,ok,0.42983958398690447,0.14474508300190791,0.002546584000810981,0.5771312509896234,0,0,2.649018363745898e-12,3378425,-1,-1,-1,3017500,6125000,98000000.0,8325,0,50000000,0
5,5000,24,25000,0.5,0.95,10000.0,0.9,7,pcg_time_avg_chol_explicit_avgK,ok,0.43728745900443755,0.14759887498803437,15.440658667008393,16.025545001000864,2751,0,9.817118015477331e-09,3378425,-1,-1,-1,3017500,6125000,98000000.0,8325,0,50000000,0
5,5000,24,25000,0.5,0.95,10000.0,0.9,7,pcg_banded_time_avg_precision_chol,ok,0.6302017499983776,0.09611745798611082,16.012591083999723,16.73891029198421,2753,0,9.909719455778593e-09,-1,124,25000000,25000000,3017500,6125000,98000000.0,8325,0,50000000,0
5,10000,2,50000,0.1,0.95,10000.0,0.9,0,direct_cholmod,ok,0.08787262497935444,0.015422416996443644,0.0006270419980864972,0.10392208397388458,0,0,8.209093182770612e-13,673249,-1,-1,-1,549925,1250000,20000000.0,16660,0,12000000,0
5,10000,2,50000,0.1,0.95,10000.0,0.9,0,pcg_time_avg_chol_explicit_avgK,ok,0.08710733300540596,0.01534579202416353,0.06159599998500198,0.16404912501457147,33,0,5.83691213805523e-09,673249,-1,-1,-1,549925,1250000,20000000.0,16660,0,12000000,0
5,10000,2,50000,0.1,0.95,10000.0,0.9,0,pcg_banded_time_avg_precision_chol,ok,0.07087179101654328,0.004779334005434066,0.09914416700485162,0.17479529202682897,33,0,5.836913647919477e-09,-1,20,8400000,8400000,549925,1250000,20000000.0,16660,0,12000000,0
5,10000,2,50000,0.1,0.95,10000.0,0.9,1,direct_cholmod,ok,0.08498137499555014,0.016027667006710544,0.0012728330038953573,0.10228187500615604,0,0,2.061584921848847e-12,673249,-1,-1,-1,549925,1250000,20000000.0,16660,0,12000000,0
5,10000,2,50000,0.1,0.95,10000.0,0.9,1,pcg_time_avg_chol_explicit_avgK,ok,0.0880594999762252,0.015034042007755488,0.05723162498907186,0.16032516697305255,32,0,9.672296981482451e-09,673249,-1,-1,-1,549925,1250000,20000000.0,16660,0,12000000,0
5,10000,2,50000,0.1,0.95,10000.0,0.9,1,pcg_banded_time_avg_precision_chol,ok,0.07061895800870843,0.004792166990227997,0.0945893750176765,0.17000050001661293,32,0,9.672309300442689e-09,-1,20,8400000,8400000,549925,1250000,20000000.0,16660,0,12000000,0
5,10000,2,50000,0.1,0.95,10000.0,0.9,7,direct_cholmod,ok,0.08656433300347999,0.015717500005848706,0.000592166994465515,0.10287400000379421,0,0,6.577833712237694e-13,673249,-1,-1,-1,549925,1250000,20000000.0,16660,0,12000000,0
5,10000,2,50000,0.1,0.95,10000.0,0.9,7,pcg_time_avg_chol_explicit_avgK,ok,0.0901697920053266,0.015392208995763212,0.056571041990537196,0.162133042991627,30,0,7.333553875717615e-09,673249,-1,-1,-1,549925,1250000,20000000.0,16660,0,12000000,0
5,10000,2,50000,0.1,0.95,10000.0,0.9,7,pcg_banded_time_avg_precision_chol,ok,0.07156974999816157,0.004777541995281354,0.09297683299519122,0.16932412498863414,30,0,7.333554873121747e-09,-1,20,8400000,8400000,549925,1250000,20000000.0,16660,0,12000000,0
5,10000,2,50000,0.3,0.95,10000.0,0.9,0,direct_cholmod,ok,0.08460654199006967,0.015036791010061279,0.0006920419982634485,0.1003353749983944,0,0,1.4512366100157955e-12,673249,-1,-1,-1,549925,1250000,20000000.0,16660,0,12000000,0
5,10000,2,50000,0.3,0.95,10000.0,0.9,0,pcg_time_avg_chol_explicit_avgK,ok,0.08791008300613612,0.015575707977404818,0.6685936660214793,0.7720794570050202,378,0,9.70690209521371e-09,673249,-1,-1,-1,549925,1250000,20000000.0,16660,0,12000000,0
5,10000,2,50000,0.3,0.95,10000.0,0.9,0,pcg_banded_time_avg_precision_chol,ok,0.07066729199141264,0.004794000007677823,1.1433508339978289,1.2188121259969193,378,0,8.614861524689983e-09,-1,20,8400000,8400000,549925,1250000,20000000.0,16660,0,12000000,0
5,10000,2,50000,0.3,0.95,10000.0,0.9,1,direct_cholmod,ok,0.08617704099742696,0.014987333008321002,0.0010138330108020455,0.10217820701655,0,0,3.6263119191347943e-12,673249,-1,-1,-1,549925,1250000,20000000.0,16660,0,12000000,0
5,10000,2,50000,0.3,0.95,10000.0,0.9,1,pcg_time_avg_chol_explicit_avgK,ok,0.08415850001620129,0.015683417004765943,0.6748804170056246,0.7747223340265919,385,0,9.391373931128123e-09,673249,-1,-1,-1,549925,1250000,20000000.0,16660,0,12000000,0
5,10000,2,50000,0.3,0.95,10000.0,0.9,1,pcg_banded_time_avg_precision_chol,ok,0.07226245899801143,0.004953709023538977,1.1576251670194324,1.2348413350409828,385,0,9.249907074172409e-09,-1,20,8400000,8400000,549925,1250000,20000000.0,16660,0,12000000,0
5,10000,2,50000,0.3,0.95,10000.0,0.9,7,direct_cholmod,ok,0.08431437500985339,0.015644708997569978,0.000611374998698011,0.10057045900612138,0,0,1.2337786342748184e-12,673249,-1,-1,-1,549925,1250000,20000000.0,16660,0,12000000,0
5,10000,2,50000,0.3,0.95,10000.0,0.9,7,pcg_time_avg_chol_explicit_avgK,ok,0.08549241698347032,0.014624708011979237,0.5412320000177715,0.641349125013221,313,0,9.998011777257682e-09,673249,-1,-1,-1,549925,1250000,20000000.0,16660,0,12000000,0
5,10000,2,50000,0.3,0.95,10000.0,0.9,7,pcg_banded_time_avg_precision_chol,ok,0.07216183299897239,0.004979209013981745,0.9714381670055445,1.0485792090184987,313,0,9.796607752806912e-09,-1,20,8400000,8400000,549925,1250000,20000000.0,16660,0,12000000,0
5,10000,2,50000,0.5,0.95,10000.0,0.9,0,direct_cholmod,ok,0.08568987500621006,0.015060334000736475,0.00117816700367257,0.1019283760106191,0,0,4.68105597518576e-12,673249,-1,-1,-1,549925,1250000,20000000.0,16660,0,12000000,0
5,10000,2,50000,0.5,0.95,10000.0,0.9,0,pcg_time_avg_chol_explicit_avgK,ok,0.08756037501734681,0.016165709006600082,7.354656083014561,7.458382167038508,4067,0,9.971428862754747e-09,673249,-1,-1,-1,549925,1250000,20000000.0,16660,0,12000000,0
5,10000,2,50000,0.5,0.95,10000.0,0.9,0,pcg_banded_time_avg_precision_chol,ok,0.06991937500424683,0.004779625014634803,12.272657374996925,12.347356375015806,4076,0,9.914151569307572e-09,-1,20,8400000,8400000,549925,1250000,20000000.0,16660,0,12000000,0
5,10000,2,50000,0.5,0.95,10000.0,0.9,1,direct_cholmod,ok,0.08300749998306856,0.015087500010849908,0.0006592079880647361,0.0987542079819832,0,0,2.1040432253099832e-11,673249,-1,-1,-1,549925,1250000,20000000.0,16660,0,12000000,0
5,10000,2,50000,0.5,0.95,10000.0,0.9,1,pcg_time_avg_chol_explicit_avgK,ok,0.08661745800054632,0.015224084025248885,7.391410417010775,7.49325195903657,4061,0,9.815355379894884e-09,673249,-1,-1,-1,549925,1250000,20000000.0,16660,0,12000000,0
5,10000,2,50000,0.5,0.95,10000.0,0.9,1,pcg_banded_time_avg_precision_chol,ok,0.07247125002322719,0.004785041004652157,13.098751165991416,13.176007457019296,4065,0,9.939303149793632e-09,-1,20,8400000,8400000,549925,1250000,20000000.0,16660,0,12000000,0
5,10000,2,50000,0.5,0.95,10000.0,0.9,7,direct_cholmod,ok,0.08562541697756387,0.01447545801056549,0.0006294999911915511,0.10073037497932091,0,0,5.291209758793175e-12,673249,-1,-1,-1,549925,1250000,20000000.0,16660,0,12000000,0
5,10000,2,50000,0.5,0.95,10000.0,0.9,7,pcg_time_avg_chol_explicit_avgK,ok,0.08802970798569731,0.01604441599920392,5.432513540989021,5.536587664973922,3046,0,9.622149061402647e-09,673249,-1,-1,-1,549925,1250000,20000000.0,16660,0,12000000,0
5,10000,2,50000,0.5,0.95,10000.0,0.9,7,pcg_banded_time_avg_precision_chol,ok,0.07018191699171439,0.004873415979091078,9.095034541998757,9.170089874969563,3051,0,9.95134565780627e-09,-1,20,8400000,8400000,549925,1250000,20000000.0,16660,0,12000000,0
5,10000,12,50000,0.1,0.95,10000.0,0.9,0,direct_cholmod,ok,0.32346987500204705,0.09564750001300126,0.0025173749891109765,0.4216347500041593,0,0,5.527412487230022e-13,3397750,-1,-1,-1,3048050,6250000,100000000.0,16660,0,52000000,0
5,10000,12,50000,0.1,0.95,10000.0,0.9,0,pcg_time_avg_chol_explicit_avgK,ok,0.3137601249909494,0.09796245797770098,0.16849337497842498,0.5802159579470754,32,0,5.4155049907336925e-09,3397750,-1,-1,-1,3048050,6250000,100000000.0,16660,0,52000000,0
5,10000,12,50000,0.1,0.95,10000.0,0.9,0,pcg_banded_time_avg_precision_chol,ok,0.4674779170018155,0.026973916013957933,0.17367008398286998,0.6681219169986434,32,0,5.4155162476540165e-09,-1,64,26000000,26000000,3048050,6250000,100000000.0,16660,0,52000000,0
5,10000,12,50000,0.1,0.95,10000.0,0.9,1,direct_cholmod,ok,0.3079847499902826,0.09563783300109208,0.0021258339984342456,0.4057484169898089,0,0,4.396412531054913e-13,3397750,-1,-1,-1,3048050,6250000,100000000.0,16660,0,52000000,0
5,10000,12,50000,0.1,0.95,10000.0,0.9,1,pcg_time_avg_chol_explicit_avgK,ok,0.3109517080010846,0.09501541600911878,0.166889916989021,0.5728570409992244,31,0,9.730112000863416e-09,3397750,-1,-1,-1,3048050,6250000,100000000.0,16660,0,52000000,0
5,10000,12,50000,0.1,0.95,10000.0,0.9,1,pcg_banded_time_avg_precision_chol,ok,0.47037745799752884,0.025988750014221296,0.17572787500103004,0.6720940830127802,31,0,9.730115770291648e-09,-1,64,26000000,26000000,3048050,6250000,100000000.0,16660,0,52000000,0
5,10000,12,50000,0.1,0.95,10000.0,0.9,7,direct_cholmod,ok,0.3171426669869106,0.09505412497674115,0.002457458002027124,0.4146542499656789,0,0,4.829626224536292e-13,3397750,-1,-1,-1,3048050,6250000,100000000.0,16660,0,52000000,0
5,10000,12,50000,0.1,0.95,10000.0,0.9,7,pcg_time_avg_chol_explicit_avgK,ok,0.31142504201852717,0.09586724999826401,0.15846454098937102,0.5657568330061622,30,0,5.5713992505146525e-09,3397750,-1,-1,-1,3048050,6250000,100000000.0,16660,0,52000000,0
5,10000,12,50000,0.1,0.95,10000.0,0.9,7,pcg_banded_time_avg_precision_chol,ok,0.46852408300037496,0.025594749982701614,0.16141775000141934,0.6555365829844959,30,0,5.571403017018939e-09,-1,64,26000000,26000000,3048050,6250000,100000000.0,16660,0,52000000,0
5,10000,12,50000,0.3,0.95,10000.0,0.9,0,direct_cholmod,ok,0.3129481250070967,0.09588966600131243,0.002799625013722107,0.4116374160221312,0,0,1.1147520058225736e-12,3397750,-1,-1,-1,3048050,6250000,100000000.0,16660,0,52000000,0
5,10000,12,50000,0.3,0.95,10000.0,0.9,0,pcg_time_avg_chol_explicit_avgK,ok,0.31619250000221655,0.09612204198492691,1.8739333330013324,2.286247874988476,361,0,9.54121251150068e-09,3397750,-1,-1,-1,3048050,6250000,100000000.0,16660,0,52000000,0
5,10000,12,50000,0.3,0.95,10000.0,0.9,0,pcg_banded_time_avg_precision_chol,ok,0.4631814169988502,0.026556207973044366,1.9867678330047056,2.4765054579766,360,0,9.380814667079625e-09,-1,64,26000000,26000000,3048050,6250000,100000000.0,16660,0,52000000,0
5,10000,12,50000,0.3,0.95,10000.0,0.9,1,direct_cholmod,ok,0.3106498749984894,0.09667370800161734,0.0021458329865708947,0.40946941598667763,0,0,8.946864422098178e-13,3397750,-1,-1,-1,3048050,6250000,100000000.0,16660,0,52000000,0
5,10000,12,50000,0.3,0.95,10000.0,0.9,1,pcg_time_avg_chol_explicit_avgK,ok,0.30895262499689125,0.1307441669923719,1.8685589579981752,2.3082557499874383,357,0,9.236373004939751e-09,3397750,-1,-1,-1,3048050,6250000,100000000.0,16660,0,52000000,0
5,10000,12,50000,0.3,0.95,10000.0,0.9,1,pcg_banded_time_avg_precision_chol,ok,0.463698082981864,0.02627437500632368,2.0441685839905404,2.534141041978728,358,0,9.342627537042488e-09,-1,64,26000000,26000000,3048050,6250000,100000000.0,16660,0,52000000,0
5,10000,12,50000,0.3,0.95,10000.0,0.9,7,direct_cholmod,ok,0.3106624170031864,0.0959279999951832,0.0020711669931188226,0.40866158399148844,0,0,9.115441309000605e-13,3397750,-1,-1,-1,3048050,6250000,100000000.0,16660,0,52000000,0
5,10000,12,50000,0.3,0.95,10000.0,0.9,7,pcg_time_avg_chol_explicit_avgK,ok,0.3138984170218464,0.09473616600735113,1.6077010000008158,2.0163355830300134,309,0,9.70403514783711e-09,3397750,-1,-1,-1,3048050,6250000,100000000.0,16660,0,52000000,0
5,10000,12,50000,0.3,0.95,10000.0,0.9,7,pcg_banded_time_avg_precision_chol,ok,0.46346837500459515,0.026563249994069338,1.7267466660123318,2.2167782910109963,308,0,9.794267820383902e-09,-1,64,26000000,26000000,3048050,6250000,100000000.0,16660,0,52000000,0
5,10000,12,50000,0.5,0.95,10000.0,0.9,0,direct_cholmod,ok,0.3123705830075778,0.09628662499017082,0.0020941249968018383,0.41075133299455047,0,0,4.2600885963649745e-12,3397750,-1,-1,-1,3048050,6250000,100000000.0,16660,0,52000000,0
5,10000,12,50000,0.5,0.95,10000.0,0.9,0,pcg_time_avg_chol_explicit_avgK,ok,0.3172881249920465,0.09724395800731145,20.62420658400515,21.03873866700451,3944,0,9.218286373540915e-09,3397750,-1,-1,-1,3048050,6250000,100000000.0,16660,0,52000000,0
5,10000,12,50000,0.5,0.95,10000.0,0.9,0,pcg_banded_time_avg_precision_chol,ok,0.46031333299470134,0.026851500006159768,22.11538891698001,22.60255374998087,3945,0,9.361073850348115e-09,-1,64,26000000,26000000,3048050,6250000,100000000.0,16660,0,52000000,0
5,10000,12,50000,0.5,0.95,10000.0,0.9,1,direct_cholmod,ok,0.30994116599322297,0.09577070898376405,0.00209745901520364,0.40780933399219066,0,0,9.376752865247304e-12,3397750,-1,-1,-1,3048050,6250000,100000000.0,16660,0,52000000,0
5,10000,12,50000,0.5,0.95,10000.0,0.9,1,pcg_time_avg_chol_explicit_avgK,ok,0.30731404200196266,0.09653529099887237,21.282907334010815,21.68675666701165,4036,0,9.831569594274044e-09,3397750,-1,-1,-1,3048050,6250000,100000000.0,16660,0,52000000,0
5,10000,12,50000,0.5,0.95,10000.0,0.9,1,pcg_banded_time_avg_precision_chol,ok,0.4634322079946287,0.026756957988254726,23.065986208006507,23.55617537398939,4041,0,9.90685512085618e-09,-1,64,26000000,26000000,3048050,6250000,100000000.0,16660,0,52000000,0
5,10000,12,50000,0.5,0.95,10000.0,0.9,7,direct_cholmod,ok,0.3129584169946611,0.09676341700833291,0.0021873340010643005,0.4119091680040583,0,0,3.0321292514938e-12,3397750,-1,-1,-1,3048050,6250000,100000000.0,16660,0,52000000,0
5,10000,12,50000,0.5,0.95,10000.0,0.9,7,pcg_time_avg_chol_explicit_avgK,ok,0.3076314589998219,0.10250437498325482,15.528405958000803,15.93854179198388,2935,0,9.922065203424629e-09,3397750,-1,-1,-1,3048050,6250000,100000000.0,16660,0,52000000,0
5,10000,12,50000,0.5,0.95,10000.0,0.9,7,pcg_banded_time_avg_precision_chol,ok,0.46932829200522974,0.026145667012315243,16.91671254200628,17.412186501023825,2945,0,9.451730647624026e-09,-1,64,26000000,26000000,3048050,6250000,100000000.0,16660,0,52000000,0
5,10000,24,50000,0.1,0.95,10000.0,0.9,0,direct_cholmod,ok,0.8944363750051707,0.29486716599785723,0.0049330829933751374,1.194236623996403,0,0,4.2998959613543696e-13,6765925,-1,-1,-1,6042500,12250000,196000000.0,16660,0,100000000,0
5,10000,24,50000,0.1,0.95,10000.0,0.9,0,pcg_time_avg_chol_explicit_avgK,ok,0.8751486249966547,0.2874662919784896,0.3428795420040842,1.5054944589792285,31,0,9.215348435411973e-09,6765925,-1,-1,-1,6042500,12250000,196000000.0,16660,0,100000000,0
5,10000,24,50000,0.1,0.95,10000.0,0.9,0,pcg_banded_time_avg_precision_chol,ok,1.2690510829852428,0.19225987498066388,0.3401723330025561,1.8014832909684628,31,0,9.21534610681583e-09,-1,124,50000000,50000000,6042500,12250000,196000000.0,16660,0,100000000,0
5,10000,24,50000,0.1,0.95,10000.0,0.9,1,direct_cholmod,ok,0.8798922919959296,0.28947783302282915,0.005489833012688905,1.1748599580314476,0,0,8.400701484405323e-13,6765925,-1,-1,-1,6042500,12250000,196000000.0,16660,0,100000000,0
5,10000,24,50000,0.1,0.95,10000.0,0.9,1,pcg_time_avg_chol_explicit_avgK,ok,0.8787759589904454,0.28930312499869615,0.3655083750199992,1.5335874590091407,32,0,7.1096752597195644e-09,6765925,-1,-1,-1,6042500,12250000,196000000.0,16660,0,100000000,0
5,10000,24,50000,0.1,0.95,10000.0,0.9,1,pcg_banded_time_avg_precision_chol,ok,1.2724704579741228,0.18879924999782816,0.3420649159816094,1.8033346239535604,32,0,7.109676434518544e-09,-1,124,50000000,50000000,6042500,12250000,196000000.0,16660,0,100000000,0
5,10000,24,50000,0.1,0.95,10000.0,0.9,7,direct_cholmod,ok,0.8741050420212559,0.28907058300683275,0.004973959003109485,1.1681495840311982,0,0,4.019931881326162e-13,6765925,-1,-1,-1,6042500,12250000,196000000.0,16660,0,100000000,0
5,10000,24,50000,0.1,0.95,10000.0,0.9,7,pcg_time_avg_chol_explicit_avgK,ok,0.8784790839999914,0.2908037089800928,0.33901041600620374,1.508293208986288,30,0,6.5379911640544645e-09,6765925,-1,-1,-1,6042500,12250000,196000000.0,16660,0,100000000,0
5,10000,24,50000,0.1,0.95,10000.0,0.9,7,pcg_banded_time_avg_precision_chol,ok,1.2476417919970118,0.19119587499881163,0.33647854102309793,1.7753162080189213,30,0,6.53799090963782e-09,-1,124,50000000,50000000,6042500,12250000,196000000.0,16660,0,100000000,0
5,10000,24,50000,0.3,0.95,10000.0,0.9,0,direct_cholmod,ok,0.8679588750237599,0.2895915409899317,0.00590929199825041,1.163459708011942,0,0,8.909913497096388e-13,6765925,-1,-1,-1,6042500,12250000,196000000.0,16660,0,100000000,0
5,10000,24,50000,0.3,0.95,10000.0,0.9,0,pcg_time_avg_chol_explicit_avgK,ok,0.875524792005308,0.29003499998361804,3.993708833004348,5.159268624993274,357,0,9.649612229339725e-09,6765925,-1,-1,-1,6042500,12250000,196000000.0,16660,0,100000000,0
5,10000,24,50000,0.3,0.95,10000.0,0.9,0,pcg_banded_time_avg_precision_chol,ok,1.2628311669977847,0.18903583398787305,4.074433832982322,5.52630083396798,356,0,9.460778011687896e-09,-1,124,50000000,50000000,6042500,12250000,196000000.0,16660,0,100000000,0
5,10000,24,50000,0.3,0.95,10000.0,0.9,1,direct_cholmod,ok,0.8693882919906173,0.288150291016791,0.005697749991668388,1.1632363329990767,0,0,1.7073244796852047e-12,6765925,-1,-1,-1,6042500,12250000,196000000.0,16660,0,100000000,0
5,10000,24,50000,0.3,0.95,10000.0,0.9,1,pcg_time_avg_chol_explicit_avgK,ok,0.8645008339954074,0.2881617500097491,3.9888952499895822,5.141557833994739,356,0,9.808075233089724e-09,6765925,-1,-1,-1,6042500,12250000,196000000.0,16660,0,100000000,0
5,10000,24,50000,0.3,0.95,10000.0,0.9,1,pcg_banded_time_avg_precision_chol,ok,1.2685567089938559,0.19067208300111815,4.108419124997454,5.567647916992428,357,0,8.725100661426521e-09,-1,124,50000000,50000000,6042500,12250000,196000000.0,16660,0,100000000,0
5,10000,24,50000,0.3,0.95,10000.0,0.9,7,direct_cholmod,ok,0.8774516669800505,0.2914066250086762,0.004959333979059011,1.1738176259677857,0,0,7.799567906535808e-13,6765925,-1,-1,-1,6042500,12250000,196000000.0,16660,0,100000000,0
5,10000,24,50000,0.3,0.95,10000.0,0.9,7,pcg_time_avg_chol_explicit_avgK,ok,0.8800784159975592,0.6931945410033222,3.4620151249982882,5.03528808199917,314,0,9.712617735351767e-09,6765925,-1,-1,-1,6042500,12250000,196000000.0,16660,0,100000000,0
5,10000,24,50000,0.3,0.95,10000.0,0.9,7,pcg_banded_time_avg_precision_chol,ok,1.2592976670130156,0.19178162497701123,3.2456347919942345,4.696714083984261,315,0,9.04045764359398e-09,-1,124,50000000,50000000,6042500,12250000,196000000.0,16660,0,100000000,0
5,10000,24,50000,0.5,0.95,10000.0,0.9,0,direct_cholmod,ok,0.8600117080204654,0.28624349998426624,0.0047051250003278255,1.1509603330050595,0,0,3.972867739904348e-12,6765925,-1,-1,-1,6042500,12250000,196000000.0,16660,0,100000000,0
5,10000,24,50000,0.5,0.95,10000.0,0.9,0,pcg_time_avg_chol_explicit_avgK,ok,0.8474159579782281,0.28436441702069715,41.02970212500077,42.16148249999969,3850,0,9.572866256882715e-09,6765925,-1,-1,-1,6042500,12250000,196000000.0,16660,0,100000000,0
5,10000,24,50000,0.5,0.95,10000.0,0.9,0,pcg_banded_time_avg_precision_chol,ok,1.242508249997627,0.19002591699245386,40.84369170802529,42.27622587501537,3847,0,9.429013459438369e-09,-1,124,50000000,50000000,6042500,12250000,196000000.0,16660,0,100000000,0
5,10000,24,50000,0.5,0.95,10000.0,0.9,1,direct_cholmod,ok,0.8528946669830475,0.28444287498132326,0.004640042025130242,1.141977583989501,0,0,1.048628493633247e-11,6765925,-1,-1,-1,6042500,12250000,196000000.0,16660,0,100000000,0
5,10000,24,50000,0.5,0.95,10000.0,0.9,1,pcg_time_avg_chol_explicit_avgK,ok,0.8447684170096181,0.28548504097852856,42.47808662499301,43.60834008298116,3987,0,9.576777213237367e-09,6765925,-1,-1,-1,6042500,12250000,196000000.0,16660,0,100000000,0
5,10000,24,50000,0.5,0.95,10000.0,0.9,1,pcg_banded_time_avg_precision_chol,ok,1.2272534590156283,0.19093683297978714,43.23350037500495,44.651690667000366,3985,0,9.903144517164353e-09,-1,124,50000000,50000000,6042500,12250000,196000000.0,16660,0,100000000,0
5,10000,24,50000,0.5,0.95,10000.0,0.9,7,direct_cholmod,ok,0.8466309169889428,0.28502495799330063,0.004800082999281585,1.136455957981525,0,0,2.832873133575861e-12,6765925,-1,-1,-1,6042500,12250000,196000000.0,16660,0,100000000,0
5,10000,24,50000,0.5,0.95,10000.0,0.9,7,pcg_time_avg_chol_explicit_avgK,ok,0.8494129169848748,0.28633241599891335,32.45939262499451,33.595137957978295,2994,0,9.592994291195127e-09,6765925,-1,-1,-1,6042500,12250000,196000000.0,16660,0,100000000,0
5,10000,24,50000,0.5,0.95,10000.0,0.9,7,pcg_banded_time_avg_precision_chol,ok,1.2186050830059685,0.19235108298016712,33.25116987500223,34.66212604098837,2992,0,9.245997245308303e-09,-1,124,50000000,50000000,6042500,12250000,196000000.0,16660,0,100000000,0
10,480,2,4800,0.1,0.95,10000.0,0.9,0,direct_cholmod,ok,0.009986457997001708,0.0027709999994840473,9.066698839887977e-05,0.012848124984884635,0,0,1.1565609745029998e-12,124008,-1,-1,-1,100500,240000,3840000.0,795,0,2304000,0
10,480,2,4800,0.1,0.95,10000.0,0.9,0,pcg_time_avg_chol_explicit_avgK,ok,0.009003749990370125,0.0028624160040635616,0.00481858299463056,0.016684748989064246,25,0,7.1858177134077875e-09,124008,-1,-1,-1,100500,240000,3840000.0,795,0,2304000,0
10,480,2,4800,0.1,0.95,10000.0,0.9,0,pcg_banded_time_avg_precision_chol,ok,0.0038191250059753656,0.0010544579999987036,0.006376125005772337,0.011249708011746407,25,0,7.1857943026458335e-09,-1,40,1574400,1574400,100500,240000,3840000.0,795,0,2304000,0
10,480,2,4800,0.1,0.95,10000.0,0.9,1,direct_cholmod,ok,0.008787166996626183,0.002700290991924703,8.079200051724911e-05,0.011568249989068136,0,0,1.741312147499966e-12,124008,-1,-1,-1,100500,240000,3840000.0,795,0,2304000,0
10,480,2,4800,0.1,0.95,10000.0,0.9,1,pcg_time_avg_chol_explicit_avgK,ok,0.008883500006049871,0.0027274579915683717,0.0042265419906470925,0.015837499988265336,22,0,5.869821473139845e-09,124008,-1,-1,-1,100500,240000,3840000.0,795,0,2304000,0
10,480,2,4800,0.1,0.95,10000.0,0.9,1,pcg_banded_time_avg_precision_chol,ok,0.0037955419975332916,0.0010632500052452087,0.005593917012447491,0.010452709015225992,22,0,5.8697840950546085e-09,-1,40,1574400,1574400,100500,240000,3840000.0,795,0,2304000,0
10,480,2,4800,0.1,0.95,10000.0,0.9,7,direct_cholmod,ok,0.009667124977568164,0.0028087079990655184,9.004201274365187e-05,0.012565874989377335,0,0,7.252180558090725e-13,124008,-1,-1,-1,100500,240000,3840000.0,795,0,2304000,0
10,480,2,4800,0.1,0.95,10000.0,0.9,7,pcg_time_avg_chol_explicit_avgK,ok,0.009520749998046085,0.00274566697771661,0.0045982909796293825,0.016864707955392078,24,0,6.8966294132051715e-09,124008,-1,-1,-1,100500,240000,3840000.0,795,0,2304000,0
10,480,2,4800,0.1,0.95,10000.0,0.9,7,pcg_banded_time_avg_precision_chol,ok,0.0037500000034924597,0.0010801669850479811,0.006148290995042771,0.010978457983583212,24,0,6.896620724523156e-09,-1,40,1574400,1574400,100500,240000,3840000.0,795,0,2304000,0
10,480,2,4800,0.3,0.95,10000.0,0.9,0,direct_cholmod,ok,0.0091556659899652,0.0027363749977666885,8.754199370741844e-05,0.011979582981439307,0,0,2.1585266698050143e-12,124008,-1,-1,-1,100500,240000,3840000.0,795,0,2304000,0
10,480,2,4800,0.3,0.95,10000.0,0.9,0,pcg_time_avg_chol_explicit_avgK,ok,0.010087833012221381,0.002780457987682894,0.03154862500377931,0.04441691600368358,167,0,9.133189579583128e-09,124008,-1,-1,-1,100500,240000,3840000.0,795,0,2304000,0
10,480,2,4800,0.3,0.95,10000.0,0.9,0,pcg_banded_time_avg_precision_chol,ok,0.003897250018781051,0.0010224579891655594,0.10480179198202677,0.10972149998997338,166,0,9.06730301665911e-09,-1,40,1574400,1574400,100500,240000,3840000.0,795,0,2304000,0
10,480,2,4800,0.3,0.95,10000.0,0.9,1,direct_cholmod,ok,0.01004025002475828,0.002759541996056214,9.14999982342124e-05,0.012891292019048706,0,0,2.4876841828691224e-12,124008,-1,-1,-1,100500,240000,3840000.0,795,0,2304000,0
10,480,2,4800,0.3,0.95,10000.0,0.9,1,pcg_time_avg_chol_explicit_avgK,ok,0.00974675000179559,0.002761499985354021,0.022909084014827386,0.035417334001977,121,0,9.188854318615682e-09,124008,-1,-1,-1,100500,240000,3840000.0,795,0,2304000,0
10,480,2,4800,0.3,0.95,10000.0,0.9,1,pcg_banded_time_avg_precision_chol,ok,0.0038214169908314943,0.0010719999845605344,0.030220957996789366,0.035114374972181395,120,0,9.703670822601029e-09,-1,40,1574400,1574400,100500,240000,3840000.0,795,0,2304000,0
10,480,2,4800,0.3,0.95,10000.0,0.9,7,direct_cholmod,ok,0.009158957982435822,0.0027333330071996897,8.562501170672476e-05,0.011977916001342237,0,0,1.2158579029961647e-12,124008,-1,-1,-1,100500,240000,3840000.0,795,0,2304000,0
10,480,2,4800,0.3,0.95,10000.0,0.9,7,pcg_time_avg_chol_explicit_avgK,ok,0.011287542001809925,0.002776166016701609,0.03212087499559857,0.0461845830141101,160,0,9.228226009336754e-09,124008,-1,-1,-1,100500,240000,3840000.0,795,0,2304000,0
10,480,2,4800,0.3,0.95,10000.0,0.9,7,pcg_banded_time_avg_precision_chol,ok,0.003763042011996731,0.0015170419937931001,0.09695433298475109,0.10223441699054092,161,0,8.907583453234604e-09,-1,40,1574400,1574400,100500,240000,3840000.0,795,0,2304000,0
10,480,2,4800,0.5,0.95,10000.0,0.9,0,direct_cholmod,ok,0.009090958017623052,0.002745166013482958,8.766699465923011e-05,0.01192379102576524,0,0,1.5458176302106026e-11,124008,-1,-1,-1,100500,240000,3840000.0,795,0,2304000,0
10,480,2,4800,0.5,0.95,10000.0,0.9,0,pcg_time_avg_chol_explicit_avgK,ok,0.009446791984373704,0.002721209020819515,0.21300104100373574,0.22516904200892895,955,0,9.337664566001407e-09,124008,-1,-1,-1,100500,240000,3840000.0,795,0,2304000,0
10,480,2,4800,0.5,0.95,10000.0,0.9,0,pcg_banded_time_avg_precision_chol,ok,0.004195458022877574,0.0010594999766908586,0.4719470420095604,0.4772020000091288,954,0,9.626826894793934e-09,-1,40,1574400,1574400,100500,240000,3840000.0,795,0,2304000,0
10,480,2,4800,0.5,0.95,10000.0,0.9,1,direct_cholmod,ok,0.00922466701013036,0.002778833993943408,8.858297951519489e-05,0.012092083983588964,0,0,5.5813294959920726e-12,124008,-1,-1,-1,100500,240000,3840000.0,795,0,2304000,0
10,480,2,4800,0.5,0.95,10000.0,0.9,1,pcg_time_avg_chol_explicit_avgK,ok,0.009557457990013063,0.002778416994260624,0.1213089169759769,0.1336447919602506,634,0,9.090772842107995e-09,124008,-1,-1,-1,100500,240000,3840000.0,795,0,2304000,0
10,480,2,4800,0.5,0.95,10000.0,0.9,1,pcg_banded_time_avg_precision_chol,ok,0.00393037500907667,0.0011107079917564988,0.3340785830223467,0.3391196660231799,633,0,9.622814744188241e-09,-1,40,1574400,1574400,100500,240000,3840000.0,795,0,2304000,0
10,480,2,4800,0.5,0.95,10000.0,0.9,7,direct_cholmod,ok,0.010720833990490064,0.002781916002277285,9.549999958835542e-05,0.013598249992355704,0,0,3.5959023137869603e-12,124008,-1,-1,-1,100500,240000,3840000.0,795,0,2304000,0
10,480,2,4800,0.5,0.95,10000.0,0.9,7,pcg_time_avg_chol_explicit_avgK,ok,0.009078500006580725,0.0027771249879151583,0.30813674998353235,0.31999237497802824,997,0,8.864709567125523e-09,124008,-1,-1,-1,100500,240000,3840000.0,795,0,2304000,0
10,480,2,4800,0.5,0.95,10000.0,0.9,7,pcg_banded_time_avg_precision_chol,ok,0.0038633329968433827,0.0010698749974835664,0.36030612501781434,0.3652393330121413,997,0,8.604499718319067e-09,-1,40,1574400,1574400,100500,240000,3840000.0,795,0,2304000,0
10,480,12,4800,0.1,0.95,10000.0,0.9,0,direct_cholmod,ok,0.083726500015473,0.03138083399971947,0.0006345000001601875,0.11574183401535265,0,0,5.408572743182172e-13,641500,-1,-1,-1,573000,1200000,19200000.0,795,0,9984000,0
10,480,12,4800,0.1,0.95,10000.0,0.9,0,pcg_time_avg_chol_explicit_avgK,ok,0.08265083300648257,0.030018208984984085,0.021414584014564753,0.1340836260060314,24,0,6.156200343398349e-09,641500,-1,-1,-1,573000,1200000,19200000.0,795,0,9984000,0
10,480,12,4800,0.1,0.95,10000.0,0.9,0,pcg_banded_time_avg_precision_chol,ok,0.023996125004487112,0.018414499994833022,0.03131495899287984,0.07372558399219997,24,0,6.156215011909948e-09,-1,129,4992000,4992000,573000,1200000,19200000.0,795,0,9984000,0
10,480,12,4800,0.1,0.95,10000.0,0.9,1,direct_cholmod,ok,0.0814830000163056,0.02993133300333284,0.00032404199009761214,0.11173837500973605,0,0,5.237233686041635e-13,641500,-1,-1,-1,573000,1200000,19200000.0,795,0,9984000,0
10,480,12,4800,0.1,0.95,10000.0,0.9,1,pcg_time_avg_chol_explicit_avgK,ok,0.08084825001424178,0.029897166998125613,0.020059166010469198,0.1308045830228366,22,0,4.505918347072347e-09,641500,-1,-1,-1,573000,1200000,19200000.0,795,0,9984000,0
10,480,12,4800,0.1,0.95,10000.0,0.9,1,pcg_banded_time_avg_precision_chol,ok,0.02360383400809951,0.018869791994802654,0.018879959010519087,0.06135358501342125,22,0,4.5059351210473244e-09,-1,129,4992000,4992000,573000,1200000,19200000.0,795,0,9984000,0
10,480,12,4800,0.1,0.95,10000.0,0.9,7,direct_cholmod,ok,0.08295770798576996,0.03236762501182966,0.0008284169889520854,0.1161537499865517,0,0,4.2229759053774234e-13,641500,-1,-1,-1,573000,1200000,19200000.0,795,0,9984000,0
10,480,12,4800,0.1,0.95,10000.0,0.9,7,pcg_time_avg_chol_explicit_avgK,ok,0.08013149999896996,0.0298401250038296,0.025702457991428673,0.13567408299422823,25,0,4.624700340388305e-09,641500,-1,-1,-1,573000,1200000,19200000.0,795,0,9984000,0
10,480,12,4800,0.1,0.95,10000.0,0.9,7,pcg_banded_time_avg_precision_chol,ok,0.02374916701228358,0.018469708011252806,0.028230041993083432,0.07044891701661982,25,0,4.624711420679084e-09,-1,129,4992000,4992000,573000,1200000,19200000.0,795,0,9984000,0
10,480,12,4800,0.3,0.95,10000.0,0.9,0,direct_cholmod,ok,0.08276608400046825,0.02979595900978893,0.0018345410062465817,0.11439658401650377,0,0,9.53962608722091e-13,641500,-1,-1,-1,573000,1200000,19200000.0,795,0,9984000,0
10,480,12,4800,0.3,0.95,10000.0,0.9,0,pcg_time_avg_chol_explicit_avgK,ok,0.08106141700409353,0.030266916990512982,0.1827422079804819,0.2940705419750884,165,0,8.882779649344588e-09,641500,-1,-1,-1,573000,1200000,19200000.0,795,0,9984000,0
10,480,12,4800,0.3,0.95,10000.0,0.9,0,pcg_banded_time_avg_precision_chol,ok,0.02395008399616927,0.018654084007721394,0.1402212909888476,0.18282545899273828,164,0,9.359283015314249e-09,-1,129,4992000,4992000,573000,1200000,19200000.0,795,0,9984000,0
10,480,12,4800,0.3,0.95,10000.0,0.9,1,direct_cholmod,ok,0.08094354197965004,0.031311500002630055,0.0003467499918770045,0.1126017919741571,0,0,9.5703351481366e-13,641500,-1,-1,-1,573000,1200000,19200000.0,795,0,9984000,0
10,480,12,4800,0.3,0.95,10000.0,0.9,1,pcg_time_avg_chol_explicit_avgK,ok,0.08118604100309312,0.02885000000242144,0.11094979199697264,0.2209858330024872,124,0,8.81442380889512e-09,641500,-1,-1,-1,573000,1200000,19200000.0,795,0,9984000,0
10,480,12,4800,0.3,0.95,10000.0,0.9,1,pcg_banded_time_avg_precision_chol,ok,0.023190791020169854,0.018532833986682817,0.15464941700338386,0.19637304201023653,124,0,8.615536758142279e-09,-1,129,4992000,4992000,573000,1200000,19200000.0,795,0,9984000,0
10,480,12,4800,0.3,0.95,10000.0,0.9,7,direct_cholmod,ok,0.08057866699527949,0.028887249995023012,0.0017196670232806355,0.11118558401358314,0,0,7.877029214017107e-13,641500,-1,-1,-1,573000,1200000,19200000.0,795,0,9984000,0
10,480,12,4800,0.3,0.95,10000.0,0.9,7,pcg_time_avg_chol_explicit_avgK,ok,0.0805803750117775,0.028621000004932284,0.1557289159973152,0.264930291014025,168,0,8.625692249755701e-09,641500,-1,-1,-1,573000,1200000,19200000.0,795,0,9984000,0
10,480,12,4800,0.3,0.95,10000.0,0.9,7,pcg_banded_time_avg_precision_chol,ok,0.023676584009081125,0.01890370898763649,0.15258383299806155,0.19516412599477917,168,0,9.352281597513103e-09,-1,129,4992000,4992000,573000,1200000,19200000.0,795,0,9984000,0
10,480,12,4800,0.5,0.95,10000.0,0.9,0,direct_cholmod,ok,0.08188645800692029,0.030814790981821716,0.000953042006585747,0.11365429099532776,0,0,3.0057866345928062e-12,641500,-1,-1,-1,573000,1200000,19200000.0,795,0,9984000,0
10,480,12,4800,0.5,0.95,10000.0,0.9,0,pcg_time_avg_chol_explicit_avgK,ok,0.08008404201245867,0.030529709008987993,0.872606791992439,0.9832205430138856,925,0,9.065872604284917e-09,641500,-1,-1,-1,573000,1200000,19200000.0,795,0,9984000,0
10,480,12,4800,0.5,0.95,10000.0,0.9,0,pcg_banded_time_avg_precision_chol,ok,0.023605541995493695,0.018748374975984916,0.9151810830226168,0.9575349999940954,925,0,8.338190924996906e-09,-1,129,4992000,4992000,573000,1200000,19200000.0,795,0,9984000,0
10,480,12,4800,0.5,0.95,10000.0,0.9,1,direct_cholmod,ok,0.08065558399539441,0.028999041998758912,0.0008628749928902835,0.1105175009870436,0,0,2.5320974091124763e-12,641500,-1,-1,-1,573000,1200000,19200000.0,795,0,9984000,0
10,480,12,4800,0.5,0.95,10000.0,0.9,1,pcg_time_avg_chol_explicit_avgK,ok,0.08089049998670816,0.030624792008893564,0.6028668340004515,0.7143821259960532,646,0,9.365091281375196e-09,641500,-1,-1,-1,573000,1200000,19200000.0,795,0,9984000,0
10,480,12,4800,0.5,0.95,10000.0,0.9,1,pcg_banded_time_avg_precision_chol,ok,0.023295584018342197,0.018613250023918226,0.6477857090067118,0.6896945430489723,645,0,9.809606961027753e-09,-1,129,4992000,4992000,573000,1200000,19200000.0,795,0,9984000,0
10,480,12,4800,0.5,0.95,10000.0,0.9,7,direct_cholmod,ok,0.07949849998112768,0.02960845801862888,0.0007429590041283518,0.10984991700388491,0,0,3.155573777004925e-12,641500,-1,-1,-1,573000,1200000,19200000.0,795,0,9984000,0
10,480,12,4800,0.5,0.95,10000.0,0.9,7,pcg_time_avg_chol_explicit_avgK,ok,0.08340258299722336,0.02853312500519678,1.1679255419876426,1.2798612499900628,1197,0,9.131505179199873e-09,641500,-1,-1,-1,573000,1200000,19200000.0,795,0,9984000,0
10,480,12,4800,0.5,0.95,10000.0,0.9,7,pcg_banded_time_avg_precision_chol,ok,0.023773708002408966,0.018773249990772456,1.2410939169931225,1.283640874986304,1195,0,9.468357827225866e-09,-1,129,4992000,4992000,573000,1200000,19200000.0,795,0,9984000,0
10,480,24,4800,0.1,0.95,10000.0,0.9,0,direct_cholmod,ok,0.25021183298667893,0.05021162499906495,0.0006234579777810723,0.30104691596352495,0,0,5.086527435351622e-13,1217700,-1,-1,-1,1126800,2352000,37632000.0,795,0,19200000,0
10,480,24,4800,0.1,0.95,10000.0,0.9,0,pcg_time_avg_chol_explicit_avgK,ok,0.2502649580128491,0.047018917015520856,0.03789208398666233,0.3351759590150323,22,0,4.59007061090392e-09,1217700,-1,-1,-1,1126800,2352000,37632000.0,795,0,19200000,0
10,480,24,4800,0.1,0.95,10000.0,0.9,0,pcg_banded_time_avg_precision_chol,ok,0.06338716699974611,0.03763379200245254,0.04892020800616592,0.14994116700836457,22,0,4.590072735683084e-09,-1,249,9600000,9600000,1126800,2352000,37632000.0,795,0,19200000,0
10,480,24,4800,0.1,0.95,10000.0,0.9,1,direct_cholmod,ok,0.24871375001384877,0.050201375008327886,0.0005553749797400087,0.29947050000191666,0,0,5.891109886583761e-13,1217700,-1,-1,-1,1126800,2352000,37632000.0,795,0,19200000,0
10,480,24,4800,0.1,0.95,10000.0,0.9,1,pcg_time_avg_chol_explicit_avgK,ok,0.2488993750012014,0.04717908400925808,0.0512420829909388,0.3473205420013983,26,0,4.996456263284185e-09,1217700,-1,-1,-1,1126800,2352000,37632000.0,795,0,19200000,0
10,480,24,4800,0.1,0.95,10000.0,0.9,1,pcg_banded_time_avg_precision_chol,ok,0.06262725000851788,0.037054000014904886,0.058378957997774705,0.15806020802119747,26,0,4.996459884599949e-09,-1,249,9600000,9600000,1126800,2352000,37632000.0,795,0,19200000,0
10,480,24,4800,0.1,0.95,10000.0,0.9,7,direct_cholmod,ok,0.25057462498079985,0.04602320899721235,0.0020683329785242677,0.29866616695653647,0,0,4.046794970977836e-13,1217700,-1,-1,-1,1126800,2352000,37632000.0,795,0,19200000,0
10,480,24,4800,0.1,0.95,10000.0,0.9,7,pcg_time_avg_chol_explicit_avgK,ok,0.24895179198938422,0.04754674999276176,0.05048337500193156,0.34698191698407754,26,0,5.94181635679134e-09,1217700,-1,-1,-1,1126800,2352000,37632000.0,795,0,19200000,0
10,480,24,4800,0.1,0.95,10000.0,0.9,7,pcg_banded_time_avg_precision_chol,ok,0.06287083300412633,0.0367123750038445,0.059557083004619926,0.15914029101259075,26,0,5.941817513230656e-09,-1,249,9600000,9600000,1126800,2352000,37632000.0,795,0,19200000,0
10,480,24,4800,0.3,0.95,10000.0,0.9,0,direct_cholmod,ok,0.2470708329929039,0.049656957999104634,0.0005624580080620944,0.2972902490000706,0,0,1.207742838889352e-12,1217700,-1,-1,-1,1126800,2352000,37632000.0,795,0,19200000,0
10,480,24,4800,0.3,0.95,10000.0,0.9,0,pcg_time_avg_chol_explicit_avgK,ok,0.2502345420070924,0.0474344169779215,0.23520724999252707,0.532876208977541,124,0,8.838557313167294e-09,1217700,-1,-1,-1,1126800,2352000,37632000.0,795,0,19200000,0
10,480,24,4800,0.3,0.95,10000.0,0.9,0,pcg_banded_time_avg_precision_chol,ok,0.06400524999480695,0.03873062500497326,0.22720399999525398,0.3299398749950342,124,0,9.162044190334766e-09,-1,249,9600000,9600000,1126800,2352000,37632000.0,795,0,19200000,0
10,480,24,4800,0.3,0.95,10000.0,0.9,1,direct_cholmod,ok,0.24782829199102707,0.04870658399886452,0.0011984999873675406,0.29773337597725913,0,0,1.1422468344126058e-12,1217700,-1,-1,-1,1126800,2352000,37632000.0,795,0,19200000,0
10,480,24,4800,0.3,0.95,10000.0,0.9,1,pcg_time_avg_chol_explicit_avgK,ok,0.24523070800933056,0.047532583004795015,0.30116358399391174,0.5939268750080373,168,0,7.589801238233345e-09,1217700,-1,-1,-1,1126800,2352000,37632000.0,795,0,19200000,0
10,480,24,4800,0.3,0.95,10000.0,0.9,1,pcg_banded_time_avg_precision_chol,ok,0.06477954200818203,0.03689333298825659,0.3327457909763325,0.4344186659727711,166,0,9.697469515768501e-09,-1,249,9600000,9600000,1126800,2352000,37632000.0,795,0,19200000,0
10,480,24,4800,0.3,0.95,10000.0,0.9,7,direct_cholmod,ok,0.2457400840066839,0.048724250023951754,0.0005781670042779297,0.2950425010349136,0,0,6.456664038748294e-13,1217700,-1,-1,-1,1126800,2352000,37632000.0,795,0,19200000,0
10,480,24,4800,0.3,0.95,10000.0,0.9,7,pcg_time_avg_chol_explicit_avgK,ok,0.24873166598263197,0.04790166701423004,0.37292629200965166,0.6695596250065137,207,0,9.871796046030477e-09,1217700,-1,-1,-1,1126800,2352000,37632000.0,795,0,19200000,0
10,480,24,4800,0.3,0.95,10000.0,0.9,7,pcg_banded_time_avg_precision_chol,ok,0.06312091698055156,0.03762637500767596,0.402180542005226,0.5029278339934535,207,0,9.605162315469427e-09,-1,249,9600000,9600000,1126800,2352000,37632000.0,795,0,19200000,0
10,480,24,4800,0.5,0.95,10000.0,0.9,0,direct_cholmod,ok,0.24756691697984934,0.04664783301996067,0.0005768749979324639,0.2947916249977425,0,0,4.456709891619931e-12,1217700,-1,-1,-1,1126800,2352000,37632000.0,795,0,19200000,0
10,480,24,4800,0.5,0.95,10000.0,0.9,0,pcg_time_avg_chol_explicit_avgK,ok,0.24682525001117028,0.048208291991613805,1.190845042001456,1.48587858400424,656,0,9.161673597704828e-09,1217700,-1,-1,-1,1126800,2352000,37632000.0,795,0,19200000,0
10,480,24,4800,0.5,0.95,10000.0,0.9,0,pcg_banded_time_avg_precision_chol,ok,0.06421341700479388,0.038301207998301834,1.331461041001603,1.4339756660046987,654,0,9.816965080098231e-09,-1,249,9600000,9600000,1126800,2352000,37632000.0,795,0,19200000,0
10,480,24,4800,0.5,0.95,10000.0,0.9,1,direct_cholmod,ok,0.25083608299610205,0.047600666992366314,0.00208749997545965,0.300524249963928,0,0,2.9816448306618737e-12,1217700,-1,-1,-1,1126800,2352000,37632000.0,795,0,19200000,0
10,480,24,4800,0.5,0.95,10000.0,0.9,1,pcg_time_avg_chol_explicit_avgK,ok,0.24903191698831506,0.04688545799581334,2.0925984590139706,2.388515833998099,1113,0,9.748271441515622e-09,1217700,-1,-1,-1,1126800,2352000,37632000.0,795,0,19200000,0
10,480,24,4800,0.5,0.95,10000.0,0.9,1,pcg_banded_time_avg_precision_chol,ok,0.06329983301111497,0.039122375019360334,2.1863842500024475,2.288806458032923,1121,0,9.920936340248942e-09,-1,249,9600000,9600000,1126800,2352000,37632000.0,795,0,19200000,0
10,480,24,4800,0.5,0.95,10000.0,0.9,7,direct_cholmod,ok,0.2487483749864623,0.04639487501117401,0.0005280839977785945,0.2956713339954149,0,0,2.600327452599987e-12,1217700,-1,-1,-1,1126800,2352000,37632000.0,795,0,19200000,0
10,480,24,4800,0.5,0.95,10000.0,0.9,7,pcg_time_avg_chol_explicit_avgK,ok,0.24676079201162793,0.04620700000668876,2.8964495830005035,3.18941737501882,1561,0,8.934760361884596e-09,1217700,-1,-1,-1,1126800,2352000,37632000.0,795,0,19200000,0
10,480,24,4800,0.5,0.95,10000.0,0.9,7,pcg_banded_time_avg_precision_chol,ok,0.06329887500032783,0.03694783299579285,3.1392030419956427,3.2394497499917634,1564,0,9.945327319018592e-09,-1,249,9600000,9600000,1126800,2352000,37632000.0,795,0,19200000,0
10,1920,2,19200,0.1,0.95,10000.0,0.9,0,direct_cholmod,ok,0.03817325001000427,0.012766666972311214,0.00034887497895397246,0.05128879196126945,0,0,1.2397972548743696e-12,496968,-1,-1,-1,402900,960000,15360000.0,3195,0,9216000,0
10,1920,2,19200,0.1,0.95,10000.0,0.9,0,pcg_time_avg_chol_explicit_avgK,ok,0.037515042000450194,0.011604667000938207,0.04627154199988581,0.09539125100127421,29,0,6.503315941156607e-09,496968,-1,-1,-1,402900,960000,15360000.0,3195,0,9216000,0
10,1920,2,19200,0.1,0.95,10000.0,0.9,0,pcg_banded_time_avg_precision_chol,ok,0.017636333010159433,0.004208292026305571,0.04715204198146239,0.0689966670179274,29,0,6.503303963133266e-09,-1,40,6297600,6297600,402900,960000,15360000.0,3195,0,9216000,0
10,1920,2,19200,0.1,0.95,10000.0,0.9,1,direct_cholmod,ok,0.03808462500455789,0.012067291972925887,0.00036233398714102805,0.05051425096462481,0,0,1.5368166129107685e-12,496968,-1,-1,-1,402900,960000,15360000.0,3195,0,9216000,0
10,1920,2,19200,0.1,0.95,10000.0,0.9,1,pcg_time_avg_chol_explicit_avgK,ok,0.037757083016913384,0.0119903750019148,0.039345665980363265,0.08909312399919145,27,0,9.447215561670045e-09,496968,-1,-1,-1,402900,960000,15360000.0,3195,0,9216000,0
10,1920,2,19200,0.1,0.95,10000.0,0.9,1,pcg_banded_time_avg_precision_chol,ok,0.015881958010140806,0.004382791987154633,0.04695558300591074,0.06722033300320618,27,0,9.447198567023628e-09,-1,40,6297600,6297600,402900,960000,15360000.0,3195,0,9216000,0
10,1920,2,19200,0.1,0.95,10000.0,0.9,7,direct_cholmod,ok,0.038510374986799434,0.012453792005544528,0.00035808299435302615,0.05132224998669699,0,0,7.376651492985564e-13,496968,-1,-1,-1,402900,960000,15360000.0,3195,0,9216000,0
10,1920,2,19200,0.1,0.95,10000.0,0.9,7,pcg_time_avg_chol_explicit_avgK,ok,0.03909800000838004,0.01175516698276624,0.04293654201319441,0.0937897090043407,29,0,9.984787789649482e-09,496968,-1,-1,-1,402900,960000,15360000.0,3195,0,9216000,0
10,1920,2,19200,0.1,0.95,10000.0,0.9,7,pcg_banded_time_avg_precision_chol,ok,0.014731999981449917,0.004241999995429069,0.04786070800037123,0.06683470797725022,29,0,9.984789262414619e-09,-1,40,6297600,6297600,402900,960000,15360000.0,3195,0,9216000,0
10,1920,2,19200,0.3,0.95,10000.0,0.9,0,direct_cholmod,ok,0.03710187497199513,0.011627917003352195,0.0003382079885341227,0.04906799996388145,0,0,2.3522813660423458e-12,496968,-1,-1,-1,402900,960000,15360000.0,3195,0,9216000,0
10,1920,2,19200,0.3,0.95,10000.0,0.9,0,pcg_time_avg_chol_explicit_avgK,ok,0.03747670800657943,0.011828791990410537,0.31830883299699053,0.3676143329939805,241,0,9.154244089865311e-09,496968,-1,-1,-1,402900,960000,15360000.0,3195,0,9216000,0
10,1920,2,19200,0.3,0.95,10000.0,0.9,0,pcg_banded_time_avg_precision_chol,ok,0.014510709006572142,0.00427225002204068,0.4283377499959897,0.44712070902460255,243,0,8.457402711932072e-09,-1,40,6297600,6297600,402900,960000,15360000.0,3195,0,9216000,0
10,1920,2,19200,0.3,0.95,10000.0,0.9,1,direct_cholmod,ok,0.03834649999043904,0.012392292002914473,0.0003524589992593974,0.05109125099261291,0,0,2.448030363868228e-12,496968,-1,-1,-1,402900,960000,15360000.0,3195,0,9216000,0
10,1920,2,19200,0.3,0.95,10000.0,0.9,1,pcg_time_avg_chol_explicit_avgK,ok,0.03821804100880399,0.011696833011228591,0.2832882500078995,0.33320312402793206,226,0,9.734853548957398e-09,496968,-1,-1,-1,402900,960000,15360000.0,3195,0,9216000,0
10,1920,2,19200,0.3,0.95,10000.0,0.9,1,pcg_banded_time_avg_precision_chol,ok,0.015530292002949864,0.004141208017244935,0.3336797500087414,0.3533512500289362,227,0,9.844071346195221e-09,-1,40,6297600,6297600,402900,960000,15360000.0,3195,0,9216000,0
10,1920,2,19200,0.3,0.95,10000.0,0.9,7,direct_cholmod,ok,0.038074250012869015,0.012330958008533344,0.00034133400185965,0.05074654202326201,0,0,1.3294622500772632e-12,496968,-1,-1,-1,402900,960000,15360000.0,3195,0,9216000,0
10,1920,2,19200,0.3,0.95,10000.0,0.9,7,pcg_time_avg_chol_explicit_avgK,ok,0.03810983302537352,0.011751792015274987,0.36471712501952425,0.41457875006017275,289,0,9.893814582846679e-09,496968,-1,-1,-1,402900,960000,15360000.0,3195,0,9216000,0
10,1920,2,19200,0.3,0.95,10000.0,0.9,7,pcg_banded_time_avg_precision_chol,ok,0.015898165991529822,0.00424812501296401,0.49179308299790137,0.5119393740023952,289,0,9.851306525653364e-09,-1,40,6297600,6297600,402900,960000,15360000.0,3195,0,9216000,0
10,1920,2,19200,0.5,0.95,10000.0,0.9,0,direct_cholmod,ok,0.03778416701243259,0.012547083024401218,0.00035074999323114753,0.050682000030064955,0,0,9.611580573679943e-12,496968,-1,-1,-1,402900,960000,15360000.0,3195,0,9216000,0
10,1920,2,19200,0.5,0.95,10000.0,0.9,0,pcg_time_avg_chol_explicit_avgK,ok,0.03979941600118764,0.011752790975151584,2.2040731250017416,2.255625331978081,1728,0,9.375282944947923e-09,496968,-1,-1,-1,402900,960000,15360000.0,3195,0,9216000,0
10,1920,2,19200,0.5,0.95,10000.0,0.9,0,pcg_banded_time_avg_precision_chol,ok,0.01473225001245737,0.00424941600067541,2.8451848330150824,2.864166499028215,1728,0,8.66410613844996e-09,-1,40,6297600,6297600,402900,960000,15360000.0,3195,0,9216000,0
10,1920,2,19200,0.5,0.95,10000.0,0.9,1,direct_cholmod,ok,0.03693287499481812,0.011767875024816021,0.00034779097768478096,0.049048540997318923,0,0,7.293215509263393e-12,496968,-1,-1,-1,402900,960000,15360000.0,3195,0,9216000,0
10,1920,2,19200,0.5,0.95,10000.0,0.9,1,pcg_time_avg_chol_explicit_avgK,ok,0.0390183339768555,0.011586333013838157,2.6834159169811755,2.734020583971869,1811,0,9.58604924537974e-09,496968,-1,-1,-1,402900,960000,15360000.0,3195,0,9216000,0
10,1920,2,19200,0.5,0.95,10000.0,0.9,1,pcg_banded_time_avg_precision_chol,ok,0.015354833012679592,0.004114207986276597,3.2573642499919515,3.2768332909909077,1808,0,9.668686683143986e-09,-1,40,6297600,6297600,402900,960000,15360000.0,3195,0,9216000,0
10,1920,2,19200,0.5,0.95,10000.0,0.9,7,direct_cholmod,ok,0.03733050002483651,0.011624917009612545,0.0003670829755719751,0.04932250001002103,0,0,5.22964480102863e-12,496968,-1,-1,-1,402900,960000,15360000.0,3195,0,9216000,0
10,1920,2,19200,0.5,0.95,10000.0,0.9,7,pcg_time_avg_chol_explicit_avgK,ok,0.03735787500045262,0.011625332990661263,3.366686250024941,3.4156694580160547,2628,0,8.881302598987509e-09,496968,-1,-1,-1,402900,960000,15360000.0,3195,0,9216000,0
10,1920,2,19200,0.5,0.95,10000.0,0.9,7,pcg_banded_time_avg_precision_chol,ok,0.01474420799058862,0.004182207980193198,4.805827792006312,4.824754207977094,2616,0,9.473634836619051e-09,-1,40,6297600,6297600,402900,960000,15360000.0,3195,0,9216000,0
10,1920,12,19200,0.1,0.95,10000.0,0.9,0,direct_cholmod,ok,0.3337620420206804,0.12451308299205266,0.0017779580084607005,0.46005308302119374,0,0,5.879198408566068e-13,2592700,-1,-1,-1,2315400,4800000,76800000.0,3195,0,39936000,0
10,1920,12,19200,0.1,0.95,10000.0,0.9,0,pcg_time_avg_chol_explicit_avgK,ok,0.3378148330084514,0.11077854200266302,0.12514545800513588,0.5737388330162503,28,0,6.283247554869718e-09,2592700,-1,-1,-1,2315400,4800000,76800000.0,3195,0,39936000,0
10,1920,12,19200,0.1,0.95,10000.0,0.9,0,pcg_banded_time_avg_precision_chol,ok,0.09749491600086913,0.07546179101336747,0.1305059999867808,0.3034627070010174,28,0,6.283247840875911e-09,-1,129,19968000,19968000,2315400,4800000,76800000.0,3195,0,39936000,0
10,1920,12,19200,0.1,0.95,10000.0,0.9,1,direct_cholmod,ok,0.32624254198162816,0.11098362499615178,0.0031488749955315143,0.44037504197331145,0,0,5.175418089047535e-13,2592700,-1,-1,-1,2315400,4800000,76800000.0,3195,0,39936000,0
10,1920,12,19200,0.1,0.95,10000.0,0.9,1,pcg_time_avg_chol_explicit_avgK,ok,0.3301074999908451,0.10965320799732581,0.1265084170154296,0.5662691250036005,28,0,5.615801984148654e-09,2592700,-1,-1,-1,2315400,4800000,76800000.0,3195,0,39936000,0
10,1920,12,19200,0.1,0.95,10000.0,0.9,1,pcg_banded_time_avg_precision_chol,ok,0.09486979199573398,0.07554933297797106,0.12793179199798033,0.29835091697168536,28,0,5.615802197788265e-09,-1,129,19968000,19968000,2315400,4800000,76800000.0,3195,0,39936000,0
10,1920,12,19200,0.1,0.95,10000.0,0.9,7,direct_cholmod,ok,0.3262054590159096,0.10918383300304413,0.00152133300434798,0.4369106250233017,0,0,4.598485250240105e-13,2592700,-1,-1,-1,2315400,4800000,76800000.0,3195,0,39936000,0
10,1920,12,19200,0.1,0.95,10000.0,0.9,7,pcg_time_avg_chol_explicit_avgK,ok,0.32858787500299513,0.10965812500216998,0.12881912500597537,0.5670651250111405,28,0,9.167958287612872e-09,2592700,-1,-1,-1,2315400,4800000,76800000.0,3195,0,39936000,0
10,1920,12,19200,0.1,0.95,10000.0,0.9,7,pcg_banded_time_avg_precision_chol,ok,0.09274066699435934,0.07529079201049171,0.12441341701196507,0.2924448760168161,28,0,9.167958372664314e-09,-1,129,19968000,19968000,2315400,4800000,76800000.0,3195,0,39936000,0
10,1920,12,19200,0.3,0.95,10000.0,0.9,0,direct_cholmod,ok,0.32452749999356456,0.10938116599572822,0.00151012500282377,0.43541879099211656,0,0,1.0866624380462457e-12,2592700,-1,-1,-1,2315400,4800000,76800000.0,3195,0,39936000,0
10,1920,12,19200,0.3,0.95,10000.0,0.9,0,pcg_time_avg_chol_explicit_avgK,ok,0.3246669579821173,0.10930608300259337,1.063268291996792,1.4972413329815026,242,0,9.140749229118422e-09,2592700,-1,-1,-1,2315400,4800000,76800000.0,3195,0,39936000,0
10,1920,12,19200,0.3,0.95,10000.0,0.9,0,pcg_banded_time_avg_precision_chol,ok,0.09531000000424683,0.07483766600489616,1.2309988749912009,1.4011465410003439,242,0,8.005769504591716e-09,-1,129,19968000,19968000,2315400,4800000,76800000.0,3195,0,39936000,0
10,1920,12,19200,0.3,0.95,10000.0,0.9,1,direct_cholmod,ok,0.3280905830033589,0.10922379099065438,0.001603124983375892,0.4389174989773892,0,0,8.439663533616886e-13,2592700,-1,-1,-1,2315400,4800000,76800000.0,3195,0,39936000,0
10,1920,12,19200,0.3,0.95,10000.0,0.9,1,pcg_time_avg_chol_explicit_avgK,ok,0.3420387910155114,0.10915154198301025,1.0398595000151545,1.491049833013676,227,0,9.420678305869843e-09,2592700,-1,-1,-1,2315400,4800000,76800000.0,3195,0,39936000,0
10,1920,12,19200,0.3,0.95,10000.0,0.9,1,pcg_banded_time_avg_precision_chol,ok,0.09641362499678507,0.07573008400504477,1.1574820000096224,1.3296257090114523,228,0,8.47016972007202e-09,-1,129,19968000,19968000,2315400,4800000,76800000.0,3195,0,39936000,0
10,1920,12,19200,0.3,0.95,10000.0,0.9,7,direct_cholmod,ok,0.32619575000717305,0.11018920899368823,0.001455082994652912,0.4378400419955142,0,0,8.814437411068052e-13,2592700,-1,-1,-1,2315400,4800000,76800000.0,3195,0,39936000,0
10,1920,12,19200,0.3,0.95,10000.0,0.9,7,pcg_time_avg_chol_explicit_avgK,ok,0.3306617079942953,0.11297733397805132,1.1338643750059418,1.5775034169782884,273,0,9.37089625446767e-09,2592700,-1,-1,-1,2315400,4800000,76800000.0,3195,0,39936000,0
10,1920,12,19200,0.3,0.95,10000.0,0.9,7,pcg_banded_time_avg_precision_chol,ok,0.09438466597930528,0.07504220798728056,1.2781167500070296,1.4475436239736155,274,0,8.89167063157149e-09,-1,129,19968000,19968000,2315400,4800000,76800000.0,3195,0,39936000,0
10,1920,12,19200,0.5,0.95,10000.0,0.9,0,direct_cholmod,ok,0.32696420900174417,0.10980562499025837,0.0014999999839346856,0.4382698339759372,0,0,3.3920720709911807e-12,2592700,-1,-1,-1,2315400,4800000,76800000.0,3195,0,39936000,0
10,1920,12,19200,0.5,0.95,10000.0,0.9,0,pcg_time_avg_chol_explicit_avgK,ok,0.32466512502287515,0.10974779102252796,7.914621125004487,8.34903404104989,1796,0,9.901755079748064e-09,2592700,-1,-1,-1,2315400,4800000,76800000.0,3195,0,39936000,0
10,1920,12,19200,0.5,0.95,10000.0,0.9,0,pcg_banded_time_avg_precision_chol,ok,0.09163487498881295,0.0732627079996746,8.775121000013314,8.940018583001802,1797,0,9.597396282891885e-09,-1,129,19968000,19968000,2315400,4800000,76800000.0,3195,0,39936000,0
10,1920,12,19200,0.5,0.95,10000.0,0.9,1,direct_cholmod,ok,0.33911458298098296,0.10961624997435138,0.0015970829990692437,0.4503279159544036,0,0,2.765192984609231e-12,2592700,-1,-1,-1,2315400,4800000,76800000.0,3195,0,39936000,0
10,1920,12,19200,0.5,0.95,10000.0,0.9,1,pcg_time_avg_chol_explicit_avgK,ok,0.3254299169930164,0.10903862499981187,7.775206459016772,8.2096750010096,1798,0,9.947425718103304e-09,2592700,-1,-1,-1,2315400,4800000,76800000.0,3195,0,39936000,0
10,1920,12,19200,0.5,0.95,10000.0,0.9,1,pcg_banded_time_avg_precision_chol,ok,0.0926867910020519,0.0754310830088798,8.729325416992651,8.897443291003583,1791,0,9.708522281787788e-09,-1,129,19968000,19968000,2315400,4800000,76800000.0,3195,0,39936000,0
10,1920,12,19200,0.5,0.95,10000.0,0.9,7,direct_cholmod,ok,0.33327050000661984,0.11242083300021477,0.0016363330068998039,0.4473276660137344,0,0,3.2168674060710173e-12,2592700,-1,-1,-1,2315400,4800000,76800000.0,3195,0,39936000,0
10,1920,12,19200,0.5,0.95,10000.0,0.9,7,pcg_time_avg_chol_explicit_avgK,ok,0.3297277079836931,0.1088053330022376,11.072126458981074,11.510659499967005,2504,0,9.971608600106818e-09,2592700,-1,-1,-1,2315400,4800000,76800000.0,3195,0,39936000,0
10,1920,12,19200,0.5,0.95,10000.0,0.9,7,pcg_banded_time_avg_precision_chol,ok,0.09127158400951885,0.07544566699652933,12.11487533399486,12.281592585000908,2500,0,9.638343451792121e-09,-1,129,19968000,19968000,2315400,4800000,76800000.0,3195,0,39936000,0
10,1920,24,19200,0.1,0.95,10000.0,0.9,0,direct_cholmod,ok,1.0160037910100073,0.18554937501903623,0.003411499987123534,1.204964666016167,0,0,4.885379298514871e-13,4968900,-1,-1,-1,4597200,9408000,150528000.0,3195,0,76800000,0
10,1920,24,19200,0.1,0.95,10000.0,0.9,0,pcg_time_avg_chol_explicit_avgK,ok,1.0039366249984596,0.1812541249964852,0.20830179197946563,1.3934925419744104,27,0,7.807638643541805e-09,4968900,-1,-1,-1,4597200,9408000,150528000.0,3195,0,76800000,0
10,1920,24,19200,0.1,0.95,10000.0,0.9,0,pcg_banded_time_avg_precision_chol,ok,0.25211312499595806,0.1622168340254575,0.23510237500886433,0.6494323340302799,27,0,7.807642228046425e-09,-1,249,38400000,38400000,4597200,9408000,150528000.0,3195,0,76800000,0
10,1920,24,19200,0.1,0.95,10000.0,0.9,1,direct_cholmod,ok,1.0118870419973973,0.18390720800380222,0.0037250840105116367,1.1995193340117112,0,0,5.888179691005808e-13,4968900,-1,-1,-1,4597200,9408000,150528000.0,3195,0,76800000,0
10,1920,24,19200,0.1,0.95,10000.0,0.9,1,pcg_time_avg_chol_explicit_avgK,ok,1.0069220419973135,0.1818074170150794,0.2193940000142902,1.4081234590266831,28,0,4.9202267405712725e-09,4968900,-1,-1,-1,4597200,9408000,150528000.0,3195,0,76800000,0
10,1920,24,19200,0.1,0.95,10000.0,0.9,1,pcg_banded_time_avg_precision_chol,ok,0.25283716700505465,0.1609377920103725,0.2504837920132559,0.664258751028683,28,0,4.920226966725314e-09,-1,249,38400000,38400000,4597200,9408000,150528000.0,3195,0,76800000,0
10,1920,24,19200,0.1,0.95,10000.0,0.9,7,direct_cholmod,ok,1.0061769580061082,0.1804093329992611,0.004198166978312656,1.190784457983682,0,0,3.813359915884184e-13,4968900,-1,-1,-1,4597200,9408000,150528000.0,3195,0,76800000,0
10,1920,24,19200,0.1,0.95,10000.0,0.9,7,pcg_time_avg_chol_explicit_avgK,ok,1.0199743330013007,0.1796342919988092,0.2131356249738019,1.4127442499739118,28,0,8.14335464986318e-09,4968900,-1,-1,-1,4597200,9408000,150528000.0,3195,0,76800000,0
10,1920,24,19200,0.1,0.95,10000.0,0.9,7,pcg_banded_time_avg_precision_chol,ok,0.25598316700779833,0.16346654199878685,0.25554487499175593,0.6749945839983411,28,0,8.143353132063405e-09,-1,249,38400000,38400000,4597200,9408000,150528000.0,3195,0,76800000,0
10,1920,24,19200,0.3,0.95,10000.0,0.9,0,direct_cholmod,ok,1.004906124988338,0.18110124999657273,0.003788750007515773,1.1897961249924265,0,0,9.584833319280416e-13,4968900,-1,-1,-1,4597200,9408000,150528000.0,3195,0,76800000,0
10,1920,24,19200,0.3,0.95,10000.0,0.9,0,pcg_time_avg_chol_explicit_avgK,ok,1.0064484580070712,0.1800586250028573,1.6324174589826725,2.818924541992601,217,0,9.71750086118276e-09,4968900,-1,-1,-1,4597200,9408000,150528000.0,3195,0,76800000,0
10,1920,24,19200,0.3,0.95,10000.0,0.9,0,pcg_banded_time_avg_precision_chol,ok,0.25430537498323247,0.16072462502052076,1.8721331249980722,2.2871631250018254,218,0,9.375397580671526e-09,-1,249,38400000,38400000,4597200,9408000,150528000.0,3195,0,76800000,0
10,1920,24,19200,0.3,0.95,10000.0,0.9,1,direct_cholmod,ok,1.0085628750093747,0.17967633297666907,0.0026687080098781735,1.190907915995922,0,0,1.0806865433103163e-12,4968900,-1,-1,-1,4597200,9408000,150528000.0,3195,0,76800000,0
10,1920,24,19200,0.3,0.95,10000.0,0.9,1,pcg_time_avg_chol_explicit_avgK,ok,1.008678250014782,0.17941441701259464,1.752892124990467,2.9409847920178436,229,0,8.849254829000858e-09,4968900,-1,-1,-1,4597200,9408000,150528000.0,3195,0,76800000,0
10,1920,24,19200,0.3,0.95,10000.0,0.9,1,pcg_banded_time_avg_precision_chol,ok,0.2514257080038078,0.16072820901172236,1.960314333991846,2.3724682510073762,229,0,9.445231526451233e-09,-1,249,38400000,38400000,4597200,9408000,150528000.0,3195,0,76800000,0
10,1920,24,19200,0.3,0.95,10000.0,0.9,7,direct_cholmod,ok,1.0062840830069035,0.18115145797492005,0.0026414580061100423,1.1900769989879336,0,0,7.043366758700113e-13,4968900,-1,-1,-1,4597200,9408000,150528000.0,3195,0,76800000,0
10,1920,24,19200,0.3,0.95,10000.0,0.9,7,pcg_time_avg_chol_explicit_avgK,ok,1.005811665992951,0.17988733301172033,2.1672643340134528,3.352963333018124,279,0,9.841520931882607e-09,4968900,-1,-1,-1,4597200,9408000,150528000.0,3195,0,76800000,0
10,1920,24,19200,0.3,0.95,10000.0,0.9,7,pcg_banded_time_avg_precision_chol,ok,0.25542570801917464,0.15865587498410605,2.3806849170068745,2.794766500010155,278,0,9.632173834913804e-09,-1,249,38400000,38400000,4597200,9408000,150528000.0,3195,0,76800000,0
10,1920,24,19200,0.5,0.95,10000.0,0.9,0,direct_cholmod,ok,1.0020985830051359,0.1861267499916721,0.003500916005577892,1.1917262490023859,0,0,3.2174977466439286e-12,4968900,-1,-1,-1,4597200,9408000,150528000.0,3195,0,76800000,0
10,1920,24,19200,0.5,0.95,10000.0,0.9,0,pcg_time_avg_chol_explicit_avgK,ok,1.0118970000185072,0.17927541700191796,12.702585791994352,13.893758209014777,1658,0,9.628076229342836e-09,4968900,-1,-1,-1,4597200,9408000,150528000.0,3195,0,76800000,0
10,1920,24,19200,0.5,0.95,10000.0,0.9,0,pcg_banded_time_avg_precision_chol,ok,0.25486029201420024,0.16140404200996272,14.128925874974811,14.545190208998974,1661,0,9.936181448587496e-09,-1,249,38400000,38400000,4597200,9408000,150528000.0,3195,0,76800000,0
10,1920,24,19200,0.5,0.95,10000.0,0.9,1,direct_cholmod,ok,1.0072912499890663,0.18256074999226257,0.004192583990516141,1.194044583971845,0,0,2.7940262259833996e-12,4968900,-1,-1,-1,4597200,9408000,150528000.0,3195,0,76800000,0
10,1920,24,19200,0.5,0.95,10000.0,0.9,1,pcg_time_avg_chol_explicit_avgK,ok,1.0087740840099286,0.18101616701460443,13.082984333013883,14.272774584038416,1731,0,9.416911900679255e-09,4968900,-1,-1,-1,4597200,9408000,150528000.0,3195,0,76800000,0
10,1920,24,19200,0.5,0.95,10000.0,0.9,1,pcg_banded_time_avg_precision_chol,ok,0.24930904200300574,0.16145737501210533,14.733152041997528,15.143918459012639,1719,0,9.9760133580621e-09,-1,249,38400000,38400000,4597200,9408000,150528000.0,3195,0,76800000,0
10,1920,24,19200,0.5,0.95,10000.0,0.9,7,direct_cholmod,ok,1.0064669160055928,0.18165658399811946,0.0026727080112323165,1.1907962080149446,0,0,2.383158016025464e-12,4968900,-1,-1,-1,4597200,9408000,150528000.0,3195,0,76800000,0
10,1920,24,19200,0.5,0.95,10000.0,0.9,7,pcg_time_avg_chol_explicit_avgK,ok,1.0048127499758266,0.17873412498738617,18.288381749996915,19.471928624960128,2439,0,9.67129548617135e-09,4968900,-1,-1,-1,4597200,9408000,150528000.0,3195,0,76800000,0
10,1920,24,19200,0.5,0.95,10000.0,0.9,7,pcg_banded_time_avg_precision_chol,ok,0.25277391701820306,0.1592555419774726,20.70250283300993,21.114532292005606,2444,0,9.58808529667262e-09,-1,249,38400000,38400000,4597200,9408000,150528000.0,3195,0,76800000,0
10,5000,2,50000,0.1,0.95,10000.0,0.9,0,direct_cholmod,ok,0.09987170799286105,0.03199408299406059,0.0008362090156879276,0.13270200000260957,0,0,1.2098644238581194e-12,1294680,-1,-1,-1,1049700,2500000,40000000.0,8325,0,24000000,0
10,5000,2,50000,0.1,0.95,10000.0,0.9,0,pcg_time_avg_chol_explicit_avgK,ok,0.1019456249778159,0.03268445801222697,0.08826129097724333,0.2228913739672862,31,0,8.127330033890447e-09,1294680,-1,-1,-1,1049700,2500000,40000000.0,8325,0,24000000,0
10,5000,2,50000,0.1,0.95,10000.0,0.9,0,pcg_banded_time_avg_precision_chol,ok,0.040249999990919605,0.011008707981090993,0.11638120899442583,0.16763991696643643,31,0,8.12734062668152e-09,-1,40,16400000,16400000,1049700,2500000,40000000.0,8325,0,24000000,0
10,5000,2,50000,0.1,0.95,10000.0,0.9,1,direct_cholmod,ok,0.09857433300931007,0.03161254202132113,0.000822375004645437,0.13100925003527664,0,0,1.5688737440439192e-12,1294680,-1,-1,-1,1049700,2500000,40000000.0,8325,0,24000000,0
10,5000,2,50000,0.1,0.95,10000.0,0.9,1,pcg_time_avg_chol_explicit_avgK,ok,0.10176370898261666,0.03159220900852233,0.09155549999559298,0.22491141798673198,33,0,5.6658126773191e-09,1294680,-1,-1,-1,1049700,2500000,40000000.0,8325,0,24000000,0
10,5000,2,50000,0.1,0.95,10000.0,0.9,1,pcg_banded_time_avg_precision_chol,ok,0.038700791978044435,0.011043708014767617,0.12393512501148507,0.17367962500429712,33,0,5.6658208376300715e-09,-1,40,16400000,16400000,1049700,2500000,40000000.0,8325,0,24000000,0
10,5000,2,50000,0.1,0.95,10000.0,0.9,7,direct_cholmod,ok,0.09763662499608472,0.03075545799219981,0.0008187920029740781,0.1292108749912586,0,0,7.442351249978548e-13,1294680,-1,-1,-1,1049700,2500000,40000000.0,8325,0,24000000,0
10,5000,2,50000,0.1,0.95,10000.0,0.9,7,pcg_time_avg_chol_explicit_avgK,ok,0.10063520801486447,0.03199966601096094,0.07437395901069976,0.20700883303652517,31,0,5.647042067346891e-09,1294680,-1,-1,-1,1049700,2500000,40000000.0,8325,0,24000000,0
10,5000,2,50000,0.1,0.95,10000.0,0.9,7,pcg_banded_time_avg_precision_chol,ok,0.039416874991729856,0.011136666988022625,0.11337500001536682,0.1639285419951193,31,0,5.647047258643525e-09,-1,40,16400000,16400000,1049700,2500000,40000000.0,8325,0,24000000,0
10,5000,2,50000,0.3,0.95,10000.0,0.9,0,direct_cholmod,ok,0.09946112500620075,0.030585583997890353,0.0008034159836824983,0.1308501249877736,0,0,2.180234045436844e-12,1294680,-1,-1,-1,1049700,2500000,40000000.0,8325,0,24000000,0
10,5000,2,50000,0.3,0.95,10000.0,0.9,0,pcg_time_avg_chol_explicit_avgK,ok,0.10001674998784438,0.03143445900059305,0.8796806670143269,1.0111318760027643,322,0,9.626539312026337e-09,1294680,-1,-1,-1,1049700,2500000,40000000.0,8325,0,24000000,0
10,5000,2,50000,0.3,0.95,10000.0,0.9,0,pcg_banded_time_avg_precision_chol,ok,0.03918558300938457,0.010956957994494587,1.2327589170017745,1.2829014580056537,325,0,7.899376513223469e-09,-1,40,16400000,16400000,1049700,2500000,40000000.0,8325,0,24000000,0
10,5000,2,50000,0.3,0.95,10000.0,0.9,1,direct_cholmod,ok,0.09968545899027959,0.031719874998088926,0.000838666019262746,0.13224400000763126,0,0,2.628350557843416e-12,1294680,-1,-1,-1,1049700,2500000,40000000.0,8325,0,24000000,0
10,5000,2,50000,0.3,0.95,10000.0,0.9,1,pcg_time_avg_chol_explicit_avgK,ok,0.10027574998093769,0.03258075000485405,0.8942935829982162,1.027150082984008,373,0,9.887555100819808e-09,1294680,-1,-1,-1,1049700,2500000,40000000.0,8325,0,24000000,0
10,5000,2,50000,0.3,0.95,10000.0,0.9,1,pcg_banded_time_avg_precision_chol,ok,0.037949833989841864,0.011018333985703066,1.418234582990408,1.4672027509659529,373,0,9.913343381260421e-09,-1,40,16400000,16400000,1049700,2500000,40000000.0,8325,0,24000000,0
10,5000,2,50000,0.3,0.95,10000.0,0.9,7,direct_cholmod,ok,0.09875995802576654,0.03182541599380784,0.0008410409791395068,0.13142641499871388,0,0,1.2660926573109185e-12,1294680,-1,-1,-1,1049700,2500000,40000000.0,8325,0,24000000,0
10,5000,2,50000,0.3,0.95,10000.0,0.9,7,pcg_time_avg_chol_explicit_avgK,ok,0.10031541701755486,0.03178133399342187,0.7453362910018768,0.8774330420128535,308,0,9.82093298622535e-09,1294680,-1,-1,-1,1049700,2500000,40000000.0,8325,0,24000000,0
10,5000,2,50000,0.3,0.95,10000.0,0.9,7,pcg_banded_time_avg_precision_chol,ok,0.039490583003498614,0.011043209000490606,1.0826118339900859,1.133145625994075,308,0,9.858717351250066e-09,-1,40,16400000,16400000,1049700,2500000,40000000.0,8325,0,24000000,0
10,5000,2,50000,0.5,0.95,10000.0,0.9,0,direct_cholmod,ok,0.10015579199534841,0.031752417009556666,0.0008315420127473772,0.13273975101765245,0,0,8.666309675103602e-12,1294680,-1,-1,-1,1049700,2500000,40000000.0,8325,0,24000000,0
10,5000,2,50000,0.5,0.95,10000.0,0.9,0,pcg_time_avg_chol_explicit_avgK,ok,0.09936266698059626,0.03171558299800381,7.834224541002186,7.965302790980786,2920,0,9.804159515359974e-09,1294680,-1,-1,-1,1049700,2500000,40000000.0,8325,0,24000000,0
10,5000,2,50000,0.5,0.95,10000.0,0.9,0,pcg_banded_time_avg_precision_chol,ok,0.03727916599018499,0.011070916021708399,10.546659792016726,10.59500987402862,2921,0,9.913977819935974e-09,-1,40,16400000,16400000,1049700,2500000,40000000.0,8325,0,24000000,0
10,5000,2,50000,0.5,0.95,10000.0,0.9,1,direct_cholmod,ok,0.09936654102057219,0.031187583022983745,0.0008250410028267652,0.1313791650463827,0,0,8.588876970317673e-12,1294680,-1,-1,-1,1049700,2500000,40000000.0,8325,0,24000000,0
10,5000,2,50000,0.5,0.95,10000.0,0.9,1,pcg_time_avg_chol_explicit_avgK,ok,0.10002437498769723,0.0307985830004327,10.102905457984889,10.233728415973019,3951,0,9.406820153912784e-09,1294680,-1,-1,-1,1049700,2500000,40000000.0,8325,0,24000000,0
10,5000,2,50000,0.5,0.95,10000.0,0.9,1,pcg_banded_time_avg_precision_chol,ok,0.038443291996372864,0.010983624990331009,14.517999458010308,14.567426374997012,3961,0,9.37995516819584e-09,-1,40,16400000,16400000,1049700,2500000,40000000.0,8325,0,24000000,0
10,5000,2,50000,0.5,0.95,10000.0,0.9,7,direct_cholmod,ok,0.09959779199562036,0.030692083993926644,0.0008115830132737756,0.13110145900282077,0,0,3.8900190977720895e-12,1294680,-1,-1,-1,1049700,2500000,40000000.0,8325,0,24000000,0
10,5000,2,50000,0.5,0.95,10000.0,0.9,7,pcg_time_avg_chol_explicit_avgK,ok,0.10280554200289771,0.03193137497873977,8.047794125013752,8.18253104199539,2933,0,9.888916983685667e-09,1294680,-1,-1,-1,1049700,2500000,40000000.0,8325,0,24000000,0
10,5000,2,50000,0.5,0.95,10000.0,0.9,7,pcg_banded_time_avg_precision_chol,ok,0.03892225000890903,0.011040375014999881,11.06030745798489,11.1102700830088,2927,0,9.83069802187433e-09,-1,40,16400000,16400000,1049700,2500000,40000000.0,8325,0,24000000,0
10,5000,12,50000,0.1,0.95,10000.0,0.9,0,direct_cholmod,ok,0.8874828330008313,0.28598079198854975,0.004801124974619597,1.1782647499640007,0,0,5.651298409624507e-13,6766000,-1,-1,-1,6042200,12500000,200000000.0,8325,0,104000000,0
10,5000,12,50000,0.1,0.95,10000.0,0.9,0,pcg_time_avg_chol_explicit_avgK,ok,0.8541528339846991,0.27981424998142757,0.34470158399199136,1.478668667958118,31,0,6.70407217850674e-09,6766000,-1,-1,-1,6042200,12500000,200000000.0,8325,0,104000000,0
10,5000,12,50000,0.1,0.95,10000.0,0.9,0,pcg_banded_time_avg_precision_chol,ok,0.24460637499578297,0.1977347079955507,0.3406607919896487,0.7830018749809824,31,0,6.7040779357048095e-09,-1,129,52000000,52000000,6042200,12500000,200000000.0,8325,0,104000000,0
10,5000,12,50000,0.1,0.95,10000.0,0.9,1,direct_cholmod,ok,0.8518664159928448,0.28207370900781825,0.004634000011719763,1.1385741250123829,0,0,5.083420281794761e-13,6766000,-1,-1,-1,6042200,12500000,200000000.0,8325,0,104000000,0
10,5000,12,50000,0.1,0.95,10000.0,0.9,1,pcg_time_avg_chol_explicit_avgK,ok,0.8637529589759652,0.27930325001943856,0.34781683399342,1.4908730429888237,32,0,8.263987848406852e-09,6766000,-1,-1,-1,6042200,12500000,200000000.0,8325,0,104000000,0
10,5000,12,50000,0.1,0.95,10000.0,0.9,1,pcg_banded_time_avg_precision_chol,ok,0.24310637501184829,0.1971014160080813,0.33592466701520607,0.7761324580351356,32,0,8.263986829553365e-09,-1,129,52000000,52000000,6042200,12500000,200000000.0,8325,0,104000000,0
10,5000,12,50000,0.1,0.95,10000.0,0.9,7,direct_cholmod,ok,0.8555892090080306,0.2823315419955179,0.004620000021532178,1.1425407510250807,0,0,4.516564284648625e-13,6766000,-1,-1,-1,6042200,12500000,200000000.0,8325,0,104000000,0
10,5000,12,50000,0.1,0.95,10000.0,0.9,7,pcg_time_avg_chol_explicit_avgK,ok,0.8656742079765536,0.28219795899349265,0.32429820799734443,1.4721703749673907,30,0,6.145913720928663e-09,6766000,-1,-1,-1,6042200,12500000,200000000.0,8325,0,104000000,0
10,5000,12,50000,0.1,0.95,10000.0,0.9,7,pcg_banded_time_avg_precision_chol,ok,0.2388291660172399,0.19775229098740965,0.3062637499824632,0.7428452069871128,30,0,6.1459109438363594e-09,-1,129,52000000,52000000,6042200,12500000,200000000.0,8325,0,104000000,0
10,5000,12,50000,0.3,0.95,10000.0,0.9,0,direct_cholmod,ok,0.8540626670001075,0.28010333399288356,0.00547599999117665,1.1396420009841677,0,0,9.759859753052863e-13,6766000,-1,-1,-1,6042200,12500000,200000000.0,8325,0,104000000,0
10,5000,12,50000,0.3,0.95,10000.0,0.9,0,pcg_time_avg_chol_explicit_avgK,ok,0.8609328329912387,0.2714503750030417,3.5769047499925364,4.709287957986817,320,0,9.487030266588892e-09,6766000,-1,-1,-1,6042200,12500000,200000000.0,8325,0,104000000,0
10,5000,12,50000,0.3,0.95,10000.0,0.9,0,pcg_banded_time_avg_precision_chol,ok,0.24222533300053328,0.19557979100500233,3.4395376669999678,3.8773427910055034,322,0,9.279014299358322e-09,-1,129,52000000,52000000,6042200,12500000,200000000.0,8325,0,104000000,0
10,5000,12,50000,0.3,0.95,10000.0,0.9,1,direct_cholmod,ok,0.860270417004358,0.28182787500554696,0.004703124985098839,1.1468014169950038,0,0,9.322627014204546e-13,6766000,-1,-1,-1,6042200,12500000,200000000.0,8325,0,104000000,0
10,5000,12,50000,0.3,0.95,10000.0,0.9,1,pcg_time_avg_chol_explicit_avgK,ok,0.8529828329919837,0.28070879098959267,4.012413958000252,5.146105581981828,373,0,9.729153610364573e-09,6766000,-1,-1,-1,6042200,12500000,200000000.0,8325,0,104000000,0
10,5000,12,50000,0.3,0.95,10000.0,0.9,1,pcg_banded_time_avg_precision_chol,ok,0.24149045799276792,0.19671133399242535,4.05572045900044,4.493922250985634,374,0,9.723514413738422e-09,-1,129,52000000,52000000,6042200,12500000,200000000.0,8325,0,104000000,0
10,5000,12,50000,0.3,0.95,10000.0,0.9,7,direct_cholmod,ok,0.8513421250099782,0.2793096250097733,0.004613041994161904,1.1352647920139134,0,0,8.047270845398434e-13,6766000,-1,-1,-1,6042200,12500000,200000000.0,8325,0,104000000,0
10,5000,12,50000,0.3,0.95,10000.0,0.9,7,pcg_time_avg_chol_explicit_avgK,ok,0.867352542001754,0.2822992500150576,3.166561541002011,4.316213333018823,295,0,8.869745059599366e-09,6766000,-1,-1,-1,6042200,12500000,200000000.0,8325,0,104000000,0
10,5000,12,50000,0.3,0.95,10000.0,0.9,7,pcg_banded_time_avg_precision_chol,ok,0.2414180409978144,0.1963965840113815,3.2072837500018068,3.6450983750110026,294,0,9.843768439442244e-09,-1,129,52000000,52000000,6042200,12500000,200000000.0,8325,0,104000000,0
10,5000,12,50000,0.5,0.95,10000.0,0.9,0,direct_cholmod,ok,0.8484079999907408,0.282945250015473,0.00455841701477766,1.1359116670209914,0,0,3.4788794327738267e-12,6766000,-1,-1,-1,6042200,12500000,200000000.0,8325,0,104000000,0
10,5000,12,50000,0.5,0.95,10000.0,0.9,0,pcg_time_avg_chol_explicit_avgK,ok,0.8612609999836423,0.2785380000132136,31.824684832972707,32.96448383296956,2943,0,9.660963684334585e-09,6766000,-1,-1,-1,6042200,12500000,200000000.0,8325,0,104000000,0
10,5000,12,50000,0.5,0.95,10000.0,0.9,0,pcg_banded_time_avg_precision_chol,ok,0.24069950002012774,0.19738324999343604,31.860395833995426,32.29847858400899,2942,0,9.520292977552647e-09,-1,129,52000000,52000000,6042200,12500000,200000000.0,8325,0,104000000,0
10,5000,12,50000,0.5,0.95,10000.0,0.9,1,direct_cholmod,ok,0.8590662080096081,0.282824541995069,0.0046475839917548,1.146538333996432,0,0,3.779265841752346e-12,6766000,-1,-1,-1,6042200,12500000,200000000.0,8325,0,104000000,0
10,5000,12,50000,0.5,0.95,10000.0,0.9,1,pcg_time_avg_chol_explicit_avgK,ok,0.8551707500009798,0.28439283298212104,42.01941574999364,43.15897933297674,3921,0,9.747501535929773e-09,6766000,-1,-1,-1,6042200,12500000,200000000.0,8325,0,104000000,0
10,5000,12,50000,0.5,0.95,10000.0,0.9,1,pcg_banded_time_avg_precision_chol,ok,0.2401124160096515,0.1972421660029795,42.993390082992846,43.43074466500548,3912,0,9.678911289588312e-09,-1,129,52000000,52000000,6042200,12500000,200000000.0,8325,0,104000000,0
10,5000,12,50000,0.5,0.95,10000.0,0.9,7,direct_cholmod,ok,0.8574047909933142,0.28139879199443385,0.0059118749923072755,1.1447154579800554,0,0,2.8259953225713727e-12,6766000,-1,-1,-1,6042200,12500000,200000000.0,8325,0,104000000,0
10,5000,12,50000,0.5,0.95,10000.0,0.9,7,pcg_time_avg_chol_explicit_avgK,ok,0.8627142499899492,0.2816162919916678,31.333601749996888,32.477932291978505,2909,0,9.977996978074169e-09,6766000,-1,-1,-1,6042200,12500000,200000000.0,8325,0,104000000,0
10,5000,12,50000,0.5,0.95,10000.0,0.9,7,pcg_banded_time_avg_precision_chol,ok,0.24527583399321884,0.19668412499595433,32.07548383300309,32.517443791992264,2915,0,9.680554757410735e-09,-1,129,52000000,52000000,6042200,12500000,200000000.0,8325,0,104000000,0
10,5000,24,50000,0.1,0.95,10000.0,0.9,0,direct_cholmod,ok,2.6782828329887707,0.49266191700007766,0.011858334008138627,3.182803083996987,0,0,4.70420355444876e-13,12992300,-1,-1,-1,12020000,24500000,392000000.0,8325,0,200000000,0
10,5000,24,50000,0.1,0.95,10000.0,0.9,0,pcg_time_avg_chol_explicit_avgK,ok,2.6735250830242876,0.4724572090199217,0.6119924999948125,3.757974792039022,31,0,5.811367625043698e-09,12992300,-1,-1,-1,12020000,24500000,392000000.0,8325,0,200000000,0
10,5000,24,50000,0.1,0.95,10000.0,0.9,0,pcg_banded_time_avg_precision_chol,ok,0.650007165997522,0.42265033299918287,0.5581016670039389,1.6307591660006437,31,0,5.8113695735687276e-09,-1,249,100000000,100000000,12020000,24500000,392000000.0,8325,0,200000000,0
10,5000,24,50000,0.1,0.95,10000.0,0.9,1,direct_cholmod,ok,2.66873966701678,0.4840382089896593,0.007246958004543558,3.160024834010983,0,0,5.842681836709888e-13,12992300,-1,-1,-1,12020000,24500000,392000000.0,8325,0,200000000,0
10,5000,24,50000,0.1,0.95,10000.0,0.9,1,pcg_time_avg_chol_explicit_avgK,ok,2.638522124994779,0.4792989999987185,0.6207498339936137,3.7385709589871112,32,0,6.135275837441531e-09,12992300,-1,-1,-1,12020000,24500000,392000000.0,8325,0,200000000,0
10,5000,24,50000,0.1,0.95,10000.0,0.9,1,pcg_banded_time_avg_precision_chol,ok,0.6546018339868169,0.4793025410035625,0.5876875410031062,1.7215919159934856,32,0,6.135277223701435e-09,-1,249,100000000,100000000,12020000,24500000,392000000.0,8325,0,200000000,0
10,5000,24,50000,0.1,0.95,10000.0,0.9,7,direct_cholmod,ok,2.666337291011587,0.4726695829886012,0.007181124994531274,3.1461879989947192,0,0,3.9007730121763717e-13,12992300,-1,-1,-1,12020000,24500000,392000000.0,8325,0,200000000,0
10,5000,24,50000,0.1,0.95,10000.0,0.9,7,pcg_time_avg_chol_explicit_avgK,ok,2.6467884589801542,0.47841712497756816,0.5810990419995505,3.706304625957273,30,0,6.565843622341551e-09,12992300,-1,-1,-1,12020000,24500000,392000000.0,8325,0,200000000,0
10,5000,24,50000,0.1,0.95,10000.0,0.9,7,pcg_banded_time_avg_precision_chol,ok,0.6447320420120377,0.4196626670018304,0.5501175840036012,1.6145122930174693,30,0,6.565842050099122e-09,-1,249,100000000,100000000,12020000,24500000,392000000.0,8325,0,200000000,0
10,5000,24,50000,0.3,0.95,10000.0,0.9,0,direct_cholmod,ok,2.6511360830045305,0.47485579099156894,0.007298250013263896,3.1332901240093634,0,0,9.478948733048891e-13,12992300,-1,-1,-1,12020000,24500000,392000000.0,8325,0,200000000,0
10,5000,24,50000,0.3,0.95,10000.0,0.9,0,pcg_time_avg_chol_explicit_avgK,ok,2.643023207987426,0.47297166599310003,6.515296416997444,9.63129129097797,338,0,9.080044296555134e-09,12992300,-1,-1,-1,12020000,24500000,392000000.0,8325,0,200000000,0
10,5000,24,50000,0.3,0.95,10000.0,0.9,0,pcg_banded_time_avg_precision_chol,ok,0.6536486659897491,0.42124966700794175,6.149898000003304,7.224796333000995,339,0,9.02323462117757e-09,-1,249,100000000,100000000,12020000,24500000,392000000.0,8325,0,200000000,0
10,5000,24,50000,0.3,0.95,10000.0,0.9,1,direct_cholmod,ok,2.6855223329912405,0.4920067500206642,0.009899583004880697,3.1874286660167854,0,0,1.0257066831226022e-12,12992300,-1,-1,-1,12020000,24500000,392000000.0,8325,0,200000000,0
10,5000,24,50000,0.3,0.95,10000.0,0.9,1,pcg_time_avg_chol_explicit_avgK,ok,2.632356999994954,0.4746349999913946,7.430775624990929,10.537767624977278,381,0,9.719007818368055e-09,12992300,-1,-1,-1,12020000,24500000,392000000.0,8325,0,200000000,0
10,5000,24,50000,0.3,0.95,10000.0,0.9,1,pcg_banded_time_avg_precision_chol,ok,0.6540558749984484,0.4530632080277428,7.019444999983534,8.126564083009725,380,0,9.75287624709886e-09,-1,249,100000000,100000000,12020000,24500000,392000000.0,8325,0,200000000,0
10,5000,24,50000,0.3,0.95,10000.0,0.9,7,direct_cholmod,ok,2.8905477919906843,0.4860331249947194,0.011865415988722816,3.3884463329741266,0,0,7.58066653413402e-13,12992300,-1,-1,-1,12020000,24500000,392000000.0,8325,0,200000000,0
10,5000,24,50000,0.3,0.95,10000.0,0.9,7,pcg_time_avg_chol_explicit_avgK,ok,2.7717041250143666,0.5047481249785051,6.2559301250148565,9.532382375007728,310,0,9.234882322300412e-09,12992300,-1,-1,-1,12020000,24500000,392000000.0,8325,0,200000000,0
10,5000,24,50000,0.3,0.95,10000.0,0.9,7,pcg_banded_time_avg_precision_chol,ok,0.6738830830145162,0.4865243330132216,5.811272749997443,6.97168016602518,311,0,8.59801345203954e-09,-1,249,100000000,100000000,12020000,24500000,392000000.0,8325,0,200000000,0
10,5000,24,50000,0.5,0.95,10000.0,0.9,0,direct_cholmod,ok,2.745364000002155,0.4884747909964062,0.009605500003090128,3.2434442910016514,0,0,5.000639340740298e-12,12992300,-1,-1,-1,12020000,24500000,392000000.0,8325,0,200000000,0
10,5000,24,50000,0.5,0.95,10000.0,0.9,0,pcg_time_avg_chol_explicit_avgK,ok,2.7517828329873737,0.5012451669899747,67.67270349999308,70.92573149997042,3269,0,9.072056717907603e-09,12992300,-1,-1,-1,12020000,24500000,392000000.0,8325,0,200000000,0
10,5000,24,50000,0.5,0.95,10000.0,0.9,0,pcg_banded_time_avg_precision_chol,ok,0.6986683330032974,0.45191354100825265,62.633609624987,63.78419149899855,3285,0,9.469622481364456e-09,-1,249,100000000,100000000,12020000,24500000,392000000.0,8325,0,200000000,0
10,5000,24,50000,0.5,0.95,10000.0,0.9,1,direct_cholmod,ok,2.8776728750090115,0.4979571670119185,0.008789375016931444,3.3844194170378614,0,0,3.974958100838084e-12,12992300,-1,-1,-1,12020000,24500000,392000000.0,8325,0,200000000,0
10,5000,24,50000,0.5,0.95,10000.0,0.9,1,pcg_time_avg_chol_explicit_avgK,ok,2.793241917010164,0.5102241249987856,83.52347808302147,86.82694412503042,3967,0,9.610173859464913e-09,12992300,-1,-1,-1,12020000,24500000,392000000.0,8325,0,200000000,0
10,5000,24,50000,0.5,0.95,10000.0,0.9,1,pcg_banded_time_avg_precision_chol,ok,0.7015467919991352,0.4605016249988694,76.90166545801912,78.06371387501713,3968,0,9.387680164208831e-09,-1,249,100000000,100000000,12020000,24500000,392000000.0,8325,0,200000000,0
10,5000,24,50000,0.5,0.95,10000.0,0.9,7,direct_cholmod,ok,2.7823119169916026,0.4997781250276603,0.0074831249949056655,3.2895731670141686,0,0,2.228559671884929e-12,12992300,-1,-1,-1,12020000,24500000,392000000.0,8325,0,200000000,0
10,5000,24,50000,0.5,0.95,10000.0,0.9,7,pcg_time_avg_chol_explicit_avgK,ok,2.76987908402225,0.5111069169943221,60.6474236669892,63.92840966800577,2937,0,9.521900946027617e-09,12992300,-1,-1,-1,12020000,24500000,392000000.0,8325,0,200000000,0
10,5000,24,50000,0.5,0.95,10000.0,0.9,7,pcg_banded_time_avg_precision_chol,ok,0.6914915829838719,0.4508259170106612,56.31127329199808,57.45359079199261,2936,0,9.383604416700938e-09,-1,249,100000000,100000000,12020000,24500000,392000000.0,8325,0,200000000,0
10,10000,2,100000,0.1,0.95,10000.0,0.9,0,direct_cholmod,ok,0.2298510829859879,0.06687295899610035,0.002155583002604544,0.2988796249846928,0,0,1.1905555575654092e-12,2589684,-1,-1,-1,2099700,5000000,80000000.0,16660,0,48000000,0
10,10000,2,100000,0.1,0.95,10000.0,0.9,0,pcg_time_avg_chol_explicit_avgK,ok,0.2197846669878345,0.06734012500965036,0.15069112501805648,0.43781591701554134,31,0,8.456154347111636e-09,2589684,-1,-1,-1,2099700,5000000,80000000.0,16660,0,48000000,0
10,10000,2,100000,0.1,0.95,10000.0,0.9,0,pcg_banded_time_avg_precision_chol,ok,0.0814820840023458,0.02373412501765415,0.20852587500121444,0.3137420840212144,31,0,8.456152394498298e-09,-1,40,32800000,32800000,2099700,5000000,80000000.0,16660,0,48000000,0
10,10000,2,100000,0.1,0.95,10000.0,0.9,1,direct_cholmod,ok,0.21910775001742877,0.06557129099383019,0.0016447499801870435,0.286323790991446,0,0,1.6137661520002444e-12,2589684,-1,-1,-1,2099700,5000000,80000000.0,16660,0,48000000,0
10,10000,2,100000,0.1,0.95,10000.0,0.9,1,pcg_time_avg_chol_explicit_avgK,ok,0.22299358301097527,0.0668520419858396,0.17133016599109396,0.46117579098790884,33,0,8.961172512325604e-09,2589684,-1,-1,-1,2099700,5000000,80000000.0,16660,0,48000000,0
10,10000,2,100000,0.1,0.95,10000.0,0.9,1,pcg_banded_time_avg_precision_chol,ok,0.07745770801557228,0.023794000007910654,0.2450818750075996,0.3463335830310825,33,0,8.961167189401464e-09,-1,40,32800000,32800000,2099700,5000000,80000000.0,16660,0,48000000,0
10,10000,2,100000,0.1,0.95,10000.0,0.9,7,direct_cholmod,ok,0.21714837499894202,0.07155187500757165,0.0016948329866863787,0.29039508299320005,0,0,7.722730968428738e-13,2589684,-1,-1,-1,2099700,5000000,80000000.0,16660,0,48000000,0
10,10000,2,100000,0.1,0.95,10000.0,0.9,7,pcg_time_avg_chol_explicit_avgK,ok,0.21937129201251082,0.06443829199997708,0.1666975420084782,0.4505071260209661,32,0,5.59958450659645e-09,2589684,-1,-1,-1,2099700,5000000,80000000.0,16660,0,48000000,0
10,10000,2,100000,0.1,0.95,10000.0,0.9,7,pcg_banded_time_avg_precision_chol,ok,0.07909312497940846,0.024070832994766533,0.24215741700027138,0.34532137497444637,32,0,5.599584301559958e-09,-1,40,32800000,32800000,2099700,5000000,80000000.0,16660,0,48000000,0
10,10000,2,100000,0.3,0.95,10000.0,0.9,0,direct_cholmod,ok,0.22496354099712335,0.06743870800710283,0.001707791001535952,0.29411004000576213,0,0,2.136957846363172e-12,2589684,-1,-1,-1,2099700,5000000,80000000.0,16660,0,48000000,0
10,10000,2,100000,0.3,0.95,10000.0,0.9,0,pcg_time_avg_chol_explicit_avgK,ok,0.2204453340091277,0.06686558297951706,1.7676742499752436,2.0549851669638883,333,0,9.731908837538502e-09,2589684,-1,-1,-1,2099700,5000000,80000000.0,16660,0,48000000,0
10,10000,2,100000,0.3,0.95,10000.0,0.9,0,pcg_banded_time_avg_precision_chol,ok,0.07853249998879619,0.024652791995322332,2.5212860830069985,2.624471374991117,335,0,9.671835270704379e-09,-1,40,32800000,32800000,2099700,5000000,80000000.0,16660,0,48000000,0
10,10000,2,100000,0.3,0.95,10000.0,0.9,1,direct_cholmod,ok,0.2232336250017397,0.0657874169992283,0.0022605829872190952,0.2912816249881871,0,0,2.7332312710523605e-12,2589684,-1,-1,-1,2099700,5000000,80000000.0,16660,0,48000000,0
10,10000,2,100000,0.3,0.95,10000.0,0.9,1,pcg_time_avg_chol_explicit_avgK,ok,0.2202603329787962,0.06720741701428778,2.134636833012337,2.422104583005421,413,0,9.995189979293494e-09,2589684,-1,-1,-1,2099700,5000000,80000000.0,16660,0,48000000,0
10,10000,2,100000,0.3,0.95,10000.0,0.9,1,pcg_banded_time_avg_precision_chol,ok,0.08490354198147543,0.024141333007719368,3.0724653330107685,3.1815102079999633,413,0,9.814020637037987e-09,-1,40,32800000,32800000,2099700,5000000,80000000.0,16660,0,48000000,0
10,10000,2,100000,0.3,0.95,10000.0,0.9,7,direct_cholmod,ok,0.22129479100112803,0.06582099999650382,0.002094583003781736,0.2892103740014136,0,0,1.4032083162033763e-12,2589684,-1,-1,-1,2099700,5000000,80000000.0,16660,0,48000000,0
10,10000,2,100000,0.3,0.95,10000.0,0.9,7,pcg_time_avg_chol_explicit_avgK,ok,0.21984945799340494,0.06991625000955537,1.8416959999885876,2.131461707991548,346,0,9.483911601499196e-09,2589684,-1,-1,-1,2099700,5000000,80000000.0,16660,0,48000000,0
10,10000,2,100000,0.3,0.95,10000.0,0.9,7,pcg_banded_time_avg_precision_chol,ok,0.07959899998968467,0.023656000004848465,2.6207048340002075,2.7239598339947406,346,0,9.513227639694926e-09,-1,40,32800000,32800000,2099700,5000000,80000000.0,16660,0,48000000,0
10,10000,2,100000,0.5,0.95,10000.0,0.9,0,direct_cholmod,ok,0.2248124170000665,0.06690170799265616,0.0017774589941836894,0.29349158398690633,0,0,7.309761428858029e-12,2589684,-1,-1,-1,2099700,5000000,80000000.0,16660,0,48000000,0
10,10000,2,100000,0.5,0.95,10000.0,0.9,0,pcg_time_avg_chol_explicit_avgK,ok,0.22468654200201854,0.07428595802048221,18.142031625000527,18.441004125023028,3471,0,9.654803893314139e-09,2589684,-1,-1,-1,2099700,5000000,80000000.0,16660,0,48000000,0
10,10000,2,100000,0.5,0.95,10000.0,0.9,0,pcg_banded_time_avg_precision_chol,ok,0.07956491701770574,0.024594792019343004,26.36957008301397,26.473729792051017,3467,0,9.511816632854893e-09,-1,40,32800000,32800000,2099700,5000000,80000000.0,16660,0,48000000,0
10,10000,2,100000,0.5,0.95,10000.0,0.9,1,direct_cholmod,ok,0.22175358299864456,0.06825237500015646,0.0018410840129945427,0.29184704201179557,0,0,8.811328153843051e-12,2589684,-1,-1,-1,2099700,5000000,80000000.0,16660,0,48000000,0
10,10000,2,100000,0.5,0.95,10000.0,0.9,1,pcg_time_avg_chol_explicit_avgK,ok,0.22275383400847204,0.06732695800019428,25.730901125003584,26.02098191701225,4823,0,9.876935492145525e-09,2589684,-1,-1,-1,2099700,5000000,80000000.0,16660,0,48000000,0
10,10000,2,100000,0.5,0.95,10000.0,0.9,1,pcg_banded_time_avg_precision_chol,ok,0.08196491599665023,0.02423091698437929,36.492487791983876,36.598683624964906,4831,0,9.940585017271832e-09,-1,40,32800000,32800000,2099700,5000000,80000000.0,16660,0,48000000,0
10,10000,2,100000,0.5,0.95,10000.0,0.9,7,direct_cholmod,ok,0.22243516601156443,0.06846179201966152,0.0018070829974021763,0.2927040410286281,0,0,5.326279831198444e-12,2589684,-1,-1,-1,2099700,5000000,80000000.0,16660,0,48000000,0
10,10000,2,100000,0.5,0.95,10000.0,0.9,7,pcg_time_avg_chol_explicit_avgK,ok,0.22076479200040922,0.06769237501430325,20.630503374995897,20.91896054201061,3854,0,9.67994016572701e-09,2589684,-1,-1,-1,2099700,5000000,80000000.0,16660,0,48000000,0
10,10000,2,100000,0.5,0.95,10000.0,0.9,7,pcg_banded_time_avg_precision_chol,ok,0.07988087498233654,0.02386691700667143,27.855505624989746,27.959253416978754,3857,0,9.508338200831067e-09,-1,40,32800000,32800000,2099700,5000000,80000000.0,16660,0,48000000,0
10,10000,12,100000,0.1,0.95,10000.0,0.9,0,direct_cholmod,ok,1.8736795420118142,0.5955621670000255,0.016847958992002532,2.4860896680038422,0,0,5.64205254420519e-13,13541000,-1,-1,-1,12092200,25000000,400000000.0,16660,0,208000000,0
10,10000,12,100000,0.1,0.95,10000.0,0.9,0,pcg_time_avg_chol_explicit_avgK,ok,1.837979665986495,0.5911221250134986,0.7318153330124915,3.160917124012485,31,0,8.515934901646474e-09,13541000,-1,-1,-1,12092200,25000000,400000000.0,16660,0,208000000,0
10,10000,12,100000,0.1,0.95,10000.0,0.9,0,pcg_banded_time_avg_precision_chol,ok,0.5102892499999143,0.39331704200594686,0.6251071250007953,1.5287134170066565,31,0,8.51593279061315e-09,-1,129,104000000,104000000,12092200,25000000,400000000.0,16660,0,208000000,0
10,10000,12,100000,0.1,0.95,10000.0,0.9,1,direct_cholmod,ok,1.8099627500050701,0.5887085839931387,0.010107957990840077,2.408779291989049,0,0,5.250423074671514e-13,13541000,-1,-1,-1,12092200,25000000,400000000.0,16660,0,208000000,0
10,10000,12,100000,0.1,0.95,10000.0,0.9,1,pcg_time_avg_chol_explicit_avgK,ok,1.8425119169987738,0.5895099170156755,0.7770439999876544,3.2090658340021037,33,0,7.345362511940681e-09,13541000,-1,-1,-1,12092200,25000000,400000000.0,16660,0,208000000,0
10,10000,12,100000,0.1,0.95,10000.0,0.9,1,pcg_banded_time_avg_precision_chol,ok,0.4977024589898065,0.3890406250138767,0.6665106669825036,1.5532537509861868,33,0,7.3453616577661656e-09,-1,129,104000000,104000000,12092200,25000000,400000000.0,16660,0,208000000,0
10,10000,12,100000,0.1,0.95,10000.0,0.9,7,direct_cholmod,ok,1.8481705840094946,0.5952647499798331,0.013801833003526554,2.4572371669928543,0,0,4.5453257438451083e-13,13541000,-1,-1,-1,12092200,25000000,400000000.0,16660,0,208000000,0
10,10000,12,100000,0.1,0.95,10000.0,0.9,7,pcg_time_avg_chol_explicit_avgK,ok,1.8398291670018807,0.5892071250127628,0.7221996669832151,3.1512359589978587,31,0,6.064032126447637e-09,13541000,-1,-1,-1,12092200,25000000,400000000.0,16660,0,208000000,0
10,10000,12,100000,0.1,0.95,10000.0,0.9,7,pcg_banded_time_avg_precision_chol,ok,0.5062120830116328,0.39258237500325777,0.6233609159826301,1.5221553739975207,31,0,6.064031920169093e-09,-1,129,104000000,104000000,12092200,25000000,400000000.0,16660,0,208000000,0
10,10000,12,100000,0.3,0.95,10000.0,0.9,0,direct_cholmod,ok,1.845662292005727,0.5955212080152705,0.010752250003861263,2.451935750024859,0,0,9.907609611248381e-13,13541000,-1,-1,-1,12092200,25000000,400000000.0,16660,0,208000000,0
10,10000,12,100000,0.3,0.95,10000.0,0.9,0,pcg_time_avg_chol_explicit_avgK,ok,1.8617727500095498,0.5858629160211422,7.984395250008674,10.432030916039366,335,0,9.404425910300774e-09,13541000,-1,-1,-1,12092200,25000000,400000000.0,16660,0,208000000,0
10,10000,12,100000,0.3,0.95,10000.0,0.9,0,pcg_banded_time_avg_precision_chol,ok,0.5226537910057232,0.3943332089984324,6.6230154169898015,7.540002416993957,335,0,9.753614135510225e-09,-1,129,104000000,104000000,12092200,25000000,400000000.0,16660,0,208000000,0
10,10000,12,100000,0.3,0.95,10000.0,0.9,1,direct_cholmod,ok,1.8807109580084216,0.594737334002275,0.012191540998173878,2.4876398330088705,0,0,1.0082881168242971e-12,13541000,-1,-1,-1,12092200,25000000,400000000.0,16660,0,208000000,0
10,10000,12,100000,0.3,0.95,10000.0,0.9,1,pcg_time_avg_chol_explicit_avgK,ok,1.8779989999893587,0.5987894169811625,9.5620683330053,12.038856749975821,406,0,9.963395324950019e-09,13541000,-1,-1,-1,12092200,25000000,400000000.0,16660,0,208000000,0
10,10000,12,100000,0.3,0.95,10000.0,0.9,1,pcg_banded_time_avg_precision_chol,ok,0.5041822500061244,0.3850842080137227,8.097606292023556,8.986872750043403,408,0,8.65604449333029e-09,-1,129,104000000,104000000,12092200,25000000,400000000.0,16660,0,208000000,0
10,10000,12,100000,0.3,0.95,10000.0,0.9,7,direct_cholmod,ok,1.9451842500129715,0.5853000000061002,0.01242287497734651,2.542907124996418,0,0,8.883925191508623e-13,13541000,-1,-1,-1,12092200,25000000,400000000.0,16660,0,208000000,0
10,10000,12,100000,0.3,0.95,10000.0,0.9,7,pcg_time_avg_chol_explicit_avgK,ok,1.8561203749850392,0.5918710829864722,8.142340417020023,10.590331874991534,341,0,9.36222599500613e-09,13541000,-1,-1,-1,12092200,25000000,400000000.0,16660,0,208000000,0
10,10000,12,100000,0.3,0.95,10000.0,0.9,7,pcg_banded_time_avg_precision_chol,ok,0.5340870420041028,0.39050341700203717,6.900896625011228,7.825487084017368,340,0,9.369982310785439e-09,-1,129,104000000,104000000,12092200,25000000,400000000.0,16660,0,208000000,0
10,10000,12,100000,0.5,0.95,10000.0,0.9,0,direct_cholmod,ok,1.8569199159974232,0.6069837919785641,0.010924499976681545,2.474828207952669,0,0,3.452708999940662e-12,13541000,-1,-1,-1,12092200,25000000,400000000.0,16660,0,208000000,0
10,10000,12,100000,0.5,0.95,10000.0,0.9,0,pcg_time_avg_chol_explicit_avgK,ok,1.8332623750029597,0.608911082992563,83.56403433400556,86.00620779200108,3476,0,9.898042425272982e-09,13541000,-1,-1,-1,12092200,25000000,400000000.0,16660,0,208000000,0
10,10000,12,100000,0.5,0.95,10000.0,0.9,0,pcg_banded_time_avg_precision_chol,ok,0.5146664170024451,0.3862242919858545,68.50707350001903,69.40796420900733,3470,0,9.95869270702719e-09,-1,129,104000000,104000000,12092200,25000000,400000000.0,16660,0,208000000,0
10,10000,12,100000,0.5,0.95,10000.0,0.9,1,direct_cholmod,ok,1.8797648750187363,0.575315916998079,0.012367833987809718,2.467448626004625,0,0,3.6022314871265467e-12,13541000,-1,-1,-1,12092200,25000000,400000000.0,16660,0,208000000,0
10,10000,12,100000,0.5,0.95,10000.0,0.9,1,pcg_time_avg_chol_explicit_avgK,ok,1.810950374987442,0.5775429169880226,109.43062800000189,111.81912129197735,4658,0,9.679258441047882e-09,13541000,-1,-1,-1,12092200,25000000,400000000.0,16660,0,208000000,0
10,10000,12,100000,0.5,0.95,10000.0,0.9,1,pcg_banded_time_avg_precision_chol,ok,0.5115478340012487,0.38857345801079646,91.32749250001507,92.22761379202711,4666,0,9.727408369342056e-09,-1,129,104000000,104000000,12092200,25000000,400000000.0,16660,0,208000000,0
10,10000,12,100000,0.5,0.95,10000.0,0.9,7,direct_cholmod,ok,1.9187067080056295,0.5986238339974079,0.014468375011347234,2.5317989170143846,0,0,4.263763419507025e-12,13541000,-1,-1,-1,12092200,25000000,400000000.0,16660,0,208000000,0
10,10000,12,100000,0.5,0.95,10000.0,0.9,7,pcg_time_avg_chol_explicit_avgK,ok,1.8781313330109697,0.6003432909783442,89.23532250002609,91.7137971240154,3832,0,9.771596252241847e-09,13541000,-1,-1,-1,12092200,25000000,400000000.0,16660,0,208000000,0
10,10000,12,100000,0.5,0.95,10000.0,0.9,7,pcg_banded_time_avg_precision_chol,ok,0.5156087090144865,0.38685466602328233,74.83711545797996,75.73957883301773,3851,0,9.977076521557057e-09,-1,129,104000000,104000000,12092200,25000000,400000000.0,16660,0,208000000,0
10,10000,24,100000,0.1,0.95,10000.0,0.9,0,direct_cholmod,ok,5.733901166997384,1.0171861659910064,0.02447279100306332,6.775560123991454,0,0,4.786242973726789e-13,26017300,-1,-1,-1,24070000,49000000,784000000.0,16660,0,400000000,0
10,10000,24,100000,0.1,0.95,10000.0,0.9,0,pcg_time_avg_chol_explicit_avgK,ok,5.64900720899459,0.9961710829811636,1.3098319999990053,7.955010291974759,31,0,6.847001960086662e-09,26017300,-1,-1,-1,24070000,49000000,784000000.0,16660,0,400000000,0
10,10000,24,100000,0.1,0.95,10000.0,0.9,0,pcg_banded_time_avg_precision_chol,ok,1.424784541974077,0.9676083750091493,1.260971542011248,3.6533644589944743,31,0,6.847005620551291e-09,-1,249,200000000,200000000,24070000,49000000,784000000.0,16660,0,400000000,0
10,10000,24,100000,0.1,0.95,10000.0,0.9,1,direct_cholmod,ok,5.6740686660050415,1.0080034580023494,0.023645499983103946,6.705717623990495,0,0,6.049025815447128e-13,26017300,-1,-1,-1,24070000,49000000,784000000.0,16660,0,400000000,0
10,10000,24,100000,0.1,0.95,10000.0,0.9,1,pcg_time_avg_chol_explicit_avgK,ok,5.6425416249840055,1.0068679169926327,1.758897124993382,8.40830666697002,33,0,8.439042030128415e-09,26017300,-1,-1,-1,24070000,49000000,784000000.0,16660,0,400000000,0
10,10000,24,100000,0.1,0.95,10000.0,0.9,1,pcg_banded_time_avg_precision_chol,ok,1.3844310000131372,1.2970372500130907,1.36367925000377,4.045147500029998,33,0,8.439042252847222e-09,-1,249,200000000,200000000,24070000,49000000,784000000.0,16660,0,400000000,0
10,10000,24,100000,0.1,0.95,10000.0,0.9,7,direct_cholmod,ok,5.64114016701933,0.9954583749931771,0.023460624972358346,6.660059166984865,0,0,3.995192916680163e-13,26017300,-1,-1,-1,24070000,49000000,784000000.0,16660,0,400000000,0
10,10000,24,100000,0.1,0.95,10000.0,0.9,7,pcg_time_avg_chol_explicit_avgK,ok,5.661796750006033,1.009604874998331,1.6776934579829685,8.349095082987333,31,0,6.997249066363986e-09,26017300,-1,-1,-1,24070000,49000000,784000000.0,16660,0,400000000,0
10,10000,24,100000,0.1,0.95,10000.0,0.9,7,pcg_banded_time_avg_precision_chol,ok,1.4002687920001335,1.1287593750166707,1.266985541995382,3.796013709012186,31,0,6.997248078473647e-09,-1,249,200000000,200000000,24070000,49000000,784000000.0,16660,0,400000000,0
10,10000,24,100000,0.3,0.95,10000.0,0.9,0,direct_cholmod,ok,5.634229457995389,0.9881157079944387,0.02090395797858946,6.643249123968417,0,0,9.346510732740235e-13,26017300,-1,-1,-1,24070000,49000000,784000000.0,16660,0,400000000,0
10,10000,24,100000,0.3,0.95,10000.0,0.9,0,pcg_time_avg_chol_explicit_avgK,ok,5.615048834006302,0.9916202079912182,14.130809082998894,20.737478124996414,334,0,9.795025321802454e-09,26017300,-1,-1,-1,24070000,49000000,784000000.0,16660,0,400000000,0
10,10000,24,100000,0.3,0.95,10000.0,0.9,0,pcg_banded_time_avg_precision_chol,ok,1.3908255830174312,1.040854417020455,13.788065375003498,16.219745375041384,338,0,9.987027719033486e-09,-1,249,200000000,200000000,24070000,49000000,784000000.0,16660,0,400000000,0
10,10000,24,100000,0.3,0.95,10000.0,0.9,1,direct_cholmod,ok,5.637687332986388,1.0036142919852864,0.028012624999973923,6.669314249971649,0,0,1.129226302984026e-12,26017300,-1,-1,-1,24070000,49000000,784000000.0,16660,0,400000000,0
10,10000,24,100000,0.3,0.95,10000.0,0.9,1,pcg_time_avg_chol_explicit_avgK,ok,5.597792458022013,1.0206703339936212,17.16153770798701,23.780000500002643,408,0,9.693016960248178e-09,26017300,-1,-1,-1,24070000,49000000,784000000.0,16660,0,400000000,0
10,10000,24,100000,0.3,0.95,10000.0,0.9,1,pcg_banded_time_avg_precision_chol,ok,1.4180356669821776,0.9919062920089345,16.74711541700526,19.157057375996374,411,0,8.681103845296632e-09,-1,249,200000000,200000000,24070000,49000000,784000000.0,16660,0,400000000,0
10,10000,24,100000,0.3,0.95,10000.0,0.9,7,direct_cholmod,ok,5.672371249995194,1.0114626660069916,0.02670808299444616,6.710541998996632,0,0,9.5370519329285e-13,26017300,-1,-1,-1,24070000,49000000,784000000.0,16660,0,400000000,0
10,10000,24,100000,0.3,0.95,10000.0,0.9,7,pcg_time_avg_chol_explicit_avgK,ok,5.730076625011861,1.0132340000127442,14.574593209021259,21.317903834045865,344,0,9.229269233692301e-09,26017300,-1,-1,-1,24070000,49000000,784000000.0,16660,0,400000000,0
10,10000,24,100000,0.3,0.95,10000.0,0.9,7,pcg_banded_time_avg_precision_chol,ok,1.438769583008252,1.0009635830065235,14.033014417014783,16.47274758302956,344,0,9.499853592661224e-09,-1,249,200000000,200000000,24070000,49000000,784000000.0,16660,0,400000000,0
10,10000,24,100000,0.5,0.95,10000.0,0.9,0,direct_cholmod,ok,5.694351790996734,1.0139617910026573,0.02594779198989272,6.734261373989284,0,0,4.1824375733634566e-12,26017300,-1,-1,-1,24070000,49000000,784000000.0,16660,0,400000000,0
10,10000,24,100000,0.5,0.95,10000.0,0.9,0,pcg_time_avg_chol_explicit_avgK,ok,5.737509708007565,1.0048554170061834,150.61253558300086,157.3549007080146,3525,0,9.976165176153357e-09,26017300,-1,-1,-1,24070000,49000000,784000000.0,16660,0,400000000,0
10,10000,24,100000,0.5,0.95,10000.0,0.9,0,pcg_banded_time_avg_precision_chol,ok,1.4216287499875762,1.0133479590003844,141.56340574999922,143.99838245898718,3506,0,9.49268769906208e-09,-1,249,200000000,200000000,24070000,49000000,784000000.0,16660,0,400000000,0
10,10000,24,100000,0.5,0.95,10000.0,0.9,1,direct_cholmod,ok,5.75911095898482,1.0100263330095913,0.026531999988947064,6.795669291983359,0,0,4.858462369027385e-12,26017300,-1,-1,-1,24070000,49000000,784000000.0,16660,0,400000000,0
10,10000,24,100000,0.5,0.95,10000.0,0.9,1,pcg_time_avg_chol_explicit_avgK,ok,5.718698499986203,1.0430940840160474,202.87656804200378,209.63836062600603,4842,0,9.378537714002658e-09,26017300,-1,-1,-1,24070000,49000000,784000000.0,16660,0,400000000,0
10,10000,24,100000,0.5,0.95,10000.0,0.9,1,pcg_banded_time_avg_precision_chol,ok,1.3988779170031194,0.9781152920040768,194.77848291699775,197.15547612600494,4838,0,9.855482869831907e-09,-1,249,200000000,200000000,24070000,49000000,784000000.0,16660,0,400000000,0
10,10000,24,100000,0.5,0.95,10000.0,0.9,7,direct_cholmod,ok,6.062754624988884,1.0591055410041008,0.032065583975054324,7.153925749968039,0,0,3.974072746933232e-12,26017300,-1,-1,-1,24070000,49000000,784000000.0,16660,0,400000000,0
10,10000,24,100000,0.5,0.95,10000.0,0.9,7,pcg_time_avg_chol_explicit_avgK,ok,5.693105291982647,1.0300358750100713,176.57494825002505,183.29808941701776,3807,0,9.787250693807952e-09,26017300,-1,-1,-1,24070000,49000000,784000000.0,16660,0,400000000,0
10,10000,24,100000,0.5,0.95,10000.0,0.9,7,pcg_banded_time_avg_precision_chol,ok,1.4216401670128107,1.1422684579738416,153.54222037500585,156.1061289999925,3803,0,9.900146687916918e-09,-1,249,200000000,200000000,24070000,49000000,784000000.0,16660,0,400000000,0
20,480,2,9600,0.1,0.95,10000.0,0.9,0,direct_cholmod,ok,0.04757462500128895,0.013822791981510818,0.0006122920021880418,0.06200970898498781,0,0,1.4744238534362372e-12,493121,-1,-1,-1,392400,960000,15360000.0,795,0,9216000,0
20,480,2,9600,0.1,0.95,10000.0,0.9,0,pcg_time_avg_chol_explicit_avgK,ok,0.045230082992929965,0.013668166007846594,0.02006533302483149,0.07896358202560805,24,0,7.833224246450751e-09,493121,-1,-1,-1,392400,960000,15360000.0,795,0,9216000,0
20,480,2,9600,0.1,0.95,10000.0,0.9,0,pcg_banded_time_avg_precision_chol,ok,0.005969541991362348,0.03492791601456702,0.023693834024015814,0.06459129202994518,24,0,7.83325354009545e-09,-1,80,6220800,6220800,392400,960000,15360000.0,795,0,9216000,0
20,480,2,9600,0.1,0.95,10000.0,0.9,1,direct_cholmod,ok,0.04578654098440893,0.013848958013113588,0.0006195839960128069,0.060255082993535325,0,0,1.6093911614969152e-12,493121,-1,-1,-1,392400,960000,15360000.0,795,0,9216000,0
20,480,2,9600,0.1,0.95,10000.0,0.9,1,pcg_time_avg_chol_explicit_avgK,ok,0.04618154198396951,0.014601291972212493,0.02209183300146833,0.08287466695765033,26,0,6.977434673116952e-09,493121,-1,-1,-1,392400,960000,15360000.0,795,0,9216000,0
20,480,2,9600,0.1,0.95,10000.0,0.9,1,pcg_banded_time_avg_precision_chol,ok,0.00664574999245815,0.03540820800117217,0.02858429099433124,0.07063824898796156,26,0,6.977419029487582e-09,-1,80,6220800,6220800,392400,960000,15360000.0,795,0,9216000,0
20,480,2,9600,0.1,0.95,10000.0,0.9,7,direct_cholmod,ok,0.04599862499162555,0.013725334021728486,0.0004025840025860816,0.060126543015940115,0,0,2.3323215280234425e-12,493121,-1,-1,-1,392400,960000,15360000.0,795,0,9216000,0
20,480,2,9600,0.1,0.95,10000.0,0.9,7,pcg_time_avg_chol_explicit_avgK,ok,0.04519933299161494,0.013617874996270984,0.028344999998807907,0.08716220798669383,28,0,9.139695131025713e-09,493121,-1,-1,-1,392400,960000,15360000.0,795,0,9216000,0
20,480,2,9600,0.1,0.95,10000.0,0.9,7,pcg_banded_time_avg_precision_chol,ok,0.006216499983565882,0.03486487499321811,0.02865858399309218,0.06973995896987617,28,0,9.13963217347705e-09,-1,80,6220800,6220800,392400,960000,15360000.0,795,0,9216000,0
20,480,2,9600,0.3,0.95,10000.0,0.9,0,direct_cholmod,ok,0.0473055419861339,0.013753125007497147,0.0008449580054730177,0.06190362499910407,0,0,2.3762718191917387e-12,493121,-1,-1,-1,392400,960000,15360000.0,795,0,9216000,0
20,480,2,9600,0.3,0.95,10000.0,0.9,0,pcg_time_avg_chol_explicit_avgK,ok,0.046325417002663016,0.013415333000011742,0.12990699999500066,0.18964774999767542,151,0,9.14896543317839e-09,493121,-1,-1,-1,392400,960000,15360000.0,795,0,9216000,0
20,480,2,9600,0.3,0.95,10000.0,0.9,0,pcg_banded_time_avg_precision_chol,ok,0.007159333006711677,0.033963290974497795,0.16319312498671934,0.2043157489679288,150,0,9.825063434217789e-09,-1,80,6220800,6220800,392400,960000,15360000.0,795,0,9216000,0
20,480,2,9600,0.3,0.95,10000.0,0.9,1,direct_cholmod,ok,0.04842733300756663,0.014115291996859014,0.00042279099579900503,0.06296541600022465,0,0,2.165340522983995e-12,493121,-1,-1,-1,392400,960000,15360000.0,795,0,9216000,0
20,480,2,9600,0.3,0.95,10000.0,0.9,1,pcg_time_avg_chol_explicit_avgK,ok,0.04696720800711773,0.013766624993877485,0.1586629579833243,0.21939679098431952,190,0,8.30545393341182e-09,493121,-1,-1,-1,392400,960000,15360000.0,795,0,9216000,0
20,480,2,9600,0.3,0.95,10000.0,0.9,1,pcg_banded_time_avg_precision_chol,ok,0.005864958016900346,0.03406649999669753,0.20616616701590829,0.24609762502950616,191,0,9.42065302949318e-09,-1,80,6220800,6220800,392400,960000,15360000.0,795,0,9216000,0
20,480,2,9600,0.3,0.95,10000.0,0.9,7,direct_cholmod,ok,0.04599908401723951,0.013844083005096763,0.0003915840061381459,0.06023475102847442,0,0,4.187198796647452e-12,493121,-1,-1,-1,392400,960000,15360000.0,795,0,9216000,0
20,480,2,9600,0.3,0.95,10000.0,0.9,7,pcg_time_avg_chol_explicit_avgK,ok,0.04517358299926855,0.014053833001526073,0.19835037499433383,0.25757779099512845,240,0,9.792421029139175e-09,493121,-1,-1,-1,392400,960000,15360000.0,795,0,9216000,0
20,480,2,9600,0.3,0.95,10000.0,0.9,7,pcg_banded_time_avg_precision_chol,ok,0.006001958012348041,0.03543841699138284,0.25798383401706815,0.299424209020799,242,0,8.367331303825142e-09,-1,80,6220800,6220800,392400,960000,15360000.0,795,0,9216000,0
20,480,2,9600,0.5,0.95,10000.0,0.9,0,direct_cholmod,ok,0.04576716598239727,0.014419083017855883,0.0006828330224379897,0.060869082022691146,0,0,6.136450978119591e-12,493121,-1,-1,-1,392400,960000,15360000.0,795,0,9216000,0
20,480,2,9600,0.5,0.95,10000.0,0.9,0,pcg_time_avg_chol_explicit_avgK,ok,0.045736667001619935,0.014625292009441182,0.7456861249811482,0.8060480839922093,871,0,9.528512148096025e-09,493121,-1,-1,-1,392400,960000,15360000.0,795,0,9216000,0
20,480,2,9600,0.5,0.95,10000.0,0.9,0,pcg_banded_time_avg_precision_chol,ok,0.005809792026411742,0.03332770901033655,0.9472443329868838,0.9863818340236321,869,0,9.670418296704806e-09,-1,80,6220800,6220800,392400,960000,15360000.0,795,0,9216000,0
20,480,2,9600,0.5,0.95,10000.0,0.9,1,direct_cholmod,ok,0.0447323749831412,0.013467499986290932,0.0011304590152576566,0.05933033398468979,0,0,6.00112780619248e-12,493121,-1,-1,-1,392400,960000,15360000.0,795,0,9216000,0
20,480,2,9600,0.5,0.95,10000.0,0.9,1,pcg_time_avg_chol_explicit_avgK,ok,0.045167458010837436,0.013309374975506216,1.250388083019061,1.3088649160054047,1359,0,9.058287989796547e-09,493121,-1,-1,-1,392400,960000,15360000.0,795,0,9216000,0
20,480,2,9600,0.5,0.95,10000.0,0.9,1,pcg_banded_time_avg_precision_chol,ok,0.006254000007174909,0.03318541598855518,1.4815586250042543,1.5209980409999844,1354,0,9.860357091091002e-09,-1,80,6220800,6220800,392400,960000,15360000.0,795,0,9216000,0
20,480,2,9600,0.5,0.95,10000.0,0.9,7,direct_cholmod,ok,0.04706554199219681,0.016429625015007332,0.0003972910053562373,0.06389245801256038,0,0,2.260996330660762e-11,493121,-1,-1,-1,392400,960000,15360000.0,795,0,9216000,0
20,480,2,9600,0.5,0.95,10000.0,0.9,7,pcg_time_avg_chol_explicit_avgK,ok,0.04731041702325456,0.015053415991133079,1.5557813749765046,1.6181452079908922,1870,0,9.030369725632692e-09,493121,-1,-1,-1,392400,960000,15360000.0,795,0,9216000,0
20,480,2,9600,0.5,0.95,10000.0,0.9,7,pcg_banded_time_avg_precision_chol,ok,0.006499209004687145,0.03557650002767332,2.079278290999355,2.1213540000317153,1853,0,9.866615220141515e-09,-1,80,6220800,6220800,392400,960000,15360000.0,795,0,9216000,0
20,480,12,9600,0.1,0.95,10000.0,0.9,0,direct_cholmod,ok,0.5520685000228696,0.09406549998675473,0.0017477090004831553,0.6478817090101074,0,0,1.4784469819069968e-12,2468800,-1,-1,-1,2282400,4800000,76800000.0,795,0,39936000,0
20,480,12,9600,0.1,0.95,10000.0,0.9,0,pcg_time_avg_chol_explicit_avgK,ok,0.5531564169796184,0.09725004198844545,0.10528358299052343,0.7556900419585872,27,0,9.81141440939439e-09,2468800,-1,-1,-1,2282400,4800000,76800000.0,795,0,39936000,0
20,480,12,9600,0.1,0.95,10000.0,0.9,0,pcg_banded_time_avg_precision_chol,ok,0.03502508299425244,0.10002358298515901,0.11652174999471754,0.251570415974129,27,0,9.811424306003304e-09,-1,259,19968000,19968000,2282400,4800000,76800000.0,795,0,39936000,0
20,480,12,9600,0.1,0.95,10000.0,0.9,1,direct_cholmod,ok,0.5534180839895271,0.0989530420047231,0.0013641249970532954,0.6537352509913035,0,0,6.937553645067782e-13,2468800,-1,-1,-1,2282400,4800000,76800000.0,795,0,39936000,0
20,480,12,9600,0.1,0.95,10000.0,0.9,1,pcg_time_avg_chol_explicit_avgK,ok,0.5450019169948064,0.096227625006577,0.10448045798693784,0.7457099999883212,26,0,8.820821158253746e-09,2468800,-1,-1,-1,2282400,4800000,76800000.0,795,0,39936000,0
20,480,12,9600,0.1,0.95,10000.0,0.9,1,pcg_banded_time_avg_precision_chol,ok,0.0332847919780761,0.1039968749973923,0.11604550000629388,0.2533271669817623,26,0,8.820830398711922e-09,-1,259,19968000,19968000,2282400,4800000,76800000.0,795,0,39936000,0
20,480,12,9600,0.1,0.95,10000.0,0.9,7,direct_cholmod,ok,0.5536873329838272,0.09572191699407995,0.0013842920016031712,0.6507935419795103,0,0,5.035591986134669e-13,2468800,-1,-1,-1,2282400,4800000,76800000.0,795,0,39936000,0
20,480,12,9600,0.1,0.95,10000.0,0.9,7,pcg_time_avg_chol_explicit_avgK,ok,0.5503294160007499,0.10017637501005083,0.12721033301204443,0.7777161240228452,28,0,8.695936270592616e-09,2468800,-1,-1,-1,2282400,4800000,76800000.0,795,0,39936000,0
20,480,12,9600,0.1,0.95,10000.0,0.9,7,pcg_banded_time_avg_precision_chol,ok,0.03448708399082534,0.10448899999028072,0.12335174999316223,0.2623278339742683,28,0,8.69592525603209e-09,-1,259,19968000,19968000,2282400,4800000,76800000.0,795,0,39936000,0
20,480,12,9600,0.3,0.95,10000.0,0.9,0,direct_cholmod,ok,0.5463750420021825,0.09654858300928026,0.001249416993232444,0.6441730420046952,0,0,1.977030733507759e-12,2468800,-1,-1,-1,2282400,4800000,76800000.0,795,0,39936000,0
20,480,12,9600,0.3,0.95,10000.0,0.9,0,pcg_time_avg_chol_explicit_avgK,ok,0.550362124980893,0.09646391699789092,0.919784041994717,1.5666100839735009,233,0,9.42407141940767e-09,2468800,-1,-1,-1,2282400,4800000,76800000.0,795,0,39936000,0
20,480,12,9600,0.3,0.95,10000.0,0.9,0,pcg_banded_time_avg_precision_chol,ok,0.03606437498820014,0.1142629170208238,1.010917707986664,1.161244999995688,231,0,9.452898723790017e-09,-1,259,19968000,19968000,2282400,4800000,76800000.0,795,0,39936000,0
20,480,12,9600,0.3,0.95,10000.0,0.9,1,direct_cholmod,ok,0.5472120000049472,0.0951068329741247,0.002129291999153793,0.6444481249782257,0,0,1.0534246298780362e-12,2468800,-1,-1,-1,2282400,4800000,76800000.0,795,0,39936000,0
20,480,12,9600,0.3,0.95,10000.0,0.9,1,pcg_time_avg_chol_explicit_avgK,ok,0.5492591249931138,0.09769170798244886,0.7728922090027481,1.4198430419783108,188,0,9.45470488644413e-09,2468800,-1,-1,-1,2282400,4800000,76800000.0,795,0,39936000,0
20,480,12,9600,0.3,0.95,10000.0,0.9,1,pcg_banded_time_avg_precision_chol,ok,0.0361386250006035,0.10285387499607168,0.8270176250080112,0.9660101250046864,187,0,9.978055649404463e-09,-1,259,19968000,19968000,2282400,4800000,76800000.0,795,0,39936000,0
20,480,12,9600,0.3,0.95,10000.0,0.9,7,direct_cholmod,ok,0.5442102079978213,0.09956487501040101,0.0013825419882778078,0.6451576249965001,0,0,1.0640578985376931e-12,2468800,-1,-1,-1,2282400,4800000,76800000.0,795,0,39936000,0
20,480,12,9600,0.3,0.95,10000.0,0.9,7,pcg_time_avg_chol_explicit_avgK,ok,0.5753950419893954,0.09558283298974857,0.9620275000052061,1.63300537498435,244,0,8.4094650647979e-09,2468800,-1,-1,-1,2282400,4800000,76800000.0,795,0,39936000,0
20,480,12,9600,0.3,0.95,10000.0,0.9,7,pcg_banded_time_avg_precision_chol,ok,0.034493875020416453,0.1059957499965094,1.0847942079999484,1.2252838330168743,242,0,9.139255739102724e-09,-1,259,19968000,19968000,2282400,4800000,76800000.0,795,0,39936000,0
20,480,12,9600,0.5,0.95,10000.0,0.9,0,direct_cholmod,ok,0.555421833996661,0.09480758299469016,0.0020180829742457718,0.6522474999655969,0,0,4.858019271720332e-12,2468800,-1,-1,-1,2282400,4800000,76800000.0,795,0,39936000,0
20,480,12,9600,0.5,0.95,10000.0,0.9,0,pcg_time_avg_chol_explicit_avgK,ok,0.5446050419996027,0.09483379099401645,7.562121082999511,8.20155991599313,1852,0,8.99306075913897e-09,2468800,-1,-1,-1,2282400,4800000,76800000.0,795,0,39936000,0
20,480,12,9600,0.5,0.95,10000.0,0.9,0,pcg_banded_time_avg_precision_chol,ok,0.03371358397998847,0.08877466700505465,8.133041666005738,8.255529916990781,1849,0,9.776869036793422e-09,-1,259,19968000,19968000,2282400,4800000,76800000.0,795,0,39936000,0
20,480,12,9600,0.5,0.95,10000.0,0.9,1,direct_cholmod,ok,0.5526535409735516,0.0987471669795923,0.001970417011762038,0.6533711249649059,0,0,4.143843975995662e-12,2468800,-1,-1,-1,2282400,4800000,76800000.0,795,0,39936000,0
20,480,12,9600,0.5,0.95,10000.0,0.9,1,pcg_time_avg_chol_explicit_avgK,ok,0.5454612500034273,0.1007976250257343,6.277718458004529,6.92397733303369,1454,0,9.741048632333405e-09,2468800,-1,-1,-1,2282400,4800000,76800000.0,795,0,39936000,0
20,480,12,9600,0.5,0.95,10000.0,0.9,1,pcg_banded_time_avg_precision_chol,ok,0.0350588750152383,0.137039499997627,6.256554583000252,6.428652958013117,1449,0,9.211207083594607e-09,-1,259,19968000,19968000,2282400,4800000,76800000.0,795,0,39936000,0
20,480,12,9600,0.5,0.95,10000.0,0.9,7,direct_cholmod,ok,0.5457782919984311,0.09736104100011289,0.001962457987247035,0.645101790985791,0,0,9.841978983696996e-12,2468800,-1,-1,-1,2282400,4800000,76800000.0,795,0,39936000,0
20,480,12,9600,0.5,0.95,10000.0,0.9,7,pcg_time_avg_chol_explicit_avgK,ok,0.5529909169999883,0.09546000001137145,8.754951124981744,9.403402041993104,2029,0,9.13479502435435e-09,2468800,-1,-1,-1,2282400,4800000,76800000.0,795,0,39936000,0
20,480,12,9600,0.5,0.95,10000.0,0.9,7,pcg_banded_time_avg_precision_chol,ok,0.03561737498966977,0.10766141698695719,8.696774499985622,8.84005329196225,2027,0,9.859861215413919e-09,-1,259,19968000,19968000,2282400,4800000,76800000.0,795,0,39936000,0
20,480,24,9600,0.1,0.95,10000.0,0.9,0,direct_cholmod,ok,1.7819498750031926,0.21193787499214523,0.002280458982568234,1.996168208977906,0,0,1.0314863298252508e-12,4776400,-1,-1,-1,4497600,9408000,150528000.0,795,0,76800000,0
20,480,24,9600,0.1,0.95,10000.0,0.9,0,pcg_time_avg_chol_explicit_avgK,ok,1.774088500009384,0.20547045802231878,0.23866424997686408,2.218223208008567,31,0,8.369126371328581e-09,4776400,-1,-1,-1,4497600,9408000,150528000.0,795,0,76800000,0
20,480,24,9600,0.1,0.95,10000.0,0.9,0,pcg_banded_time_avg_precision_chol,ok,0.08944566600257531,0.3482542500132695,0.2733789999911096,0.7110789160069544,31,0,8.369124317503681e-09,-1,499,38400000,38400000,4497600,9408000,150528000.0,795,0,76800000,0
20,480,24,9600,0.1,0.95,10000.0,0.9,1,direct_cholmod,ok,1.7827129999932367,0.23991866697906516,0.0022725829912815243,2.0249042499635834,0,0,7.668066786561045e-13,4776400,-1,-1,-1,4497600,9408000,150528000.0,795,0,76800000,0
20,480,24,9600,0.1,0.95,10000.0,0.9,1,pcg_time_avg_chol_explicit_avgK,ok,1.7561736670031678,0.20922245798283257,0.18794245898607187,2.1533385839720722,24,0,5.216875968376573e-09,4776400,-1,-1,-1,4497600,9408000,150528000.0,795,0,76800000,0
20,480,24,9600,0.1,0.95,10000.0,0.9,1,pcg_banded_time_avg_precision_chol,ok,0.08939216699218377,0.12057708398788236,0.20968075000564568,0.4196500009857118,24,0,5.216866458204267e-09,-1,499,38400000,38400000,4497600,9408000,150528000.0,795,0,76800000,0
20,480,24,9600,0.1,0.95,10000.0,0.9,7,direct_cholmod,ok,1.7707260829920415,0.208257333986694,0.002362041996093467,1.981345458974829,0,0,7.184966061264241e-13,4776400,-1,-1,-1,4497600,9408000,150528000.0,795,0,76800000,0
20,480,24,9600,0.1,0.95,10000.0,0.9,7,pcg_time_avg_chol_explicit_avgK,ok,1.7764637079962995,0.21559570901445113,0.20608433400047943,2.19814375101123,26,0,6.361887682065782e-09,4776400,-1,-1,-1,4497600,9408000,150528000.0,795,0,76800000,0
20,480,24,9600,0.1,0.95,10000.0,0.9,7,pcg_banded_time_avg_precision_chol,ok,0.08745987500878982,0.11548183302511461,0.2215176669997163,0.42445937503362074,26,0,6.361878358452606e-09,-1,499,38400000,38400000,4497600,9408000,150528000.0,795,0,76800000,0
20,480,24,9600,0.3,0.95,10000.0,0.9,0,direct_cholmod,ok,1.763356332987314,0.22154583397787064,0.002398207987425849,1.9873003749526106,0,0,2.1341937827832505e-12,4776400,-1,-1,-1,4497600,9408000,150528000.0,795,0,76800000,0
20,480,24,9600,0.3,0.95,10000.0,0.9,0,pcg_time_avg_chol_explicit_avgK,ok,1.7635526669910178,0.20806929198442958,2.4889012909843586,4.460523249959806,312,0,9.752771996910993e-09,4776400,-1,-1,-1,4497600,9408000,150528000.0,795,0,76800000,0
20,480,24,9600,0.3,0.95,10000.0,0.9,0,pcg_banded_time_avg_precision_chol,ok,0.08828550000907853,0.20000695800990798,2.7942804170015734,3.08257287502056,313,0,9.375958748386123e-09,-1,499,38400000,38400000,4497600,9408000,150528000.0,795,0,76800000,0
20,480,24,9600,0.3,0.95,10000.0,0.9,1,direct_cholmod,ok,1.8116760420089122,0.2111825830070302,0.002773457992589101,2.0256320830085315,0,0,1.4043154482895214e-12,4776400,-1,-1,-1,4497600,9408000,150528000.0,795,0,76800000,0
20,480,24,9600,0.3,0.95,10000.0,0.9,1,pcg_time_avg_chol_explicit_avgK,ok,1.7654429580143187,0.2141545420163311,1.2379007500130683,3.217498250043718,158,0,9.538073331598176e-09,4776400,-1,-1,-1,4497600,9408000,150528000.0,795,0,76800000,0
20,480,24,9600,0.3,0.95,10000.0,0.9,1,pcg_banded_time_avg_precision_chol,ok,0.09056183401844464,0.42937587498454377,1.4007539590238594,1.9206916680268478,158,0,8.992267880076829e-09,-1,499,38400000,38400000,4497600,9408000,150528000.0,795,0,76800000,0
20,480,24,9600,0.3,0.95,10000.0,0.9,7,direct_cholmod,ok,1.7719193329976406,0.20817845899728127,0.0035062919778283685,1.9836040839727502,0,0,1.297253556821002e-12,4776400,-1,-1,-1,4497600,9408000,150528000.0,795,0,76800000,0
20,480,24,9600,0.3,0.95,10000.0,0.9,7,pcg_time_avg_chol_explicit_avgK,ok,1.772764666005969,0.21683729198412038,1.5404987919901032,3.5301007499801926,197,0,8.330052232071317e-09,4776400,-1,-1,-1,4497600,9408000,150528000.0,795,0,76800000,0
20,480,24,9600,0.3,0.95,10000.0,0.9,7,pcg_banded_time_avg_precision_chol,ok,0.08761683301418088,0.12154241598909721,1.7163759170216508,1.925535166024929,196,0,9.18340270127234e-09,-1,499,38400000,38400000,4497600,9408000,150528000.0,795,0,76800000,0
20,480,24,9600,0.5,0.95,10000.0,0.9,0,direct_cholmod,ok,1.7777406670211349,0.21160408298601396,0.0027921250148210675,1.99213687502197,0,0,8.368270798558686e-12,4776400,-1,-1,-1,4497600,9408000,150528000.0,795,0,76800000,0
20,480,24,9600,0.5,0.95,10000.0,0.9,0,pcg_time_avg_chol_explicit_avgK,ok,1.795651499996893,0.21912458297447301,20.893088208016707,22.907864290988073,2651,0,9.87216194687001e-09,4776400,-1,-1,-1,4497600,9408000,150528000.0,795,0,76800000,0
20,480,24,9600,0.5,0.95,10000.0,0.9,0,pcg_banded_time_avg_precision_chol,ok,0.08815191700705327,0.15572100001736544,23.83312749999459,24.077000417019008,2642,0,9.874633469281832e-09,-1,499,38400000,38400000,4497600,9408000,150528000.0,795,0,76800000,0
20,480,24,9600,0.5,0.95,10000.0,0.9,1,direct_cholmod,ok,1.7776289589819498,0.22142754201195203,0.0023427080013789237,2.001399208995281,0,0,3.961695422224116e-12,4776400,-1,-1,-1,4497600,9408000,150528000.0,795,0,76800000,0
20,480,24,9600,0.5,0.95,10000.0,0.9,1,pcg_time_avg_chol_explicit_avgK,ok,1.7795682500000112,0.2111664580006618,7.738465625006938,9.729200333007611,971,0,9.827137215865231e-09,4776400,-1,-1,-1,4497600,9408000,150528000.0,795,0,76800000,0
20,480,24,9600,0.5,0.95,10000.0,0.9,1,pcg_banded_time_avg_precision_chol,ok,0.08855766701162793,0.1093334170000162,8.451131499983603,8.649022583995247,966,0,9.8410908896661e-09,-1,499,38400000,38400000,4497600,9408000,150528000.0,795,0,76800000,0
20,480,24,9600,0.5,0.95,10000.0,0.9,7,direct_cholmod,ok,1.7802199169818778,0.20277150001493283,0.002200541988713667,1.9851919589855243,0,0,3.957702702437739e-12,4776400,-1,-1,-1,4497600,9408000,150528000.0,795,0,76800000,0
20,480,24,9600,0.5,0.95,10000.0,0.9,7,pcg_time_avg_chol_explicit_avgK,ok,1.779824083991116,0.21562412500497885,10.636855541000841,12.632303749996936,1341,0,9.871440058622762e-09,4776400,-1,-1,-1,4497600,9408000,150528000.0,795,0,76800000,0
20,480,24,9600,0.5,0.95,10000.0,0.9,7,pcg_banded_time_avg_precision_chol,ok,0.08783995799603872,0.10314162497525103,11.739509125007316,11.930490707978606,1344,0,9.987788322726448e-09,-1,499,38400000,38400000,4497600,9408000,150528000.0,795,0,76800000,0
20,1920,2,38400,0.1,0.95,10000.0,0.9,0,direct_cholmod,ok,0.1758888750046026,0.05248708400176838,0.0028255000070203096,0.2312014590133913,0,0,1.3746670928512767e-12,1976321,-1,-1,-1,1573200,3840000,61440000.0,3195,0,36864000,0
20,1920,2,38400,0.1,0.95,10000.0,0.9,0,pcg_time_avg_chol_explicit_avgK,ok,0.17334300000220537,0.05599762499332428,0.15420229200390168,0.3835429169994313,35,0,5.7808754273024376e-09,1976321,-1,-1,-1,1573200,3840000,61440000.0,3195,0,36864000,0
20,1920,2,38400,0.1,0.95,10000.0,0.9,0,pcg_banded_time_avg_precision_chol,ok,0.02401712501887232,0.13482770798145793,0.21994579100282863,0.3787906240031589,35,0,5.780858774537979e-09,-1,80,24883200,24883200,1573200,3840000,61440000.0,3195,0,36864000,0
20,1920,2,38400,0.1,0.95,10000.0,0.9,1,direct_cholmod,ok,0.18636383299599402,0.05827974999556318,0.0015033329837024212,0.24614691597525962,0,0,1.737139509574879e-12,1976321,-1,-1,-1,1573200,3840000,61440000.0,3195,0,36864000,0
20,1920,2,38400,0.1,0.95,10000.0,0.9,1,pcg_time_avg_chol_explicit_avgK,ok,0.17934308300027624,0.056889958010287955,0.16429887499543838,0.4005319160060026,30,0,8.807387299937674e-09,1976321,-1,-1,-1,1573200,3840000,61440000.0,3195,0,36864000,0
20,1920,2,38400,0.1,0.95,10000.0,0.9,1,pcg_banded_time_avg_precision_chol,ok,0.025278041983256117,0.12692616699496284,0.16091762500582263,0.3131218339840416,30,0,8.807381110310824e-09,-1,80,24883200,24883200,1573200,3840000,61440000.0,3195,0,36864000,0
20,1920,2,38400,0.1,0.95,10000.0,0.9,7,direct_cholmod,ok,0.18219666701043025,0.05427000002237037,0.002550792007241398,0.239017459040042,0,0,2.0805097862925977e-12,1976321,-1,-1,-1,1573200,3840000,61440000.0,3195,0,36864000,0
20,1920,2,38400,0.1,0.95,10000.0,0.9,7,pcg_time_avg_chol_explicit_avgK,ok,0.17550124999252148,0.05479945900151506,0.1252111670037266,0.3555118759977631,33,0,6.5351458531229315e-09,1976321,-1,-1,-1,1573200,3840000,61440000.0,3195,0,36864000,0
20,1920,2,38400,0.1,0.95,10000.0,0.9,7,pcg_banded_time_avg_precision_chol,ok,0.026084499986609444,0.13586316700093448,0.16935183299938217,0.3312994999869261,33,0,6.535160154850169e-09,-1,80,24883200,24883200,1573200,3840000,61440000.0,3195,0,36864000,0
20,1920,2,38400,0.3,0.95,10000.0,0.9,0,direct_cholmod,ok,0.18061662497348152,0.05676070798654109,0.0014849999861326069,0.23886233294615522,0,0,2.4202918593369666e-12,1976321,-1,-1,-1,1573200,3840000,61440000.0,3195,0,36864000,0
20,1920,2,38400,0.3,0.95,10000.0,0.9,0,pcg_time_avg_chol_explicit_avgK,ok,0.1736085420125164,0.05434712499845773,1.7106783339986578,1.938634001009632,391,0,8.456455302413529e-09,1976321,-1,-1,-1,1573200,3840000,61440000.0,3195,0,36864000,0
20,1920,2,38400,0.3,0.95,10000.0,0.9,0,pcg_banded_time_avg_precision_chol,ok,0.02608070897986181,0.13341212502564304,2.3064744579896796,2.4659672919951845,391,0,8.554750562120221e-09,-1,80,24883200,24883200,1573200,3840000,61440000.0,3195,0,36864000,0
20,1920,2,38400,0.3,0.95,10000.0,0.9,1,direct_cholmod,ok,0.17816183299873956,0.05456466699251905,0.0017117079987656325,0.23443820799002424,0,0,2.3386576237870332e-12,1976321,-1,-1,-1,1573200,3840000,61440000.0,3195,0,36864000,0
20,1920,2,38400,0.3,0.95,10000.0,0.9,1,pcg_time_avg_chol_explicit_avgK,ok,0.1789410829951521,0.05469824999454431,1.0746033329924103,1.3082426659821067,276,0,8.734000020598647e-09,1976321,-1,-1,-1,1573200,3840000,61440000.0,3195,0,36864000,0
20,1920,2,38400,0.3,0.95,10000.0,0.9,1,pcg_banded_time_avg_precision_chol,ok,0.024156875006156042,0.13391599999158643,1.5982847090053838,1.7563575840031262,275,0,9.901687352336812e-09,-1,80,24883200,24883200,1573200,3840000,61440000.0,3195,0,36864000,0
20,1920,2,38400,0.3,0.95,10000.0,0.9,7,direct_cholmod,ok,0.17681533299037255,0.05412270899978466,0.0015409170009661466,0.23247895899112336,0,0,3.669039828634516e-12,1976321,-1,-1,-1,1573200,3840000,61440000.0,3195,0,36864000,0
20,1920,2,38400,0.3,0.95,10000.0,0.9,7,pcg_time_avg_chol_explicit_avgK,ok,0.17818379099480808,0.05441737498040311,1.392212291015312,1.6248134569905233,343,0,9.58320459066126e-09,1976321,-1,-1,-1,1573200,3840000,61440000.0,3195,0,36864000,0
20,1920,2,38400,0.3,0.95,10000.0,0.9,7,pcg_banded_time_avg_precision_chol,ok,0.02438291598809883,0.1356256669969298,1.9230416669743136,2.083050249959342,342,0,9.4176711938186e-09,-1,80,24883200,24883200,1573200,3840000,61440000.0,3195,0,36864000,0
20,1920,2,38400,0.5,0.95,10000.0,0.9,0,direct_cholmod,ok,0.17565458299941383,0.059853041981114075,0.001682333997450769,0.23718995897797868,0,0,7.790601094122757e-12,1976321,-1,-1,-1,1573200,3840000,61440000.0,3195,0,36864000,0
20,1920,2,38400,0.5,0.95,10000.0,0.9,0,pcg_time_avg_chol_explicit_avgK,ok,0.19226774998242036,0.06024449999677017,15.314285917003872,15.566798166983062,3760,0,9.497327164955721e-09,1976321,-1,-1,-1,1573200,3840000,61440000.0,3195,0,36864000,0
20,1920,2,38400,0.5,0.95,10000.0,0.9,0,pcg_banded_time_avg_precision_chol,ok,0.022620000003371388,0.13477712500025518,19.1870107499999,19.344407875003526,3757,0,9.369191215595952e-09,-1,80,24883200,24883200,1573200,3840000,61440000.0,3195,0,36864000,0
20,1920,2,38400,0.5,0.95,10000.0,0.9,1,direct_cholmod,ok,0.1832440420112107,0.05571529199369252,0.0021856249950360507,0.24114495899993926,0,0,5.890459374634205e-12,1976321,-1,-1,-1,1573200,3840000,61440000.0,3195,0,36864000,0
20,1920,2,38400,0.5,0.95,10000.0,0.9,1,pcg_time_avg_chol_explicit_avgK,ok,0.17898066699854098,0.05637583398493007,8.89846933397348,9.133825834956951,2264,0,9.662914188788641e-09,1976321,-1,-1,-1,1573200,3840000,61440000.0,3195,0,36864000,0
20,1920,2,38400,0.5,0.95,10000.0,0.9,1,pcg_banded_time_avg_precision_chol,ok,0.023787374986568466,0.1376649159938097,11.760306084004696,11.921758374985075,2267,0,9.60920937634442e-09,-1,80,24883200,24883200,1573200,3840000,61440000.0,3195,0,36864000,0
20,1920,2,38400,0.5,0.95,10000.0,0.9,7,direct_cholmod,ok,0.18435299998964183,0.05530695800553076,0.0016065000090748072,0.2412664580042474,0,0,1.6990041913558446e-11,1976321,-1,-1,-1,1573200,3840000,61440000.0,3195,0,36864000,0
20,1920,2,38400,0.5,0.95,10000.0,0.9,7,pcg_time_avg_chol_explicit_avgK,ok,0.18357870800537057,0.055970749992411584,14.119729708007071,14.359279166004853,3391,0,9.986626607169856e-09,1976321,-1,-1,-1,1573200,3840000,61440000.0,3195,0,36864000,0
20,1920,2,38400,0.5,0.95,10000.0,0.9,7,pcg_banded_time_avg_precision_chol,ok,0.02474762499332428,0.1390757090121042,17.75712145899888,17.92094479300431,3390,0,9.947314556131779e-09,-1,80,24883200,24883200,1573200,3840000,61440000.0,3195,0,36864000,0
20,1920,12,38400,0.1,0.95,10000.0,0.9,0,direct_cholmod,ok,2.3423864159849472,0.3965932090068236,0.006908291019499302,2.74588791601127,0,0,1.255860203928466e-12,9971200,-1,-1,-1,9223200,19200000,307200000.0,3195,0,159744000,0
20,1920,12,38400,0.1,0.95,10000.0,0.9,0,pcg_time_avg_chol_explicit_avgK,ok,2.336887083016336,0.38971079199109226,0.5291485000052489,3.255746375012677,32,0,8.240569972336147e-09,9971200,-1,-1,-1,9223200,19200000,307200000.0,3195,0,159744000,0
20,1920,12,38400,0.1,0.95,10000.0,0.9,0,pcg_banded_time_avg_precision_chol,ok,0.13335274998098612,0.4179180829960387,0.4971101249975618,1.0483809579745866,32,0,8.240572309919012e-09,-1,259,79872000,79872000,9223200,19200000,307200000.0,3195,0,159744000,0
20,1920,12,38400,0.1,0.95,10000.0,0.9,1,direct_cholmod,ok,2.2932376669778023,0.39838212498580106,0.006093000003602356,2.6977127919672057,0,0,7.396262426396666e-13,9971200,-1,-1,-1,9223200,19200000,307200000.0,3195,0,159744000,0
20,1920,12,38400,0.1,0.95,10000.0,0.9,1,pcg_time_avg_chol_explicit_avgK,ok,2.2671907909971196,0.3891744159918744,0.5135118329781108,3.169877039967105,29,0,7.906299031097538e-09,9971200,-1,-1,-1,9223200,19200000,307200000.0,3195,0,159744000,0
20,1920,12,38400,0.1,0.95,10000.0,0.9,1,pcg_banded_time_avg_precision_chol,ok,0.13828983300481923,0.37211716698948294,0.47122395801125094,0.9816309580055531,29,0,7.906297469628077e-09,-1,259,79872000,79872000,9223200,19200000,307200000.0,3195,0,159744000,0
20,1920,12,38400,0.1,0.95,10000.0,0.9,7,direct_cholmod,ok,2.2979806670045946,0.3897842500009574,0.006513416999951005,2.694278334005503,0,0,4.918254356233495e-13,9971200,-1,-1,-1,9223200,19200000,307200000.0,3195,0,159744000,0
20,1920,12,38400,0.1,0.95,10000.0,0.9,7,pcg_time_avg_chol_explicit_avgK,ok,2.3017275409947615,0.39306316600413993,0.5761985829740297,3.270989289972931,32,0,7.519337396280969e-09,9971200,-1,-1,-1,9223200,19200000,307200000.0,3195,0,159744000,0
20,1920,12,38400,0.1,0.95,10000.0,0.9,7,pcg_banded_time_avg_precision_chol,ok,0.13464108397602104,0.3960310419788584,0.506529167003464,1.0372012929583434,32,0,7.519338548698002e-09,-1,259,79872000,79872000,9223200,19200000,307200000.0,3195,0,159744000,0
20,1920,12,38400,0.3,0.95,10000.0,0.9,0,direct_cholmod,ok,2.294113375013694,0.38247045801836066,0.006096500001149252,2.682680333033204,0,0,2.197771611324958e-12,9971200,-1,-1,-1,9223200,19200000,307200000.0,3195,0,159744000,0
20,1920,12,38400,0.3,0.95,10000.0,0.9,0,pcg_time_avg_chol_explicit_avgK,ok,2.2966520829941146,0.3858460829942487,6.7093766249890905,9.391874790977454,357,0,9.725878528133195e-09,9971200,-1,-1,-1,9223200,19200000,307200000.0,3195,0,159744000,0
20,1920,12,38400,0.3,0.95,10000.0,0.9,0,pcg_banded_time_avg_precision_chol,ok,0.13787891701213084,0.37589608298731036,5.85998787501012,6.373762875009561,359,0,8.669484265343563e-09,-1,259,79872000,79872000,9223200,19200000,307200000.0,3195,0,159744000,0
20,1920,12,38400,0.3,0.95,10000.0,0.9,1,direct_cholmod,ok,2.281454083014978,0.3992177920008544,0.007102625007973984,2.6877745000238065,0,0,1.3227418208531064e-12,9971200,-1,-1,-1,9223200,19200000,307200000.0,3195,0,159744000,0
20,1920,12,38400,0.3,0.95,10000.0,0.9,1,pcg_time_avg_chol_explicit_avgK,ok,2.27565770901856,0.3910719169944059,5.058195916994009,7.724925543006975,272,0,9.5197215265852e-09,9971200,-1,-1,-1,9223200,19200000,307200000.0,3195,0,159744000,0
20,1920,12,38400,0.3,0.95,10000.0,0.9,1,pcg_banded_time_avg_precision_chol,ok,0.14049933300702833,0.42555137499584816,4.484143292007502,5.050194000010379,272,0,8.988409326303514e-09,-1,259,79872000,79872000,9223200,19200000,307200000.0,3195,0,159744000,0
20,1920,12,38400,0.3,0.95,10000.0,0.9,7,direct_cholmod,ok,2.292109582980629,0.39990725001553074,0.006494000001111999,2.698510832997272,0,0,8.586402649396867e-13,9971200,-1,-1,-1,9223200,19200000,307200000.0,3195,0,159744000,0
20,1920,12,38400,0.3,0.95,10000.0,0.9,7,pcg_time_avg_chol_explicit_avgK,ok,2.2634049170010258,0.4106637089862488,6.32900620799046,9.003074833977735,331,0,9.03737202650062e-09,9971200,-1,-1,-1,9223200,19200000,307200000.0,3195,0,159744000,0
20,1920,12,38400,0.3,0.95,10000.0,0.9,7,pcg_banded_time_avg_precision_chol,ok,0.1354752499901224,0.411313666991191,5.341935749980621,5.888724666961934,330,0,9.971582101519199e-09,-1,259,79872000,79872000,9223200,19200000,307200000.0,3195,0,159744000,0
20,1920,12,38400,0.5,0.95,10000.0,0.9,0,direct_cholmod,ok,2.2986440419917926,0.38482658300199546,0.005914084002142772,2.689384708995931,0,0,7.082474890507314e-12,9971200,-1,-1,-1,9223200,19200000,307200000.0,3195,0,159744000,0
20,1920,12,38400,0.5,0.95,10000.0,0.9,0,pcg_time_avg_chol_explicit_avgK,ok,2.30780095900991,0.3862487080041319,60.688573209015885,63.38262287602993,3338,0,9.237107390211462e-09,9971200,-1,-1,-1,9223200,19200000,307200000.0,3195,0,159744000,0
20,1920,12,38400,0.5,0.95,10000.0,0.9,0,pcg_banded_time_avg_precision_chol,ok,0.13532895798562095,0.3960970830230508,54.0991351249977,54.63056116600637,3356,0,9.117569073260006e-09,-1,259,79872000,79872000,9223200,19200000,307200000.0,3195,0,159744000,0
20,1920,12,38400,0.5,0.95,10000.0,0.9,1,direct_cholmod,ok,2.283939916989766,0.3950479589984752,0.0056707499898038805,2.684658625978045,0,0,5.387090983740449e-12,9971200,-1,-1,-1,9223200,19200000,307200000.0,3195,0,159744000,0
20,1920,12,38400,0.5,0.95,10000.0,0.9,1,pcg_time_avg_chol_explicit_avgK,ok,2.2775490000203717,0.38254637498175725,46.75096258398844,49.41105795899057,2411,0,9.647605869630242e-09,9971200,-1,-1,-1,9223200,19200000,307200000.0,3195,0,159744000,0
20,1920,12,38400,0.5,0.95,10000.0,0.9,1,pcg_banded_time_avg_precision_chol,ok,0.13497529202140868,0.4552697919716593,38.10268579100375,38.69293087499682,2410,0,9.70663981629434e-09,-1,259,79872000,79872000,9223200,19200000,307200000.0,3195,0,159744000,0
20,1920,12,38400,0.5,0.95,10000.0,0.9,7,direct_cholmod,ok,2.295568250003271,0.3935214579978492,0.0062466670060530305,2.695336375007173,0,0,7.389766222867189e-12,9971200,-1,-1,-1,9223200,19200000,307200000.0,3195,0,159744000,0
20,1920,12,38400,0.5,0.95,10000.0,0.9,7,pcg_time_avg_chol_explicit_avgK,ok,2.2797405830060598,0.3872891250066459,62.631478458992206,65.29850816700491,3325,0,9.906341764800271e-09,9971200,-1,-1,-1,9223200,19200000,307200000.0,3195,0,159744000,0
20,1920,12,38400,0.5,0.95,10000.0,0.9,7,pcg_banded_time_avg_precision_chol,ok,0.1380516670178622,1.053203332994599,52.370434165990446,53.56168916600291,3312,0,9.971730130954926e-09,-1,259,79872000,79872000,9223200,19200000,307200000.0,3195,0,159744000,0
20,1920,24,38400,0.1,0.95,10000.0,0.9,0,direct_cholmod,ok,7.70091704200604,0.9113145410083234,0.01723608298925683,8.62946766600362,0,0,9.088134169792922e-13,19478800,-1,-1,-1,18350400,37632000,602112000.0,3195,0,307200000,0
20,1920,24,38400,0.1,0.95,10000.0,0.9,0,pcg_time_avg_chol_explicit_avgK,ok,7.532721625000704,0.8978331249963958,1.0572941669961438,9.487848916993244,32,0,9.459267087033578e-09,19478800,-1,-1,-1,18350400,37632000,602112000.0,3195,0,307200000,0
20,1920,24,38400,0.1,0.95,10000.0,0.9,0,pcg_banded_time_avg_precision_chol,ok,0.3629605830064975,0.9060282089922111,1.0554438340186607,2.3244326260173693,32,0,9.459262601957038e-09,-1,499,153600000,153600000,18350400,37632000,602112000.0,3195,0,307200000,0
20,1920,24,38400,0.1,0.95,10000.0,0.9,1,direct_cholmod,ok,7.353655167011311,0.8421598749991972,0.014560458017513156,8.210375500028022,0,0,7.746942217157204e-13,19478800,-1,-1,-1,18350400,37632000,602112000.0,3195,0,307200000,0
20,1920,24,38400,0.1,0.95,10000.0,0.9,1,pcg_time_avg_chol_explicit_avgK,ok,7.316601625003386,0.8604748750221916,0.9604319590143859,9.137508459039964,30,0,8.251191987674247e-09,19478800,-1,-1,-1,18350400,37632000,602112000.0,3195,0,307200000,0
20,1920,24,38400,0.1,0.95,10000.0,0.9,1,pcg_banded_time_avg_precision_chol,ok,0.3573632500192616,1.0099819589813706,0.9759039169875905,2.3432491259882227,30,0,8.251184697989165e-09,-1,499,153600000,153600000,18350400,37632000,602112000.0,3195,0,307200000,0
20,1920,24,38400,0.1,0.95,10000.0,0.9,7,direct_cholmod,ok,7.4581942499789875,0.837583208020078,0.016113457997562364,8.311890915996628,0,0,7.093304161018295e-13,19478800,-1,-1,-1,18350400,37632000,602112000.0,3195,0,307200000,0
20,1920,24,38400,0.1,0.95,10000.0,0.9,7,pcg_time_avg_chol_explicit_avgK,ok,7.298179416975472,0.8643231249880046,0.9967107080155984,9.159213249979075,29,0,7.123154920673389e-09,19478800,-1,-1,-1,18350400,37632000,602112000.0,3195,0,307200000,0
20,1920,24,38400,0.1,0.95,10000.0,0.9,7,pcg_banded_time_avg_precision_chol,ok,0.3582166669948492,0.6371672920067795,0.9505185000016354,1.945902459003264,29,0,7.123155192974312e-09,-1,499,153600000,153600000,18350400,37632000,602112000.0,3195,0,307200000,0
20,1920,24,38400,0.3,0.95,10000.0,0.9,0,direct_cholmod,ok,7.327336749993265,0.853568708000239,0.026002291997428983,8.206907749990933,0,0,1.642114533102873e-12,19478800,-1,-1,-1,18350400,37632000,602112000.0,3195,0,307200000,0
20,1920,24,38400,0.3,0.95,10000.0,0.9,0,pcg_time_avg_chol_explicit_avgK,ok,7.25584129197523,0.8430325000081211,11.519289582996862,19.618163374980213,359,0,9.645650808670134e-09,19478800,-1,-1,-1,18350400,37632000,602112000.0,3195,0,307200000,0
20,1920,24,38400,0.3,0.95,10000.0,0.9,0,pcg_banded_time_avg_precision_chol,ok,0.35962833298253827,0.57620016700821,12.22606704098871,13.161895540979458,361,0,8.827895312420358e-09,-1,499,153600000,153600000,18350400,37632000,602112000.0,3195,0,307200000,0
20,1920,24,38400,0.3,0.95,10000.0,0.9,1,direct_cholmod,ok,7.614294374972815,0.8866272919985931,0.017424416000721976,8.51834608297213,0,0,1.2656819128926153e-12,19478800,-1,-1,-1,18350400,37632000,602112000.0,3195,0,307200000,0
20,1920,24,38400,0.3,0.95,10000.0,0.9,1,pcg_time_avg_chol_explicit_avgK,ok,7.515058249991853,0.8881817910005338,9.642851291020634,18.04609133201302,301,0,8.887279000763655e-09,19478800,-1,-1,-1,18350400,37632000,602112000.0,3195,0,307200000,0
20,1920,24,38400,0.3,0.95,10000.0,0.9,1,pcg_banded_time_avg_precision_chol,ok,0.3504301249922719,0.660769625013927,9.801028457994107,10.812228208000306,300,0,9.776284860723113e-09,-1,499,153600000,153600000,18350400,37632000,602112000.0,3195,0,307200000,0
20,1920,24,38400,0.3,0.95,10000.0,0.9,7,direct_cholmod,ok,7.331991958024446,0.8358484580239747,0.016529790998902172,8.184370207047323,0,0,1.1740194439292263e-12,19478800,-1,-1,-1,18350400,37632000,602112000.0,3195,0,307200000,0
20,1920,24,38400,0.3,0.95,10000.0,0.9,7,pcg_time_avg_chol_explicit_avgK,ok,7.337103833997389,0.8465319580282085,8.975732124992646,17.159367917018244,282,0,9.293437256093526e-09,19478800,-1,-1,-1,18350400,37632000,602112000.0,3195,0,307200000,0
20,1920,24,38400,0.3,0.95,10000.0,0.9,7,pcg_banded_time_avg_precision_chol,ok,0.35590958400280215,0.650059333012905,9.367805041983956,10.373773958999664,282,0,9.07653279950446e-09,-1,499,153600000,153600000,18350400,37632000,602112000.0,3195,0,307200000,0
20,1920,24,38400,0.5,0.95,10000.0,0.9,0,direct_cholmod,ok,7.534871459007263,0.8576998749922495,0.013847958005499095,8.406419292005012,0,0,5.122443131021099e-12,19478800,-1,-1,-1,18350400,37632000,602112000.0,3195,0,307200000,0
20,1920,24,38400,0.5,0.95,10000.0,0.9,0,pcg_time_avg_chol_explicit_avgK,ok,7.497421250009211,0.8561129579902627,106.57264399999985,114.92617820799933,3379,0,9.970605326801306e-09,19478800,-1,-1,-1,18350400,37632000,602112000.0,3195,0,307200000,0
20,1920,24,38400,0.5,0.95,10000.0,0.9,0,pcg_banded_time_avg_precision_chol,ok,0.363365083001554,0.45283504101098515,111.16775662498549,111.98395674899803,3370,0,9.875223014517417e-09,-1,499,153600000,153600000,18350400,37632000,602112000.0,3195,0,307200000,0
20,1920,24,38400,0.5,0.95,10000.0,0.9,1,direct_cholmod,ok,7.423564291006187,0.8733617920079269,0.01637870800914243,8.313304791023256,0,0,3.9237838007297626e-12,19478800,-1,-1,-1,18350400,37632000,602112000.0,3195,0,307200000,0
20,1920,24,38400,0.5,0.95,10000.0,0.9,1,pcg_time_avg_chol_explicit_avgK,ok,7.621744875010336,0.8489875420054886,83.78501783299726,92.25575025001308,2658,0,9.646980256889423e-09,19478800,-1,-1,-1,18350400,37632000,602112000.0,3195,0,307200000,0
20,1920,24,38400,0.5,0.95,10000.0,0.9,1,pcg_banded_time_avg_precision_chol,ok,0.3582941659842618,0.8185314589936752,86.03509141597897,87.2119170409569,2649,0,9.25752845392741e-09,-1,499,153600000,153600000,18350400,37632000,602112000.0,3195,0,307200000,0
20,1920,24,38400,0.5,0.95,10000.0,0.9,7,direct_cholmod,ok,7.575547000014922,0.8826943750027567,0.017200416012201458,8.47544179102988,0,0,3.1165668695857993e-12,19478800,-1,-1,-1,18350400,37632000,602112000.0,3195,0,307200000,0
20,1920,24,38400,0.5,0.95,10000.0,0.9,7,pcg_time_avg_chol_explicit_avgK,ok,7.513625583000248,0.8394384580024052,75.3130810839939,83.66614512499655,2395,0,9.953381051656328e-09,19478800,-1,-1,-1,18350400,37632000,602112000.0,3195,0,307200000,0
20,1920,24,38400,0.5,0.95,10000.0,0.9,7,pcg_banded_time_avg_precision_chol,ok,0.3545232079923153,0.8096418750064913,77.77339737501461,78.93756245801342,2399,0,9.900460661828203e-09,-1,499,153600000,153600000,18350400,37632000,602112000.0,3195,0,307200000,0
20,5000,2,100000,0.1,0.95,10000.0,0.9,0,direct_cholmod,ok,0.48949879201245494,0.14897279199794866,0.003977333981310949,0.6424489179917146,0,0,1.3678753828305384e-12,5148700,-1,-1,-1,4098800,10000000,160000000.0,8325,0,96000000,0
20,5000,2,100000,0.1,0.95,10000.0,0.9,0,pcg_time_avg_chol_explicit_avgK,ok,0.4701620000123512,0.14601887500612065,0.30431083298753947,0.9204917080060113,35,0,6.765169604853102e-09,5148700,-1,-1,-1,4098800,10000000,160000000.0,8325,0,96000000,0
20,5000,2,100000,0.1,0.95,10000.0,0.9,0,pcg_banded_time_avg_precision_chol,ok,0.05855704197892919,0.3557673339964822,0.37691095800255425,0.7912353339779656,35,0,6.7651762737563555e-09,-1,80,64800000,64800000,4098800,10000000,160000000.0,8325,0,96000000,0
20,5000,2,100000,0.1,0.95,10000.0,0.9,1,direct_cholmod,ok,0.4952284160244744,0.1477633339818567,0.0040198749920818955,0.647011624998413,0,0,1.8092776313246965e-12,5148700,-1,-1,-1,4098800,10000000,160000000.0,8325,0,96000000,0
20,5000,2,100000,0.1,0.95,10000.0,0.9,1,pcg_time_avg_chol_explicit_avgK,ok,0.4559834999963641,0.1437684579868801,0.2880777500104159,0.8878297079936601,33,0,6.89284458675303e-09,5148700,-1,-1,-1,4098800,10000000,160000000.0,8325,0,96000000,0
20,5000,2,100000,0.1,0.95,10000.0,0.9,1,pcg_banded_time_avg_precision_chol,ok,0.059659749997081235,0.34869058401091024,0.356590250012232,0.7649405840202235,33,0,6.8928440551490785e-09,-1,80,64800000,64800000,4098800,10000000,160000000.0,8325,0,96000000,0
20,5000,2,100000,0.1,0.95,10000.0,0.9,7,direct_cholmod,ok,0.47894825000548735,0.146805124997627,0.003962999995565042,0.6297163749986794,0,0,2.0353452901382424e-12,5148700,-1,-1,-1,4098800,10000000,160000000.0,8325,0,96000000,0
20,5000,2,100000,0.1,0.95,10000.0,0.9,7,pcg_time_avg_chol_explicit_avgK,ok,0.46651991599355824,0.14605841701268218,0.3129267079930287,0.9255050409992691,35,0,7.448971887397604e-09,5148700,-1,-1,-1,4098800,10000000,160000000.0,8325,0,96000000,0
20,5000,2,100000,0.1,0.95,10000.0,0.9,7,pcg_banded_time_avg_precision_chol,ok,0.05971008297638036,0.35071995900943875,0.3741141670034267,0.7845442089892458,35,0,7.448974527557272e-09,-1,80,64800000,64800000,4098800,10000000,160000000.0,8325,0,96000000,0
20,5000,2,100000,0.3,0.95,10000.0,0.9,0,direct_cholmod,ok,0.46203862500260584,0.14316754098399542,0.00400941600673832,0.6092155819933396,0,0,2.4231918587276014e-12,5148700,-1,-1,-1,4098800,10000000,160000000.0,8325,0,96000000,0
20,5000,2,100000,0.3,0.95,10000.0,0.9,0,pcg_time_avg_chol_explicit_avgK,ok,0.4618315830011852,0.14707704199827276,3.7495486669940874,4.358457291993545,430,0,9.725580237909137e-09,5148700,-1,-1,-1,4098800,10000000,160000000.0,8325,0,96000000,0
20,5000,2,100000,0.3,0.95,10000.0,0.9,0,pcg_banded_time_avg_precision_chol,ok,0.05827775000943802,0.3397800420061685,4.701080166007159,5.099137958022766,430,0,8.867610348201583e-09,-1,80,64800000,64800000,4098800,10000000,160000000.0,8325,0,96000000,0
20,5000,2,100000,0.3,0.95,10000.0,0.9,1,direct_cholmod,ok,0.455654916993808,0.1466728750092443,0.0040712920017540455,0.6063990840048064,0,0,2.6889073987762665e-12,5148700,-1,-1,-1,4098800,10000000,160000000.0,8325,0,96000000,0
20,5000,2,100000,0.3,0.95,10000.0,0.9,1,pcg_time_avg_chol_explicit_avgK,ok,0.479561583022587,0.1466777499881573,3.5245330829930026,4.150772416003747,397,0,9.796511706698111e-09,5148700,-1,-1,-1,4098800,10000000,160000000.0,8325,0,96000000,0
20,5000,2,100000,0.3,0.95,10000.0,0.9,1,pcg_banded_time_avg_precision_chol,ok,0.0588946659991052,0.35315095802070573,4.44772650001687,4.859772124036681,399,0,9.405597863371644e-09,-1,80,64800000,64800000,4098800,10000000,160000000.0,8325,0,96000000,0
20,5000,2,100000,0.3,0.95,10000.0,0.9,7,direct_cholmod,ok,0.4666682499810122,0.15059983401442878,0.0040206249977927655,0.6212887089932337,0,0,3.4737713999654447e-12,5148700,-1,-1,-1,4098800,10000000,160000000.0,8325,0,96000000,0
20,5000,2,100000,0.3,0.95,10000.0,0.9,7,pcg_time_avg_chol_explicit_avgK,ok,0.47397104097763076,0.15378120899549685,3.860112416004995,4.4878646659781225,430,0,9.545016412496418e-09,5148700,-1,-1,-1,4098800,10000000,160000000.0,8325,0,96000000,0
20,5000,2,100000,0.3,0.95,10000.0,0.9,7,pcg_banded_time_avg_precision_chol,ok,0.0590464579872787,0.3473912079934962,4.6649726670002565,5.071410332981031,428,0,9.58072896100533e-09,-1,80,64800000,64800000,4098800,10000000,160000000.0,8325,0,96000000,0
20,5000,2,100000,0.5,0.95,10000.0,0.9,0,direct_cholmod,ok,0.4689665419864468,0.14789462499902584,0.004914084012852982,0.6217752509983256,0,0,7.232255390970764e-12,5148700,-1,-1,-1,4098800,10000000,160000000.0,8325,0,96000000,0
20,5000,2,100000,0.5,0.95,10000.0,0.9,0,pcg_time_avg_chol_explicit_avgK,ok,0.46222262500668876,0.14716033299919218,43.77414458300336,44.383527541009244,4932,0,9.702949094039472e-09,5148700,-1,-1,-1,4098800,10000000,160000000.0,8325,0,96000000,0
20,5000,2,100000,0.5,0.95,10000.0,0.9,0,pcg_banded_time_avg_precision_chol,ok,0.05951150000328198,0.3545470840181224,54.42798870799015,54.84204729201156,4919,0,9.533316334476822e-09,-1,80,64800000,64800000,4098800,10000000,160000000.0,8325,0,96000000,0
20,5000,2,100000,0.5,0.95,10000.0,0.9,1,direct_cholmod,ok,0.4778466669959016,0.15073141601169482,0.00399150000885129,0.6325695830164477,0,0,8.105574638084495e-12,5148700,-1,-1,-1,4098800,10000000,160000000.0,8325,0,96000000,0
20,5000,2,100000,0.5,0.95,10000.0,0.9,1,pcg_time_avg_chol_explicit_avgK,ok,0.4715751250041649,0.14998179097892717,36.82240475001163,37.44396166599472,4161,0,9.771342045872416e-09,5148700,-1,-1,-1,4098800,10000000,160000000.0,8325,0,96000000,0
20,5000,2,100000,0.5,0.95,10000.0,0.9,1,pcg_banded_time_avg_precision_chol,ok,0.05941387498751283,0.34848124999552965,45.64472412498435,46.05261924996739,4150,0,9.912046203267022e-09,-1,80,64800000,64800000,4098800,10000000,160000000.0,8325,0,96000000,0
20,5000,2,100000,0.5,0.95,10000.0,0.9,7,direct_cholmod,ok,0.4660267920116894,0.171919499989599,0.003987417003372684,0.6419337090046611,0,0,1.334024264821558e-11,5148700,-1,-1,-1,4098800,10000000,160000000.0,8325,0,96000000,0
20,5000,2,100000,0.5,0.95,10000.0,0.9,7,pcg_time_avg_chol_explicit_avgK,ok,0.4665076249802951,0.1466983329737559,41.03999266598839,41.653198623942444,4677,0,9.801459416243626e-09,5148700,-1,-1,-1,4098800,10000000,160000000.0,8325,0,96000000,0
20,5000,2,100000,0.5,0.95,10000.0,0.9,7,pcg_banded_time_avg_precision_chol,ok,0.059225124976364896,0.3607222079881467,50.97325050001382,51.39319783297833,4661,0,9.846915766785759e-09,-1,80,64800000,64800000,4098800,10000000,160000000.0,8325,0,96000000,0
20,5000,12,100000,0.1,0.95,10000.0,0.9,0,direct_cholmod,ok,6.037382458016509,0.9995461250073276,0.022744584013707936,7.059673167037545,0,0,1.326799889666628e-12,26018000,-1,-1,-1,24068800,50000000,800000000.0,8325,0,416000000,0
20,5000,12,100000,0.1,0.95,10000.0,0.9,0,pcg_time_avg_chol_explicit_avgK,ok,6.011970249994192,1.0117457500018645,1.6992988330021035,8.72301483299816,33,0,6.053547197343765e-09,26018000,-1,-1,-1,24068800,50000000,800000000.0,8325,0,416000000,0
20,5000,12,100000,0.1,0.95,10000.0,0.9,0,pcg_banded_time_avg_precision_chol,ok,0.3585332499933429,1.0034271250187885,1.3303879160084762,2.6923482910206076,33,0,6.053544098397811e-09,-1,259,208000000,208000000,24068800,50000000,800000000.0,8325,0,416000000,0
20,5000,12,100000,0.1,0.95,10000.0,0.9,1,direct_cholmod,ok,5.920590666006319,0.9877262079971842,0.06555341699277051,6.973870290996274,0,0,7.621893068550781e-13,26018000,-1,-1,-1,24068800,50000000,800000000.0,8325,0,416000000,0
20,5000,12,100000,0.1,0.95,10000.0,0.9,1,pcg_time_avg_chol_explicit_avgK,ok,5.936889500007965,0.9722351250238717,1.3832818329974543,8.29240645802929,33,0,8.116653569406094e-09,26018000,-1,-1,-1,24068800,50000000,800000000.0,8325,0,416000000,0
20,5000,12,100000,0.1,0.95,10000.0,0.9,1,pcg_banded_time_avg_precision_chol,ok,0.3670330000168178,0.8996070419962052,1.3226232079905458,2.589263250003569,33,0,8.116654062687237e-09,-1,259,208000000,208000000,24068800,50000000,800000000.0,8325,0,416000000,0
20,5000,12,100000,0.1,0.95,10000.0,0.9,7,direct_cholmod,ok,5.879460791009478,1.002093707997119,0.025798332993872464,6.90735283200047,0,0,4.989695719764181e-13,26018000,-1,-1,-1,24068800,50000000,800000000.0,8325,0,416000000,0
20,5000,12,100000,0.1,0.95,10000.0,0.9,7,pcg_time_avg_chol_explicit_avgK,ok,5.884940457995981,0.9925143749860581,1.5327894589863718,8.41024429196841,34,0,9.25328198789347e-09,26018000,-1,-1,-1,24068800,50000000,800000000.0,8325,0,416000000,0
20,5000,12,100000,0.1,0.95,10000.0,0.9,7,pcg_banded_time_avg_precision_chol,ok,0.3525371669966262,0.878906541998731,1.3471636250033043,2.5786073339986615,34,0,9.253284118868152e-09,-1,259,208000000,208000000,24068800,50000000,800000000.0,8325,0,416000000,0
20,5000,12,100000,0.3,0.95,10000.0,0.9,0,direct_cholmod,ok,5.869322000013199,0.9887813749955967,0.024717041000258178,6.882820416009054,0,0,2.2556383957947666e-12,26018000,-1,-1,-1,24068800,50000000,800000000.0,8325,0,416000000,0
20,5000,12,100000,0.3,0.95,10000.0,0.9,0,pcg_time_avg_chol_explicit_avgK,ok,5.90433491699514,0.9778402920055669,18.31495625001844,25.197131459019147,407,0,9.972865577592808e-09,26018000,-1,-1,-1,24068800,50000000,800000000.0,8325,0,416000000,0
20,5000,12,100000,0.3,0.95,10000.0,0.9,0,pcg_banded_time_avg_precision_chol,ok,0.3645227499946486,0.9497479590063449,16.307986875006463,17.622257584007457,406,0,9.990011214842e-09,-1,259,208000000,208000000,24068800,50000000,800000000.0,8325,0,416000000,0
20,5000,12,100000,0.3,0.95,10000.0,0.9,1,direct_cholmod,ok,5.993880124995485,0.9945452919928357,0.024906250007916242,7.013331666996237,0,0,1.3708593948268695e-12,26018000,-1,-1,-1,24068800,50000000,800000000.0,8325,0,416000000,0
20,5000,12,100000,0.3,0.95,10000.0,0.9,1,pcg_time_avg_chol_explicit_avgK,ok,5.9478293340071104,0.9729614999960177,20.94760229100939,27.868393125012517,393,0,9.632324705918175e-09,26018000,-1,-1,-1,24068800,50000000,800000000.0,8325,0,416000000,0
20,5000,12,100000,0.3,0.95,10000.0,0.9,1,pcg_banded_time_avg_precision_chol,ok,0.3640135829919018,0.9657115000009071,15.967921584000578,17.297646666993387,392,0,9.478506968582296e-09,-1,259,208000000,208000000,24068800,50000000,800000000.0,8325,0,416000000,0
20,5000,12,100000,0.3,0.95,10000.0,0.9,7,direct_cholmod,ok,6.142791457998101,1.0076422909914982,0.025124959007371217,7.17555870799697,0,0,1.005090816413235e-12,26018000,-1,-1,-1,24068800,50000000,800000000.0,8325,0,416000000,0
20,5000,12,100000,0.3,0.95,10000.0,0.9,7,pcg_time_avg_chol_explicit_avgK,ok,5.981229541997891,1.001600249990588,20.83027466601925,27.81310445800773,411,0,9.345495256170142e-09,26018000,-1,-1,-1,24068800,50000000,800000000.0,8325,0,416000000,0
20,5000,12,100000,0.3,0.95,10000.0,0.9,7,pcg_banded_time_avg_precision_chol,ok,0.3675548750034068,0.9826377910212614,16.90143545801402,18.25162812403869,411,0,9.559607344906024e-09,-1,259,208000000,208000000,24068800,50000000,800000000.0,8325,0,416000000,0
20,5000,12,100000,0.5,0.95,10000.0,0.9,0,direct_cholmod,ok,6.170894208014943,1.0061879999993835,0.026595584000460804,7.203677792014787,0,0,6.859662447160226e-12,26018000,-1,-1,-1,24068800,50000000,800000000.0,8325,0,416000000,0
20,5000,12,100000,0.5,0.95,10000.0,0.9,0,pcg_time_avg_chol_explicit_avgK,ok,5.904456167016178,1.0074086250097025,255.60617920799996,262.51804400002584,4643,0,9.42972439312888e-09,26018000,-1,-1,-1,24068800,50000000,800000000.0,8325,0,416000000,0
20,5000,12,100000,0.5,0.95,10000.0,0.9,0,pcg_banded_time_avg_precision_chol,ok,0.3592195830133278,0.9723249159869738,189.49711975001264,190.82866424901295,4627,0,9.738145295086647e-09,-1,259,208000000,208000000,24068800,50000000,800000000.0,8325,0,416000000,0
20,5000,12,100000,0.5,0.95,10000.0,0.9,1,direct_cholmod,ok,6.117329792003147,1.0186658340098802,0.025992332986788824,7.161987958999816,0,0,6.194837845587637e-12,26018000,-1,-1,-1,24068800,50000000,800000000.0,8325,0,416000000,0
20,5000,12,100000,0.5,0.95,10000.0,0.9,1,pcg_time_avg_chol_explicit_avgK,ok,6.039762000000337,1.0131372500036377,232.81775558300433,239.8706548330083,4345,0,9.463572732743962e-09,26018000,-1,-1,-1,24068800,50000000,800000000.0,8325,0,416000000,0
20,5000,12,100000,0.5,0.95,10000.0,0.9,1,pcg_banded_time_avg_precision_chol,ok,0.3514206249965355,0.8946739159873687,173.53015483397758,174.77624937496148,4354,0,9.921995248512007e-09,-1,259,208000000,208000000,24068800,50000000,800000000.0,8325,0,416000000,0
20,5000,12,100000,0.5,0.95,10000.0,0.9,7,direct_cholmod,ok,6.090301457996247,1.0146232080005575,0.023917624988825992,7.128842290985631,0,0,4.034588062025065e-12,26018000,-1,-1,-1,24068800,50000000,800000000.0,8325,0,416000000,0
20,5000,12,100000,0.5,0.95,10000.0,0.9,7,pcg_time_avg_chol_explicit_avgK,ok,5.954333125002449,1.003123083995888,221.96288358300808,228.92033979200642,4584,0,9.40540610937428e-09,26018000,-1,-1,-1,24068800,50000000,800000000.0,8325,0,416000000,0
20,5000,12,100000,0.5,0.95,10000.0,0.9,7,pcg_banded_time_avg_precision_chol,ok,0.361373416002607,0.9176829170028213,184.8733428749838,186.15239920798922,4587,0,9.933363858495346e-09,-1,259,208000000,208000000,24068800,50000000,800000000.0,8325,0,416000000,0
20,5000,24,100000,0.1,0.95,10000.0,0.9,0,direct_cholmod,ok,20.01439466699958,2.176453916996252,0.04136816700338386,22.232216750999214,0,0,8.912789066594154e-13,50925200,-1,-1,-1,47980000,98000000,1568000000.0,8325,0,800000000,0
20,5000,24,100000,0.1,0.95,10000.0,0.9,0,pcg_time_avg_chol_explicit_avgK,ok,19.54163941697334,2.129762957978528,2.625645666004857,24.297048040956724,33,0,8.588040251722562e-09,50925200,-1,-1,-1,47980000,98000000,1568000000.0,8325,0,800000000,0
20,5000,24,100000,0.1,0.95,10000.0,0.9,0,pcg_banded_time_avg_precision_chol,ok,0.9446160839870572,1.2238993749779183,2.6996495409985073,4.868164999963483,33,0,8.588036866382861e-09,-1,499,400000000,400000000,47980000,98000000,1568000000.0,8325,0,800000000,0
20,5000,24,100000,0.1,0.95,10000.0,0.9,1,direct_cholmod,ok,19.421456042007776,2.133967916975962,0.035849958017934114,21.591273917001672,0,0,8.26334586306758e-13,50925200,-1,-1,-1,47980000,98000000,1568000000.0,8325,0,800000000,0
20,5000,24,100000,0.1,0.95,10000.0,0.9,1,pcg_time_avg_chol_explicit_avgK,ok,19.114791208005045,2.5088559580035508,2.6340651249920484,24.257712291000644,33,0,7.579249231890108e-09,50925200,-1,-1,-1,47980000,98000000,1568000000.0,8325,0,800000000,0
20,5000,24,100000,0.1,0.95,10000.0,0.9,1,pcg_banded_time_avg_precision_chol,ok,0.9246320830134209,1.3821932919963729,2.6404653750068974,4.947290750016691,33,0,7.579250738512684e-09,-1,499,400000000,400000000,47980000,98000000,1568000000.0,8325,0,800000000,0
20,5000,24,100000,0.1,0.95,10000.0,0.9,7,direct_cholmod,ok,19.28574304198264,2.184843541996088,0.04286983297788538,21.513456416956615,0,0,7.366224473536885e-13,50925200,-1,-1,-1,47980000,98000000,1568000000.0,8325,0,800000000,0
20,5000,24,100000,0.1,0.95,10000.0,0.9,7,pcg_time_avg_chol_explicit_avgK,ok,19.579101457988145,2.189414292020956,2.7967157090024557,24.565231459011557,31,0,6.921081732222882e-09,50925200,-1,-1,-1,47980000,98000000,1568000000.0,8325,0,800000000,0
20,5000,24,100000,0.1,0.95,10000.0,0.9,7,pcg_banded_time_avg_precision_chol,ok,0.9306572919886094,1.4546990829985589,2.5376031670020893,4.922959541989258,31,0,6.921084200077994e-09,-1,499,400000000,400000000,47980000,98000000,1568000000.0,8325,0,800000000,0
20,5000,24,100000,0.3,0.95,10000.0,0.9,0,direct_cholmod,ok,19.05623779099551,2.1321889579994604,0.04400887500378303,21.232435623998754,0,0,1.5638530870998304e-12,50925200,-1,-1,-1,47980000,98000000,1568000000.0,8325,0,800000000,0
20,5000,24,100000,0.3,0.95,10000.0,0.9,0,pcg_time_avg_chol_explicit_avgK,ok,20.05714466702193,2.485309917014092,32.96287304197904,55.50532762601506,410,0,8.982793736124217e-09,50925200,-1,-1,-1,47980000,98000000,1568000000.0,8325,0,800000000,0
20,5000,24,100000,0.3,0.95,10000.0,0.9,0,pcg_banded_time_avg_precision_chol,ok,0.914844874991104,1.4773587079835124,33.10272379199159,35.49492737496621,408,0,9.64030479026713e-09,-1,499,400000000,400000000,47980000,98000000,1568000000.0,8325,0,800000000,0
20,5000,24,100000,0.3,0.95,10000.0,0.9,1,direct_cholmod,ok,18.79089070801274,2.1423782920173835,0.032440332986880094,20.965709333017003,0,0,1.4621889958565215e-12,50925200,-1,-1,-1,47980000,98000000,1568000000.0,8325,0,800000000,0
20,5000,24,100000,0.3,0.95,10000.0,0.9,1,pcg_time_avg_chol_explicit_avgK,ok,18.766413667006418,2.1215350829879753,31.373080875026062,52.261029625020456,397,0,9.921934224487216e-09,50925200,-1,-1,-1,47980000,98000000,1568000000.0,8325,0,800000000,0
20,5000,24,100000,0.3,0.95,10000.0,0.9,1,pcg_banded_time_avg_precision_chol,ok,0.9094184580026194,1.1324227919976693,32.30144345900044,34.34328470900073,400,0,9.166629208057362e-09,-1,499,400000000,400000000,47980000,98000000,1568000000.0,8325,0,800000000,0
20,5000,24,100000,0.3,0.95,10000.0,0.9,7,direct_cholmod,ok,19.052481040998828,2.20300037501147,0.04407458400237374,21.29955600001267,0,0,1.3338087534148658e-12,50925200,-1,-1,-1,47980000,98000000,1568000000.0,8325,0,800000000,0
20,5000,24,100000,0.3,0.95,10000.0,0.9,7,pcg_time_avg_chol_explicit_avgK,ok,19.467834833980305,2.1806742080079857,28.528203875001054,50.176712916989345,349,0,9.484330778132344e-09,50925200,-1,-1,-1,47980000,98000000,1568000000.0,8325,0,800000000,0
20,5000,24,100000,0.3,0.95,10000.0,0.9,7,pcg_banded_time_avg_precision_chol,ok,0.9488079590082634,1.5391840410011355,29.159588042006362,31.64758004201576,349,0,9.21032481201463e-09,-1,499,400000000,400000000,47980000,98000000,1568000000.0,8325,0,800000000,0
20,5000,24,100000,0.5,0.95,10000.0,0.9,0,direct_cholmod,ok,19.51773104199674,2.262339124979917,0.0445376250136178,21.824607791990275,0,0,5.681631303886208e-12,50925200,-1,-1,-1,47980000,98000000,1568000000.0,8325,0,800000000,0
20,5000,24,100000,0.5,0.95,10000.0,0.9,0,pcg_time_avg_chol_explicit_avgK,ok,19.371762041992042,2.1719373750092927,377.39950125000905,398.9432006670104,4644,0,9.629854042581467e-09,50925200,-1,-1,-1,47980000,98000000,1568000000.0,8325,0,800000000,0
20,5000,24,100000,0.5,0.95,10000.0,0.9,0,pcg_banded_time_avg_precision_chol,ok,0.9452633330074605,1.2837845830072183,380.6021522079827,382.8312001239974,4640,0,9.988549131998345e-09,-1,499,400000000,400000000,47980000,98000000,1568000000.0,8325,0,800000000,0
20,5000,24,100000,0.5,0.95,10000.0,0.9,1,direct_cholmod,ok,19.229604874999495,2.1929443750123028,0.04185270800371654,21.464401958015515,0,0,4.8198270889433615e-12,50925200,-1,-1,-1,47980000,98000000,1568000000.0,8325,0,800000000,0
20,5000,24,100000,0.5,0.95,10000.0,0.9,1,pcg_time_avg_chol_explicit_avgK,ok,19.008959333004896,2.174831707990961,342.1699324170186,363.35372345801443,4287,0,9.773732099746775e-09,50925200,-1,-1,-1,47980000,98000000,1568000000.0,8325,0,800000000,0
20,5000,24,100000,0.5,0.95,10000.0,0.9,1,pcg_banded_time_avg_precision_chol,ok,0.9038899169827346,1.2481904169835616,345.95240520799416,348.10448554196046,4289,0,9.616365590964126e-09,-1,499,400000000,400000000,47980000,98000000,1568000000.0,8325,0,800000000,0
20,5000,24,100000,0.5,0.95,10000.0,0.9,7,direct_cholmod,ok,19.066262666980037,2.1438782089971937,0.037669540994102135,21.247810416971333,0,0,4.636795799982559e-12,50925200,-1,-1,-1,47980000,98000000,1568000000.0,8325,0,800000000,0
20,5000,24,100000,0.5,0.95,10000.0,0.9,7,pcg_time_avg_chol_explicit_avgK,ok,19.00032383299549,2.176095250004437,270.9386969580082,292.11511604100815,3407,0,9.8392152611147e-09,50925200,-1,-1,-1,47980000,98000000,1568000000.0,8325,0,800000000,0
20,5000,24,100000,0.5,0.95,10000.0,0.9,7,pcg_banded_time_avg_precision_chol,ok,0.9156360419874545,1.1839890420087613,275.54961395901046,277.6492390430067,3411,0,9.668060877577592e-09,-1,499,400000000,400000000,47980000,98000000,1568000000.0,8325,0,800000000,0
20,10000,2,200000,0.1,0.95,10000.0,0.9,0,direct_cholmod,ok,0.9208668750070501,0.2815142080071382,0.009724915988044813,1.2121059990022331,0,0,1.3383171898670695e-12,10298701,-1,-1,-1,8198800,20000000,320000000.0,16660,0,192000000,0
20,10000,2,200000,0.1,0.95,10000.0,0.9,0,pcg_time_avg_chol_explicit_avgK,ok,0.9322922910214402,0.2820126249862369,0.6713686249859165,1.8856735409935936,39,0,7.04067962548626e-09,10298701,-1,-1,-1,8198800,20000000,320000000.0,16660,0,192000000,0
20,10000,2,200000,0.1,0.95,10000.0,0.9,0,pcg_banded_time_avg_precision_chol,ok,0.11298704199725762,0.7004859160224441,0.775284625007771,1.5887575830274727,39,0,7.040665844509392e-09,-1,80,129600000,129600000,8198800,20000000,320000000.0,16660,0,192000000,0
20,10000,2,200000,0.1,0.95,10000.0,0.9,1,direct_cholmod,ok,0.8997531659842934,0.28425695799523965,0.007956124987686053,1.1919662489672191,0,0,1.8244235784250815e-12,10298701,-1,-1,-1,8198800,20000000,320000000.0,16660,0,192000000,0
20,10000,2,200000,0.1,0.95,10000.0,0.9,1,pcg_time_avg_chol_explicit_avgK,ok,0.9197886250040028,0.2862159590004012,0.6297143750125542,1.8357189590169583,35,0,6.601119287221163e-09,10298701,-1,-1,-1,8198800,20000000,320000000.0,16660,0,192000000,0
20,10000,2,200000,0.1,0.95,10000.0,0.9,1,pcg_banded_time_avg_precision_chol,ok,0.11604687498765998,0.6864760419994127,0.7060849159897771,1.5086078329768497,35,0,6.601128707281803e-09,-1,80,129600000,129600000,8198800,20000000,320000000.0,16660,0,192000000,0
20,10000,2,200000,0.1,0.95,10000.0,0.9,7,direct_cholmod,ok,0.9014791249937844,0.28223791599157266,0.007947792008053511,1.1916648329934105,0,0,2.0090276295512958e-12,10298701,-1,-1,-1,8198800,20000000,320000000.0,16660,0,192000000,0
20,10000,2,200000,0.1,0.95,10000.0,0.9,7,pcg_time_avg_chol_explicit_avgK,ok,0.8880527919973247,0.27925741698709317,0.6450239999976475,1.8123342089820653,35,0,7.10001534505508e-09,10298701,-1,-1,-1,8198800,20000000,320000000.0,16660,0,192000000,0
20,10000,2,200000,0.1,0.95,10000.0,0.9,7,pcg_banded_time_avg_precision_chol,ok,0.11262058300781064,0.6845412500260863,0.705731541995192,1.502893375029089,35,0,7.100016101014074e-09,-1,80,129600000,129600000,8198800,20000000,320000000.0,16660,0,192000000,0
20,10000,2,200000,0.3,0.95,10000.0,0.9,0,direct_cholmod,ok,0.9100321669830009,0.2851783749938477,0.0112269590026699,1.2064375009795185,0,0,2.3262940668483727e-12,10298701,-1,-1,-1,8198800,20000000,320000000.0,16660,0,192000000,0
20,10000,2,200000,0.3,0.95,10000.0,0.9,0,pcg_time_avg_chol_explicit_avgK,ok,0.9010751250025351,0.2782873749965802,10.496274832985364,11.67563733298448,623,0,9.22042135110104e-09,10298701,-1,-1,-1,8198800,20000000,320000000.0,16660,0,192000000,0
20,10000,2,200000,0.3,0.95,10000.0,0.9,0,pcg_banded_time_avg_precision_chol,ok,0.11733562499284744,0.6908312920131721,12.53514720799285,13.34331412499887,620,0,9.619044011335659e-09,-1,80,129600000,129600000,8198800,20000000,320000000.0,16660,0,192000000,0
20,10000,2,200000,0.3,0.95,10000.0,0.9,1,direct_cholmod,ok,0.895836290990701,0.28080775000853464,0.00794333399971947,1.184587374998955,0,0,2.9431490652108517e-12,10298701,-1,-1,-1,8198800,20000000,320000000.0,16660,0,192000000,0
20,10000,2,200000,0.3,0.95,10000.0,0.9,1,pcg_time_avg_chol_explicit_avgK,ok,0.9067186250176746,0.2853315829997882,7.95251649999409,9.144566708011553,473,0,9.270508267420489e-09,10298701,-1,-1,-1,8198800,20000000,320000000.0,16660,0,192000000,0
20,10000,2,200000,0.3,0.95,10000.0,0.9,1,pcg_banded_time_avg_precision_chol,ok,0.11945962498430163,0.6933673339954112,9.576331833988661,10.389158792968374,475,0,8.982213104552472e-09,-1,80,129600000,129600000,8198800,20000000,320000000.0,16660,0,192000000,0
20,10000,2,200000,0.3,0.95,10000.0,0.9,7,direct_cholmod,ok,0.8948106659809127,0.28142341601778753,0.007872624992160127,1.1841067069908604,0,0,3.4427772225947107e-12,10298701,-1,-1,-1,8198800,20000000,320000000.0,16660,0,192000000,0
20,10000,2,200000,0.3,0.95,10000.0,0.9,7,pcg_time_avg_chol_explicit_avgK,ok,0.8903378749964759,0.28876204098924063,8.051909250003519,9.231009165989235,477,0,9.602477766231608e-09,10298701,-1,-1,-1,8198800,20000000,320000000.0,16660,0,192000000,0
20,10000,2,200000,0.3,0.95,10000.0,0.9,7,pcg_banded_time_avg_precision_chol,ok,0.11490045802202076,0.7054758750018664,9.582112083997345,10.402488417021232,478,0,9.67296059295488e-09,-1,80,129600000,129600000,8198800,20000000,320000000.0,16660,0,192000000,0
20,10000,2,200000,0.5,0.95,10000.0,0.9,0,direct_cholmod,ok,0.8982819160155486,0.28811366701847874,0.007956291025038809,1.1943518740590662,0,0,7.981719358324988e-12,10298701,-1,-1,-1,8198800,20000000,320000000.0,16660,0,192000000,0
20,10000,2,200000,0.5,0.95,10000.0,0.9,0,pcg_time_avg_chol_explicit_avgK,ok,0.8906950419768691,0.27788145799422637,140.5659852079989,141.73456170797,8368,0,9.606590444398947e-09,10298701,-1,-1,-1,8198800,20000000,320000000.0,16660,0,192000000,0
20,10000,2,200000,0.5,0.95,10000.0,0.9,0,pcg_banded_time_avg_precision_chol,ok,0.11528500000713393,0.7220818749919999,169.52610712498426,170.3634739999834,8334,0,9.796613765073062e-09,-1,80,129600000,129600000,8198800,20000000,320000000.0,16660,0,192000000,0
20,10000,2,200000,0.5,0.95,10000.0,0.9,1,direct_cholmod,ok,0.9198360829905141,0.2823232079972513,0.007862999977078289,1.2100222909648437,0,0,1.0022237034241255e-11,10298701,-1,-1,-1,8198800,20000000,320000000.0,16660,0,192000000,0
20,10000,2,200000,0.5,0.95,10000.0,0.9,1,pcg_time_avg_chol_explicit_avgK,ok,0.9032204999821261,0.2811168339976575,104.71253016701667,105.89686750099645,6259,0,9.776156827818636e-09,10298701,-1,-1,-1,8198800,20000000,320000000.0,16660,0,192000000,0
20,10000,2,200000,0.5,0.95,10000.0,0.9,1,pcg_banded_time_avg_precision_chol,ok,0.11396437499206513,0.6920777909981553,126.4793717090215,127.28541387501173,6247,0,9.465982314258965e-09,-1,80,129600000,129600000,8198800,20000000,320000000.0,16660,0,192000000,0
20,10000,2,200000,0.5,0.95,10000.0,0.9,7,direct_cholmod,ok,0.9984974580002017,0.28948279202450067,0.008127416018396616,1.296107666043099,0,0,1.3874081193878059e-11,10298701,-1,-1,-1,8198800,20000000,320000000.0,16660,0,192000000,0
20,10000,2,200000,0.5,0.95,10000.0,0.9,7,pcg_time_avg_chol_explicit_avgK,ok,0.9275099999795202,0.29380170902004465,101.6882134579937,102.90952516699326,6094,0,9.920096308227438e-09,10298701,-1,-1,-1,8198800,20000000,320000000.0,16660,0,192000000,0
20,10000,2,200000,0.5,0.95,10000.0,0.9,7,pcg_banded_time_avg_precision_chol,ok,0.11321375000989065,0.6963792919996195,122.81045808302588,123.62005112503539,6096,0,9.874696879782515e-09,-1,80,129600000,129600000,8198800,20000000,320000000.0,16660,0,192000000,0
20,10000,12,200000,0.1,0.95,10000.0,0.9,0,direct_cholmod,ok,11.80090845900122,1.9540262920199893,0.1282710829982534,13.883205834019464,0,0,1.3648621361057038e-12,52068000,-1,-1,-1,48168800,100000000,1600000000.0,16660,0,832000000,0
20,10000,12,200000,0.1,0.95,10000.0,0.9,0,pcg_time_avg_chol_explicit_avgK,ok,11.63364908299991,1.925148124981206,4.699909457995091,18.258706665976206,38,0,7.334376225913271e-09,52068000,-1,-1,-1,48168800,100000000,1600000000.0,16660,0,832000000,0
20,10000,12,200000,0.1,0.95,10000.0,0.9,0,pcg_banded_time_avg_precision_chol,ok,0.6907575000077486,1.8346770829812158,2.9611490829847753,5.48658366597374,38,0,7.334374435043065e-09,-1,259,416000000,416000000,48168800,100000000,1600000000.0,16660,0,832000000,0
20,10000,12,200000,0.1,0.95,10000.0,0.9,1,direct_cholmod,ok,11.900181667006109,1.957312832993921,0.05221266602165997,13.90970716602169,0,0,7.529577916886279e-13,52068000,-1,-1,-1,48168800,100000000,1600000000.0,16660,0,832000000,0
20,10000,12,200000,0.1,0.95,10000.0,0.9,1,pcg_time_avg_chol_explicit_avgK,ok,11.708418666006764,1.9539332080166787,3.112178000010317,16.77452987403376,35,0,6.277500923497038e-09,52068000,-1,-1,-1,48168800,100000000,1600000000.0,16660,0,832000000,0
20,10000,12,200000,0.1,0.95,10000.0,0.9,1,pcg_banded_time_avg_precision_chol,ok,0.7023808750091121,1.9477147499856073,2.767399584001396,5.417495208996115,35,0,6.27750164068497e-09,-1,259,416000000,416000000,48168800,100000000,1600000000.0,16660,0,832000000,0
20,10000,12,200000,0.1,0.95,10000.0,0.9,7,direct_cholmod,ok,11.798900875000982,1.9328790830040816,0.03591945901280269,13.767699417017866,0,0,5.11076225766635e-13,52068000,-1,-1,-1,48168800,100000000,1600000000.0,16660,0,832000000,0
20,10000,12,200000,0.1,0.95,10000.0,0.9,7,pcg_time_avg_chol_explicit_avgK,ok,11.530549291986972,1.9140569999872241,3.1661110839922912,16.610717375966487,34,0,7.759573036922139e-09,52068000,-1,-1,-1,48168800,100000000,1600000000.0,16660,0,832000000,0
20,10000,12,200000,0.1,0.95,10000.0,0.9,7,pcg_banded_time_avg_precision_chol,ok,0.6993673329998273,1.9246459160058293,2.6313322910282295,5.255345540033886,34,0,7.75957523763194e-09,-1,259,416000000,416000000,48168800,100000000,1600000000.0,16660,0,832000000,0
20,10000,12,200000,0.3,0.95,10000.0,0.9,0,direct_cholmod,ok,11.62007029200322,1.9771273750229739,0.04896112499409355,13.646158792020287,0,0,2.3871102361713897e-12,52068000,-1,-1,-1,48168800,100000000,1600000000.0,16660,0,832000000,0
20,10000,12,200000,0.3,0.95,10000.0,0.9,0,pcg_time_avg_chol_explicit_avgK,ok,11.609676958003547,1.9219187920098193,75.97275066599832,89.50434641601169,606,0,9.974636242596392e-09,52068000,-1,-1,-1,48168800,100000000,1600000000.0,16660,0,832000000,0
20,10000,12,200000,0.3,0.95,10000.0,0.9,0,pcg_banded_time_avg_precision_chol,ok,0.6785966669849586,1.8501579999865498,46.90921954202349,49.437974208995,601,0,9.998415283861956e-09,-1,259,416000000,416000000,48168800,100000000,1600000000.0,16660,0,832000000,0
20,10000,12,200000,0.3,0.95,10000.0,0.9,1,direct_cholmod,ok,11.741298875014763,1.935720792011125,0.05017762500210665,13.727197292027995,0,0,1.373124592560874e-12,52068000,-1,-1,-1,48168800,100000000,1600000000.0,16660,0,832000000,0
20,10000,12,200000,0.3,0.95,10000.0,0.9,1,pcg_time_avg_chol_explicit_avgK,ok,11.717293749999953,1.9348464159993455,45.40420020799502,59.05634037399432,466,0,9.373495916369687e-09,52068000,-1,-1,-1,48168800,100000000,1600000000.0,16660,0,832000000,0
20,10000,12,200000,0.3,0.95,10000.0,0.9,1,pcg_banded_time_avg_precision_chol,ok,0.6944589170161635,1.974926291994052,36.422752417012816,39.09213762602303,466,0,9.965228629203197e-09,-1,259,416000000,416000000,48168800,100000000,1600000000.0,16660,0,832000000,0
20,10000,12,200000,0.3,0.95,10000.0,0.9,7,direct_cholmod,ok,11.978680667001754,1.9462744169868529,0.04496033300529234,13.9699154169939,0,0,9.919938355866148e-13,52068000,-1,-1,-1,48168800,100000000,1600000000.0,16660,0,832000000,0
20,10000,12,200000,0.3,0.95,10000.0,0.9,7,pcg_time_avg_chol_explicit_avgK,ok,11.781044458999531,1.947636709024664,49.0041921660013,62.7328733340255,463,0,9.365250499888907e-09,52068000,-1,-1,-1,48168800,100000000,1600000000.0,16660,0,832000000,0
20,10000,12,200000,0.3,0.95,10000.0,0.9,7,pcg_banded_time_avg_precision_chol,ok,0.7129737090144772,2.048067291994812,36.1712247079995,38.93226570900879,463,0,9.623202909886596e-09,-1,259,416000000,416000000,48168800,100000000,1600000000.0,16660,0,832000000,0
20,10000,12,200000,0.5,0.95,10000.0,0.9,0,direct_cholmod,ok,11.577573040995048,1.9072086660016794,0.12026312499074265,13.60504483198747,0,0,1.1322379198788518e-11,52068000,-1,-1,-1,48168800,100000000,1600000000.0,16660,0,832000000,0
20,10000,12,200000,0.5,0.95,10000.0,0.9,0,pcg_time_avg_chol_explicit_avgK,timeout_phase3,nan,nan,nan,nan,0,0,nan,-1,-1,-1,-1,48168800,100000000,1600000000.0,16660,0,832000000,0
20,10000,12,200000,0.5,0.95,10000.0,0.9,0,pcg_banded_time_avg_precision_chol,ok,0.7183224580076057,2.4880739170184825,643.7003382920229,646.906734667049,8162,0,9.186571847105028e-09,-1,259,416000000,416000000,48168800,100000000,1600000000.0,16660,0,832000000,0
20,10000,12,200000,0.5,0.95,10000.0,0.9,1,direct_cholmod,ok,11.686988082976313,1.9185055410198402,0.1327519999758806,13.738245623972034,0,0,4.964374408635489e-12,52068000,-1,-1,-1,48168800,100000000,1600000000.0,16660,0,832000000,0
20,10000,12,200000,0.5,0.95,10000.0,0.9,1,pcg_time_avg_chol_explicit_avgK,ok,11.502971249981783,1.9379524170071818,756.6492449999787,770.0901686669677,6044,0,9.210507559495534e-09,52068000,-1,-1,-1,48168800,100000000,1600000000.0,16660,0,832000000,0
20,10000,12,200000,0.5,0.95,10000.0,0.9,1,pcg_banded_time_avg_precision_chol,ok,0.7041088329860941,1.8641316670109518,681.3462983750214,683.9145388750185,6042,0,9.824781717455923e-09,-1,259,416000000,416000000,48168800,100000000,1600000000.0,16660,0,832000000,0
20,10000,12,200000,0.5,0.95,10000.0,0.9,7,direct_cholmod,ok,17.42810170800658,8.145886415994028,0.1913225830066949,25.765310707007302,0,0,4.702782114343793e-12,52068000,-1,-1,-1,48168800,100000000,1600000000.0,16660,0,832000000,0
20,10000,12,200000,0.5,0.95,10000.0,0.9,7,pcg_time_avg_chol_explicit_avgK,ok,16.664707624993753,3.468910291994689,828.0605686659983,848.1941865829867,5829,0,9.17889515825269e-09,52068000,-1,-1,-1,48168800,100000000,1600000000.0,16660,0,832000000,0
20,10000,12,200000,0.5,0.95,10000.0,0.9,7,pcg_banded_time_avg_precision_chol,ok,0.9339105830003973,102.40165325000999,722.1086540840042,825.4442179170146,5833,0,9.609354910317049e-09,-1,259,416000000,416000000,48168800,100000000,1600000000.0,16660,0,832000000,0
20,10000,24,200000,0.1,0.95,10000.0,0.9,0,direct_cholmod,skipped_memory_estimate:estimated_Kbar_nnz=1.96e+08 > 1.00e+08,nan,nan,nan,nan,0,0,nan,-1,-1,-1,-1,96080000,196000000,3136000000.0,16660,1,1600000000,0
20,10000,24,200000,0.1,0.95,10000.0,0.9,0,pcg_time_avg_chol_explicit_avgK,skipped_memory_estimate:estimated_Kbar_nnz=1.96e+08 > 1.00e+08,nan,nan,nan,nan,0,0,nan,-1,-1,-1,-1,96080000,196000000,3136000000.0,16660,1,1600000000,0
20,10000,24,200000,0.1,0.95,10000.0,0.9,0,pcg_banded_time_avg_precision_chol,ok,2.562167458003387,155.7619746249984,8.73786999998265,167.06201208298444,38,0,6.58229781018592e-09,-1,499,800000000,800000000,96080000,196000000,3136000000.0,16660,1,1600000000,0
20,10000,24,200000,0.1,0.95,10000.0,0.9,1,direct_cholmod,skipped_memory_estimate:estimated_Kbar_nnz=1.96e+08 > 1.00e+08,nan,nan,nan,nan,0,0,nan,-1,-1,-1,-1,96080000,196000000,3136000000.0,16660,1,1600000000,0
20,10000,24,200000,0.1,0.95,10000.0,0.9,1,pcg_time_avg_chol_explicit_avgK,skipped_memory_estimate:estimated_Kbar_nnz=1.96e+08 > 1.00e+08,nan,nan,nan,nan,0,0,nan,-1,-1,-1,-1,96080000,196000000,3136000000.0,16660,1,1600000000,0
20,10000,24,200000,0.1,0.95,10000.0,0.9,1,pcg_banded_time_avg_precision_chol,ok,2.37477162500727,59.06241037498694,6.166212042007828,67.60339404200204,35,0,5.867763187459259e-09,-1,499,800000000,800000000,96080000,196000000,3136000000.0,16660,1,1600000000,0
20,10000,24,200000,0.1,0.95,10000.0,0.9,7,direct_cholmod,skipped_memory_estimate:estimated_Kbar_nnz=1.96e+08 > 1.00e+08,nan,nan,nan,nan,0,0,nan,-1,-1,-1,-1,96080000,196000000,3136000000.0,16660,1,1600000000,0
20,10000,24,200000,0.1,0.95,10000.0,0.9,7,pcg_time_avg_chol_explicit_avgK,skipped_memory_estimate:estimated_Kbar_nnz=1.96e+08 > 1.00e+08,nan,nan,nan,nan,0,0,nan,-1,-1,-1,-1,96080000,196000000,3136000000.0,16660,1,1600000000,0
20,10000,24,200000,0.1,0.95,10000.0,0.9,7,pcg_banded_time_avg_precision_chol,ok,1.7592332919884939,2.168796290992759,5.157197874999838,9.085227457981091,33,0,7.440606484445693e-09,-1,499,800000000,800000000,96080000,196000000,3136000000.0,16660,1,1600000000,0
20,10000,24,200000,0.3,0.95,10000.0,0.9,0,direct_cholmod,skipped_memory_estimate:estimated_Kbar_nnz=1.96e+08 > 1.00e+08,nan,nan,nan,nan,0,0,nan,-1,-1,-1,-1,96080000,196000000,3136000000.0,16660,1,1600000000,0
20,10000,24,200000,0.3,0.95,10000.0,0.9,0,pcg_time_avg_chol_explicit_avgK,skipped_memory_estimate:estimated_Kbar_nnz=1.96e+08 > 1.00e+08,nan,nan,nan,nan,0,0,nan,-1,-1,-1,-1,96080000,196000000,3136000000.0,16660,1,1600000000,0
20,10000,24,200000,0.3,0.95,10000.0,0.9,0,pcg_banded_time_avg_precision_chol,ok,1.7474179169803392,2.1208530830044765,91.66899550001835,95.53726650000317,607,0,9.639199620365936e-09,-1,499,800000000,800000000,96080000,196000000,3136000000.0,16660,1,1600000000,0
20,10000,24,200000,0.3,0.95,10000.0,0.9,1,direct_cholmod,skipped_memory_estimate:estimated_Kbar_nnz=1.96e+08 > 1.00e+08,nan,nan,nan,nan,0,0,nan,-1,-1,-1,-1,96080000,196000000,3136000000.0,16660,1,1600000000,0
20,10000,24,200000,0.3,0.95,10000.0,0.9,1,pcg_time_avg_chol_explicit_avgK,skipped_memory_estimate:estimated_Kbar_nnz=1.96e+08 > 1.00e+08,nan,nan,nan,nan,0,0,nan,-1,-1,-1,-1,96080000,196000000,3136000000.0,16660,1,1600000000,0
20,10000,24,200000,0.3,0.95,10000.0,0.9,1,pcg_banded_time_avg_precision_chol,ok,1.7418482499779202,2.120510665990878,70.33874895802,74.2011078739888,462,0,9.789572144046406e-09,-1,499,800000000,800000000,96080000,196000000,3136000000.0,16660,1,1600000000,0
20,10000,24,200000,0.3,0.95,10000.0,0.9,7,direct_cholmod,skipped_memory_estimate:estimated_Kbar_nnz=1.96e+08 > 1.00e+08,nan,nan,nan,nan,0,0,nan,-1,-1,-1,-1,96080000,196000000,3136000000.0,16660,1,1600000000,0
20,10000,24,200000,0.3,0.95,10000.0,0.9,7,pcg_time_avg_chol_explicit_avgK,skipped_memory_estimate:estimated_Kbar_nnz=1.96e+08 > 1.00e+08,nan,nan,nan,nan,0,0,nan,-1,-1,-1,-1,96080000,196000000,3136000000.0,16660,1,1600000000,0
20,10000,24,200000,0.3,0.95,10000.0,0.9,7,pcg_banded_time_avg_precision_chol,ok,1.762629292003112,2.098571540991543,67.19769154200912,71.05889237500378,437,0,9.34564670429232e-09,-1,499,800000000,800000000,96080000,196000000,3136000000.0,16660,1,1600000000,0
20,10000,24,200000,0.5,0.95,10000.0,0.9,0,direct_cholmod,skipped_memory_estimate:estimated_Kbar_nnz=1.96e+08 > 1.00e+08,nan,nan,nan,nan,0,0,nan,-1,-1,-1,-1,96080000,196000000,3136000000.0,16660,1,1600000000,0
20,10000,24,200000,0.5,0.95,10000.0,0.9,0,pcg_time_avg_chol_explicit_avgK,skipped_memory_estimate:estimated_Kbar_nnz=1.96e+08 > 1.00e+08,nan,nan,nan,nan,0,0,nan,-1,-1,-1,-1,96080000,196000000,3136000000.0,16660,1,1600000000,0
20,10000,24,200000,0.5,0.95,10000.0,0.9,0,pcg_banded_time_avg_precision_chol,timeout_phase3,nan,nan,nan,nan,0,0,nan,-1,-1,-1,-1,96080000,196000000,3136000000.0,16660,1,1600000000,0
20,10000,24,200000,0.5,0.95,10000.0,0.9,1,direct_cholmod,skipped_memory_estimate:estimated_Kbar_nnz=1.96e+08 > 1.00e+08,nan,nan,nan,nan,0,0,nan,-1,-1,-1,-1,96080000,196000000,3136000000.0,16660,1,1600000000,0
20,10000,24,200000,0.5,0.95,10000.0,0.9,1,pcg_time_avg_chol_explicit_avgK,skipped_memory_estimate:estimated_Kbar_nnz=1.96e+08 > 1.00e+08,nan,nan,nan,nan,0,0,nan,-1,-1,-1,-1,96080000,196000000,3136000000.0,16660,1,1600000000,0
20,10000,24,200000,0.5,0.95,10000.0,0.9,1,pcg_banded_time_avg_precision_chol,timeout_phase3,nan,nan,nan,nan,0,0,nan,-1,-1,-1,-1,96080000,196000000,3136000000.0,16660,1,1600000000,0
20,10000,24,200000,0.5,0.95,10000.0,0.9,7,direct_cholmod,skipped_memory_estimate:estimated_Kbar_nnz=1.96e+08 > 1.00e+08,nan,nan,nan,nan,0,0,nan,-1,-1,-1,-1,96080000,196000000,3136000000.0,16660,1,1600000000,0
20,10000,24,200000,0.5,0.95,10000.0,0.9,7,pcg_time_avg_chol_explicit_avgK,skipped_memory_estimate:estimated_Kbar_nnz=1.96e+08 > 1.00e+08,nan,nan,nan,nan,0,0,nan,-1,-1,-1,-1,96080000,196000000,3136000000.0,16660,1,1600000000,0
20,10000,24,200000,0.5,0.95,10000.0,0.9,7,pcg_banded_time_avg_precision_chol,ok,1.7331057080009487,2.1260770829976536,819.4789758750121,823.3381586660107,5274,0,9.336994563373262e-09,-1,499,800000000,800000000,96080000,196000000,3136000000.0,16660,1,1600000000,0
5,1920,2,9600,0.3,0.95,100000.0,0.9,0,direct_cholmod,ok,0.02286550001008436,0.0031775830138940364,0.0006286249845288694,0.026671708008507267,0,0,1.6535976981964855e-11,129198,-1,-1,-1,105525,240000,3840000.0,3195,0,2304000,0
5,1920,2,9600,0.3,0.95,100000.0,0.9,0,pcg_time_avg_chol_explicit_avgK,ok,0.0209462920029182,0.0028087499958928674,0.0548867909819819,0.07864183298079297,216,0,9.507307080971e-09,129198,-1,-1,-1,105525,240000,3840000.0,3195,0,2304000,0
5,1920,2,9600,0.3,0.95,100000.0,0.9,0,pcg_banded_time_avg_precision_chol,ok,0.013466917007463053,0.0009615829912945628,0.12012900001718663,0.13455750001594424,217,0,8.813412748612581e-09,-1,20,1612800,1612800,105525,240000,3840000.0,3195,0,2304000,0
5,1920,2,9600,0.3,0.95,100000.0,0.9,1,direct_cholmod,ok,0.019827625015750527,0.0026969159953296185,0.0001153330085799098,0.022639874019660056,0,0,3.647054464172256e-11,129198,-1,-1,-1,105525,240000,3840000.0,3195,0,2304000,0
5,1920,2,9600,0.3,0.95,100000.0,0.9,1,pcg_time_avg_chol_explicit_avgK,ok,0.015512125013628975,0.0027495420072227716,0.04966362498817034,0.06792529200902209,190,0,8.85527876834981e-09,129198,-1,-1,-1,105525,240000,3840000.0,3195,0,2304000,0
5,1920,2,9600,0.3,0.95,100000.0,0.9,1,pcg_banded_time_avg_precision_chol,ok,0.013355458009755239,0.000983041012659669,0.10154437500750646,0.11588287402992137,188,0,9.825317107778246e-09,-1,20,1612800,1612800,105525,240000,3840000.0,3195,0,2304000,0
5,1920,2,9600,0.3,0.95,100000.0,0.9,7,direct_cholmod,ok,0.020675541018135846,0.002677249984117225,0.00011649998486973345,0.023469290987122804,0,0,1.535550427120917e-11,129198,-1,-1,-1,105525,240000,3840000.0,3195,0,2304000,0
5,1920,2,9600,0.3,0.95,100000.0,0.9,7,pcg_time_avg_chol_explicit_avgK,ok,0.01753383400500752,0.003329875005874783,0.051462166011333466,0.07232587502221577,203,0,9.956068338009727e-09,129198,-1,-1,-1,105525,240000,3840000.0,3195,0,2304000,0
5,1920,2,9600,0.3,0.95,100000.0,0.9,7,pcg_banded_time_avg_precision_chol,ok,0.013246959017124027,0.0009654999885242432,0.11163662499166094,0.1258490839973092,205,0,8.548758692545238e-09,-1,20,1612800,1612800,105525,240000,3840000.0,3195,0,2304000,0
5,1920,2,9600,0.3,0.95,1000000.0,0.9,0,direct_cholmod,ok,0.022492291987873614,0.002781042014248669,0.00011362502118572593,0.02538695902330801,0,0,1.4301923811353954e-10,129198,-1,-1,-1,105525,240000,3840000.0,3195,0,2304000,0
5,1920,2,9600,0.3,0.95,1000000.0,0.9,0,pcg_time_avg_chol_explicit_avgK,ok,0.01717208299669437,0.002746249985648319,0.05745933300931938,0.07737766599166207,218,0,8.81363473543909e-09,129198,-1,-1,-1,105525,240000,3840000.0,3195,0,2304000,0
5,1920,2,9600,0.3,0.95,1000000.0,0.9,0,pcg_banded_time_avg_precision_chol,ok,0.01360629199189134,0.0009574590076226741,0.10734904199489392,0.12191279299440794,216,0,9.311863433210081e-09,-1,20,1612800,1612800,105525,240000,3840000.0,3195,0,2304000,0
5,1920,2,9600,0.3,0.95,1000000.0,0.9,1,direct_cholmod,ok,0.022295833012321964,0.0025960420025512576,0.0001143749977927655,0.025006250012665987,0,0,2.874356962287966e-10,129198,-1,-1,-1,105525,240000,3840000.0,3195,0,2304000,0
5,1920,2,9600,0.3,0.95,1000000.0,0.9,1,pcg_time_avg_chol_explicit_avgK,ok,0.01508929199189879,0.0027529579820111394,0.0491358750150539,0.06697812498896383,188,0,9.657566491990407e-09,129198,-1,-1,-1,105525,240000,3840000.0,3195,0,2304000,0
5,1920,2,9600,0.3,0.95,1000000.0,0.9,1,pcg_banded_time_avg_precision_chol,ok,0.015095290989847854,0.0009553749987389892,0.09590708301402628,0.11195774900261313,188,0,9.683924422548105e-09,-1,20,1612800,1612800,105525,240000,3840000.0,3195,0,2304000,0
5,1920,2,9600,0.3,0.95,1000000.0,0.9,7,direct_cholmod,ok,0.015034583018859848,0.0026821249921340495,0.00011441699462011456,0.017831125005614012,0,0,1.205143065022783e-10,129198,-1,-1,-1,105525,240000,3840000.0,3195,0,2304000,0
5,1920,2,9600,0.3,0.95,1000000.0,0.9,7,pcg_time_avg_chol_explicit_avgK,ok,0.01483941701008007,0.002750249987002462,0.05217062498559244,0.06976029198267497,206,0,7.971328746744621e-09,129198,-1,-1,-1,105525,240000,3840000.0,3195,0,2304000,0
5,1920,2,9600,0.3,0.95,1000000.0,0.9,7,pcg_banded_time_avg_precision_chol,ok,0.013523500005248934,0.0009572920098435134,0.10883400001330301,0.12331479202839546,204,0,8.712032467019876e-09,-1,20,1612800,1612800,105525,240000,3840000.0,3195,0,2304000,0
5,1920,2,9600,0.3,0.95,10000000.0,0.9,0,direct_cholmod,ok,0.021506541001144797,0.0027901249995920807,0.00011383299715816975,0.024410498997895047,0,0,1.465012334492027e-09,129198,-1,-1,-1,105525,240000,3840000.0,3195,0,2304000,0
5,1920,2,9600,0.3,0.95,10000000.0,0.9,0,pcg_time_avg_chol_explicit_avgK,ok,0.0165915830002632,0.0029077910003252327,0.05555591601296328,0.07505529001355171,217,0,1.1068828955010354e-08,129198,-1,-1,-1,105525,240000,3840000.0,3195,0,2304000,0
5,1920,2,9600,0.3,0.95,10000000.0,0.9,0,pcg_banded_time_avg_precision_chol,ok,0.01446595901506953,0.0009533749835100025,0.11149633297463879,0.12691566697321832,218,0,1.165286864669543e-08,-1,20,1612800,1612800,105525,240000,3840000.0,3195,0,2304000,0
5,1920,2,9600,0.3,0.95,10000000.0,0.9,1,direct_cholmod,ok,0.03236012501292862,0.0026895409973803908,0.00011362499208189547,0.035163291002390906,0,0,3.057941123891217e-09,129198,-1,-1,-1,105525,240000,3840000.0,3195,0,2304000,0
5,1920,2,9600,0.3,0.95,10000000.0,0.9,1,pcg_time_avg_chol_explicit_avgK,ok,0.026522166997892782,0.0027692080184351653,0.049306666012853384,0.07859804102918133,189,0,1.4470748089284479e-08,129198,-1,-1,-1,105525,240000,3840000.0,3195,0,2304000,0
5,1920,2,9600,0.3,0.95,10000000.0,0.9,1,pcg_banded_time_avg_precision_chol,ok,0.013579666003352031,0.0009484160109423101,0.10406095799407922,0.11858904000837356,190,0,1.479123042842622e-08,-1,20,1612800,1612800,105525,240000,3840000.0,3195,0,2304000,0
5,1920,2,9600,0.3,0.95,10000000.0,0.9,7,direct_cholmod,ok,0.015075875009642914,0.002666249987669289,0.0001120000088121742,0.017854125006124377,0,0,1.265808305504013e-09,129198,-1,-1,-1,105525,240000,3840000.0,3195,0,2304000,0
5,1920,2,9600,0.3,0.95,10000000.0,0.9,7,pcg_time_avg_chol_explicit_avgK,ok,0.014374708000104874,0.002679165976587683,0.05144670800655149,0.06850058198324405,203,0,1.1050063131225484e-08,129198,-1,-1,-1,105525,240000,3840000.0,3195,0,2304000,0
5,1920,2,9600,0.3,0.95,10000000.0,0.9,7,pcg_banded_time_avg_precision_chol,ok,0.01334195799427107,0.0009700829978100955,0.11012445800588466,0.12443649899796583,204,0,1.0698960059588157e-08,-1,20,1612800,1612800,105525,240000,3840000.0,3195,0,2304000,0
10,5000,12,50000,0.3,0.95,100000.0,0.9,0,direct_cholmod,ok,0.8740428330202121,0.27680754198809154,0.0047011249989736825,1.1555515000072774,0,0,1.1268413515763774e-11,6766000,-1,-1,-1,6042200,12500000,200000000.0,8325,0,104000000,0
10,5000,12,50000,0.3,0.95,100000.0,0.9,0,pcg_time_avg_chol_explicit_avgK,ok,0.8610757919959724,0.27474895797786303,3.427835665992461,4.563660415966297,325,0,7.902002811010015e-09,6766000,-1,-1,-1,6042200,12500000,200000000.0,8325,0,104000000,0
10,5000,12,50000,0.3,0.95,100000.0,0.9,0,pcg_banded_time_avg_precision_chol,ok,0.24423787501291372,0.19542341597843915,3.107618749985704,3.547280040977057,320,0,9.720220032304354e-09,-1,129,52000000,52000000,6042200,12500000,200000000.0,8325,0,104000000,0
10,5000,12,50000,0.3,0.95,100000.0,0.9,1,direct_cholmod,ok,0.851032957987627,0.27611566698760726,0.005098082998301834,1.132246707973536,0,0,1.0636786064593454e-11,6766000,-1,-1,-1,6042200,12500000,200000000.0,8325,0,104000000,0
10,5000,12,50000,0.3,0.95,100000.0,0.9,1,pcg_time_avg_chol_explicit_avgK,ok,0.8579778750136029,0.27490987500641495,3.9400767909828573,5.072964541002875,373,0,9.606063443188813e-09,6766000,-1,-1,-1,6042200,12500000,200000000.0,8325,0,104000000,0
10,5000,12,50000,0.3,0.95,100000.0,0.9,1,pcg_banded_time_avg_precision_chol,ok,0.24788462498690933,0.19556374999228865,3.7013284580025356,4.144776832981734,374,0,9.702197219420952e-09,-1,129,52000000,52000000,6042200,12500000,200000000.0,8325,0,104000000,0
10,5000,12,50000,0.3,0.95,100000.0,0.9,7,direct_cholmod,ok,0.8438594580220524,0.2789941669907421,0.004784832999575883,1.1276384580123704,0,0,9.228837113325582e-12,6766000,-1,-1,-1,6042200,12500000,200000000.0,8325,0,104000000,0
10,5000,12,50000,0.3,0.95,100000.0,0.9,7,pcg_time_avg_chol_explicit_avgK,ok,0.8486641669878736,0.27407970899366774,3.1077113339852076,4.230455209966749,294,0,9.70436169642286e-09,6766000,-1,-1,-1,6042200,12500000,200000000.0,8325,0,104000000,0
10,5000,12,50000,0.3,0.95,100000.0,0.9,7,pcg_banded_time_avg_precision_chol,ok,0.24441354101873003,0.19563462500809692,2.8691908750042785,3.3092390410311054,294,0,9.865624261261285e-09,-1,129,52000000,52000000,6042200,12500000,200000000.0,8325,0,104000000,0
10,5000,12,50000,0.3,0.95,1000000.0,0.9,0,direct_cholmod,ok,0.8591142089862842,0.27389325000694953,0.004770333005581051,1.1377777919988148,0,0,9.522727227954357e-11,6766000,-1,-1,-1,6042200,12500000,200000000.0,8325,0,104000000,0
10,5000,12,50000,0.3,0.95,1000000.0,0.9,0,pcg_time_avg_chol_explicit_avgK,ok,0.8456847920024302,0.28165666697896086,3.407095874979859,4.53443733396125,321,0,9.387208855156308e-09,6766000,-1,-1,-1,6042200,12500000,200000000.0,8325,0,104000000,0
10,5000,12,50000,0.3,0.95,1000000.0,0.9,0,pcg_banded_time_avg_precision_chol,ok,0.24803370801964775,0.19601479201810434,3.171226125006797,3.615274625044549,323,0,9.37436518868455e-09,-1,129,52000000,52000000,6042200,12500000,200000000.0,8325,0,104000000,0
10,5000,12,50000,0.3,0.95,1000000.0,0.9,1,direct_cholmod,ok,0.8446023750002496,0.2744370420114137,0.0048845839919522405,1.1239240010036156,0,0,8.420123055104099e-11,6766000,-1,-1,-1,6042200,12500000,200000000.0,8325,0,104000000,0
10,5000,12,50000,0.3,0.95,1000000.0,0.9,1,pcg_time_avg_chol_explicit_avgK,ok,0.86123066698201,0.2737116249918472,3.9728249160107225,5.10776720798458,373,0,9.542231545822818e-09,6766000,-1,-1,-1,6042200,12500000,200000000.0,8325,0,104000000,0
10,5000,12,50000,0.3,0.95,1000000.0,0.9,1,pcg_banded_time_avg_precision_chol,ok,0.24355541699333116,0.19613649998791516,3.7401696250017267,4.179861541982973,375,0,8.872117432359406e-09,-1,129,52000000,52000000,6042200,12500000,200000000.0,8325,0,104000000,0
10,5000,12,50000,0.3,0.95,1000000.0,0.9,7,direct_cholmod,ok,0.850423291005427,0.2741308340046089,0.004564667004160583,1.1291187920141965,0,0,7.503444648686891e-11,6766000,-1,-1,-1,6042200,12500000,200000000.0,8325,0,104000000,0
10,5000,12,50000,0.3,0.95,1000000.0,0.9,7,pcg_time_avg_chol_explicit_avgK,ok,0.8470241249888204,0.27644229200086556,3.131107958004577,4.254574374994263,294,0,9.634208485382619e-09,6766000,-1,-1,-1,6042200,12500000,200000000.0,8325,0,104000000,0
10,5000,12,50000,0.3,0.95,1000000.0,0.9,7,pcg_banded_time_avg_precision_chol,ok,0.2423164159990847,0.19680416598566808,2.9717246249783784,3.410845206963131,296,0,9.042553416378057e-09,-1,129,52000000,52000000,6042200,12500000,200000000.0,8325,0,104000000,0
10,5000,12,50000,0.3,0.95,10000000.0,0.9,0,direct_cholmod,ok,0.8441773749946151,0.2752805410127621,0.004825374984648079,1.1242832909920253,0,0,1.0200418450887213e-09,6766000,-1,-1,-1,6042200,12500000,200000000.0,8325,0,104000000,0
10,5000,12,50000,0.3,0.95,10000000.0,0.9,0,pcg_time_avg_chol_explicit_avgK,ok,0.8630590410029981,0.28006108399131335,3.3997092089848593,4.542829333979171,320,0,1.0095653363567146e-08,6766000,-1,-1,-1,6042200,12500000,200000000.0,8325,0,104000000,0
10,5000,12,50000,0.3,0.95,10000000.0,0.9,0,pcg_banded_time_avg_precision_chol,ok,0.2446990410098806,0.1915548749966547,3.212479500012705,3.6487334160192404,320,0,9.942713399412701e-09,-1,129,52000000,52000000,6042200,12500000,200000000.0,8325,0,104000000,0
10,5000,12,50000,0.3,0.95,10000000.0,0.9,1,direct_cholmod,ok,0.8575488750066143,0.27233399997930974,0.004597124992869794,1.1344799999787938,0,0,9.412709582995641e-10,6766000,-1,-1,-1,6042200,12500000,200000000.0,8325,0,104000000,0
10,5000,12,50000,0.3,0.95,10000000.0,0.9,1,pcg_time_avg_chol_explicit_avgK,ok,0.8510321670037229,0.27495112500037067,3.990579417004483,5.116562709008576,374,0,1.0042556184882358e-08,6766000,-1,-1,-1,6042200,12500000,200000000.0,8325,0,104000000,0
10,5000,12,50000,0.3,0.95,10000000.0,0.9,1,pcg_banded_time_avg_precision_chol,ok,0.24603754200506955,0.1946467919915449,3.762904333008919,4.203588667005533,374,0,1.0249990745345124e-08,-1,129,52000000,52000000,6042200,12500000,200000000.0,8325,0,104000000,0
10,5000,12,50000,0.3,0.95,10000000.0,0.9,7,direct_cholmod,ok,0.8403232500131708,0.27817350000259466,0.004656500008422881,1.1231532500241883,0,0,7.742592427213733e-10,6766000,-1,-1,-1,6042200,12500000,200000000.0,8325,0,104000000,0
10,5000,12,50000,0.3,0.95,10000000.0,0.9,7,pcg_time_avg_chol_explicit_avgK,ok,0.8475624999846332,0.27693954200367443,3.1314537079888396,4.255955749977147,294,0,1.0284911825167907e-08,6766000,-1,-1,-1,6042200,12500000,200000000.0,8325,0,104000000,0
10,5000,12,50000,0.3,0.95,10000000.0,0.9,7,pcg_banded_time_avg_precision_chol,ok,0.24597116699442267,0.19428600001265295,2.9651980419876054,3.405455208994681,293,0,1.0300584309178256e-08,-1,129,52000000,52000000,6042200,12500000,200000000.0,8325,0,104000000,0
20,10000,12,200000,0.3,0.95,100000.0,0.9,0,direct_cholmod,ok,11.241167708009016,1.878991292003775,0.039239290985278785,13.15939829099807,0,0,2.6895884722137022e-11,52068000,-1,-1,-1,48168800,100000000,1600000000.0,16660,0,832000000,0
20,10000,12,200000,0.3,0.95,100000.0,0.9,0,pcg_time_avg_chol_explicit_avgK,ok,11.213740165985655,1.8640423330070917,48.173637416999554,61.2514199159923,605,0,9.58625717199158e-09,52068000,-1,-1,-1,48168800,100000000,1600000000.0,16660,0,832000000,0
20,10000,12,200000,0.3,0.95,100000.0,0.9,0,pcg_banded_time_avg_precision_chol,ok,0.6643815830175299,1.8940891659876797,46.110895166988485,48.669365915993694,602,0,9.594020093749434e-09,-1,259,416000000,416000000,48168800,100000000,1600000000.0,16660,0,832000000,0
20,10000,12,200000,0.3,0.95,100000.0,0.9,1,direct_cholmod,ok,11.267350000009174,1.8618677080085035,0.03748370800167322,13.16670141601935,0,0,1.529971740722564e-11,52068000,-1,-1,-1,48168800,100000000,1600000000.0,16660,0,832000000,0
20,10000,12,200000,0.3,0.95,100000.0,0.9,1,pcg_time_avg_chol_explicit_avgK,ok,11.251464542001486,1.8540970000030939,37.09964925001259,50.20521079201717,466,0,9.496203233612204e-09,52068000,-1,-1,-1,48168800,100000000,1600000000.0,16660,0,832000000,0
20,10000,12,200000,0.3,0.95,100000.0,0.9,1,pcg_banded_time_avg_precision_chol,ok,0.6689576669887174,1.6964299579849467,35.76059345799149,38.125981082965154,467,0,9.661037456803783e-09,-1,259,416000000,416000000,48168800,100000000,1600000000.0,16660,0,832000000,0
20,10000,12,200000,0.3,0.95,100000.0,0.9,7,direct_cholmod,ok,11.225041708006756,1.868642416986404,0.03805499998270534,13.131739124975866,0,0,1.0978883909765096e-11,52068000,-1,-1,-1,48168800,100000000,1600000000.0,16660,0,832000000,0
20,10000,12,200000,0.3,0.95,100000.0,0.9,7,pcg_time_avg_chol_explicit_avgK,ok,11.217944625008386,1.848160708002979,37.040193374996306,50.10629870800767,464,0,9.246336085863576e-09,52068000,-1,-1,-1,48168800,100000000,1600000000.0,16660,0,832000000,0
20,10000,12,200000,0.3,0.95,100000.0,0.9,7,pcg_banded_time_avg_precision_chol,ok,0.6699581670109183,1.6893968750082422,35.47078808301012,37.83014312502928,463,0,9.080153843939222e-09,-1,259,416000000,416000000,48168800,100000000,1600000000.0,16660,0,832000000,0
20,10000,12,200000,0.3,0.95,1000000.0,0.9,0,direct_cholmod,ok,11.248902291001286,1.8753358329995535,0.03953658300451934,13.16377470700536,0,0,2.403597303505012e-10,52068000,-1,-1,-1,48168800,100000000,1600000000.0,16660,0,832000000,0
20,10000,12,200000,0.3,0.95,1000000.0,0.9,0,pcg_time_avg_chol_explicit_avgK,ok,11.245820625015767,1.8607625830045436,48.097368999995524,61.203952208015835,604,0,9.577070521646016e-09,52068000,-1,-1,-1,48168800,100000000,1600000000.0,16660,0,832000000,0
20,10000,12,200000,0.3,0.95,1000000.0,0.9,0,pcg_banded_time_avg_precision_chol,ok,0.6724292919971049,1.6900866249925457,46.39547745801974,48.75799337500939,606,0,8.210304050529782e-09,-1,259,416000000,416000000,48168800,100000000,1600000000.0,16660,0,832000000,0
20,10000,12,200000,0.3,0.95,1000000.0,0.9,1,direct_cholmod,ok,11.254185958008748,1.8564399580063764,0.03830170902074315,13.148927625035867,0,0,1.321399012370301e-10,52068000,-1,-1,-1,48168800,100000000,1600000000.0,16660,0,832000000,0
20,10000,12,200000,0.3,0.95,1000000.0,0.9,1,pcg_time_avg_chol_explicit_avgK,ok,11.250807167001767,1.856324708001921,37.17211891699117,50.279250791994855,467,0,9.686153428208605e-09,52068000,-1,-1,-1,48168800,100000000,1600000000.0,16660,0,832000000,0
20,10000,12,200000,0.3,0.95,1000000.0,0.9,1,pcg_banded_time_avg_precision_chol,ok,0.6684557500120718,1.6846536670054775,35.62447962499573,37.97758904201328,466,0,9.951388958703834e-09,-1,259,416000000,416000000,48168800,100000000,1600000000.0,16660,0,832000000,0
20,10000,12,200000,0.3,0.95,1000000.0,0.9,7,direct_cholmod,ok,11.264743000007002,1.8526925840124022,0.03795254198485054,13.155388126004254,0,0,9.495590069754386e-11,52068000,-1,-1,-1,48168800,100000000,1600000000.0,16660,0,832000000,0
20,10000,12,200000,0.3,0.95,1000000.0,0.9,7,pcg_time_avg_chol_explicit_avgK,ok,11.243402541993419,1.8594140409841202,37.01495795798837,50.11777454096591,465,0,8.475698913416061e-09,52068000,-1,-1,-1,48168800,100000000,1600000000.0,16660,0,832000000,0
20,10000,12,200000,0.3,0.95,1000000.0,0.9,7,pcg_banded_time_avg_precision_chol,ok,0.6757741660112515,1.7034038330020849,35.357792875001905,37.73697087401524,463,0,9.103741668844297e-09,-1,259,416000000,416000000,48168800,100000000,1600000000.0,16660,0,832000000,0
20,10000,12,200000,0.3,0.95,10000000.0,0.9,0,direct_cholmod,ok,11.283417209022446,1.8567213749920484,0.03744758298853412,13.177586167003028,0,0,2.395938576341826e-09,52068000,-1,-1,-1,48168800,100000000,1600000000.0,16660,0,832000000,0
20,10000,12,200000,0.3,0.95,10000000.0,0.9,0,pcg_time_avg_chol_explicit_avgK,ok,11.237779999995837,1.8544935419922695,51.65900316601619,64.7512767080043,604,0,1.2764618806166668e-08,52068000,-1,-1,-1,48168800,100000000,1600000000.0,16660,0,832000000,0
20,10000,12,200000,0.3,0.95,10000000.0,0.9,0,pcg_banded_time_avg_precision_chol,ok,0.6680878339975607,1.7644443339959253,46.36819841698161,48.8007305849751,606,0,1.2798439688082744e-08,-1,259,416000000,416000000,48168800,100000000,1600000000.0,16660,0,832000000,0
20,10000,12,200000,0.3,0.95,10000000.0,0.9,1,direct_cholmod,ok,11.245293040992692,1.8496449170052074,0.03810883400728926,13.133046792005189,0,0,1.3603104219248295e-09,52068000,-1,-1,-1,48168800,100000000,1600000000.0,16660,0,832000000,0
20,10000,12,200000,0.3,0.95,10000000.0,0.9,1,pcg_time_avg_chol_explicit_avgK,ok,11.21691804198781,1.8484644579875749,39.557034792000195,52.62241729197558,466,0,1.077767266035356e-08,52068000,-1,-1,-1,48168800,100000000,1600000000.0,16660,0,832000000,0
20,10000,12,200000,0.3,0.95,10000000.0,0.9,1,pcg_banded_time_avg_precision_chol,ok,0.7087158749927767,1.6713583329983521,35.769874874997186,38.149949082988314,468,0,1.0335279628242748e-08,-1,259,416000000,416000000,48168800,100000000,1600000000.0,16660,0,832000000,0
20,10000,12,200000,0.3,0.95,10000000.0,0.9,7,direct_cholmod,ok,11.238191332988208,1.8497697499988135,0.03718962499988265,13.125150707986904,0,0,1.0205651351554035e-09,52068000,-1,-1,-1,48168800,100000000,1600000000.0,16660,0,832000000,0
20,10000,12,200000,0.3,0.95,10000000.0,0.9,7,pcg_time_avg_chol_explicit_avgK,ok,11.207959167018998,1.8427677910076454,41.87245137500577,54.92317833303241,463,0,9.609719454400375e-09,52068000,-1,-1,-1,48168800,100000000,1600000000.0,16660,0,832000000,0
20,10000,12,200000,0.3,0.95,10000000.0,0.9,7,pcg_banded_time_avg_precision_chol,ok,0.6736051249899901,1.6882879590266384,35.35939304201747,37.7212861260341,463,0,9.735101221255587e-09,-1,259,416000000,416000000,48168800,100000000,1600000000.0,16660,0,832000000,0
