n,T,p,Tn,sv_sigma,sv_rho,lam,target_radius,seed,path,status,phase1_assembly_time,phase2_factor_time,phase3_solve_time,total_time,iters,hit_maxiter,relative_residual,H_B_nnz,Kbar_nnz_estimate,Kbar_csr_bytes_estimate,M_m_nnz,L_factor_nnz,skip_direct
5,480,2,2400,0.1,0.95,10000.0,0.9,0,direct_cholmod,ok,0.003810833004536107,0.0006613750010728836,4.1457999031990767e-05,0.0045136660046409816,0,0,7.355927028400175e-13,26325,60000,960000.0,795,32238,0
5,480,2,2400,0.1,0.95,10000.0,0.9,0,direct_splu,ok,0.0037292079941835254,0.0013089169806335121,9.83749923761934e-05,0.005136499967193231,0,0,5.742808569037958e-13,26325,60000,960000.0,795,69144,0
5,480,2,2400,0.1,0.95,10000.0,0.9,0,pcg_time_avg_chol_explicit_avgK,ok,0.003703291993588209,0.0006349999748636037,0.0020219580037519336,0.0063602499722037464,24,0,9.008911333923155e-09,26325,60000,960000.0,795,32238,0
5,480,2,2400,0.1,0.95,10000.0,0.9,0,pcg_time_avg_chol_frozen_amortized_50,derived_best_case,7.406583987176418e-05,1.2699999497272073e-05,0.0020219580037519336,0.00210872384312097,24,0,9.008911333923155e-09,26325,60000,960000.0,795,32238,0
5,480,2,2400,0.1,0.95,10000.0,0.9,1,direct_cholmod,ok,0.00360587501199916,0.0006489579973276705,2.7874979423359036e-05,0.0042827079887501895,0,0,1.9039168325875452e-12,26325,60000,960000.0,795,32238,0
5,480,2,2400,0.1,0.95,10000.0,0.9,1,direct_splu,ok,0.00356212499900721,0.0012975420104339719,0.00010199999087490141,0.004961667000316083,0,0,1.2907156914865421e-12,26325,60000,960000.0,795,69144,0
5,480,2,2400,0.1,0.95,10000.0,0.9,1,pcg_time_avg_chol_explicit_avgK,ok,0.003697458014357835,0.0006385000015143305,0.0018249170097988099,0.0061608750256709754,22,0,4.347241677845349e-09,26325,60000,960000.0,795,32238,0
5,480,2,2400,0.1,0.95,10000.0,0.9,1,pcg_time_avg_chol_frozen_amortized_50,derived_best_case,7.39491602871567e-05,1.277000003028661e-05,0.0018249170097988099,0.001911636170116253,22,0,4.347241677845349e-09,26325,60000,960000.0,795,32238,0
5,480,2,2400,0.1,0.95,10000.0,0.9,7,direct_cholmod,ok,0.003633667016401887,0.0006905409973114729,2.7583009796217084e-05,0.004351791023509577,0,0,6.370693123689746e-13,26325,60000,960000.0,795,32238,0
5,480,2,2400,0.1,0.95,10000.0,0.9,7,direct_splu,ok,0.0036455829977057874,0.0012814580113627017,0.00010050000855699182,0.005027541017625481,0,0,4.930785701575763e-13,26325,60000,960000.0,795,69144,0
5,480,2,2400,0.1,0.95,10000.0,0.9,7,pcg_time_avg_chol_explicit_avgK,ok,0.0037568749976344407,0.0006090409879107028,0.001968374999705702,0.0063342909852508456,24,0,4.459039763192286e-09,26325,60000,960000.0,795,32238,0
5,480,2,2400,0.1,0.95,10000.0,0.9,7,pcg_time_avg_chol_frozen_amortized_50,derived_best_case,7.513749995268881e-05,1.2180819758214057e-05,0.001968374999705702,0.002055693319416605,24,0,4.459039763192286e-09,26325,60000,960000.0,795,32238,0
5,480,2,2400,0.3,0.95,10000.0,0.9,0,direct_cholmod,ok,0.003927499987185001,0.0006263329996727407,3.024999750778079e-05,0.004584082984365523,0,0,1.0148559588640863e-12,26325,60000,960000.0,795,32238,0
5,480,2,2400,0.3,0.95,10000.0,0.9,0,direct_splu,ok,0.0036178340087644756,0.0014592079969588667,9.50000248849392e-05,0.0051720420306082815,0,0,8.485091179289236e-13,26325,60000,960000.0,795,73243,0
5,480,2,2400,0.3,0.95,10000.0,0.9,0,pcg_time_avg_chol_explicit_avgK,ok,0.0037156670005060732,0.000636665994534269,0.012081499997293577,0.01643383299233392,150,0,9.34611029650272e-09,26325,60000,960000.0,795,32238,0
5,480,2,2400,0.3,0.95,10000.0,0.9,0,pcg_time_avg_chol_frozen_amortized_50,derived_best_case,7.431334001012146e-05,1.2733319890685379e-05,0.012081499997293577,0.012168546657194383,150,0,9.34611029650272e-09,26325,60000,960000.0,795,32238,0
5,480,2,2400,0.3,0.95,10000.0,0.9,1,direct_cholmod,ok,0.003771999996388331,0.0006213340093381703,2.9082992114126682e-05,0.004422416997840628,0,0,2.2674379510735677e-12,26325,60000,960000.0,795,32238,0
5,480,2,2400,0.3,0.95,10000.0,0.9,1,direct_splu,ok,0.0037178329948801547,0.0014552920183632523,0.00010270799975842237,0.005275833013001829,0,0,1.7729637275713841e-12,26325,60000,960000.0,795,72462,0
5,480,2,2400,0.3,0.95,10000.0,0.9,1,pcg_time_avg_chol_explicit_avgK,ok,0.0037543750077020377,0.0006108749948907644,0.009448790980968624,0.013814040983561426,116,0,7.692300409613758e-09,26325,60000,960000.0,795,32238,0
5,480,2,2400,0.3,0.95,10000.0,0.9,1,pcg_time_avg_chol_frozen_amortized_50,derived_best_case,7.508750015404075e-05,1.2217499897815286e-05,0.009448790980968624,0.00953609598102048,116,0,7.692300409613758e-09,26325,60000,960000.0,795,32238,0
5,480,2,2400,0.3,0.95,10000.0,0.9,7,direct_cholmod,ok,0.0035592499771155417,0.0006345829751808196,2.5540997739881277e-05,0.004219373950036243,0,0,1.5913211086265775e-12,26325,60000,960000.0,795,32238,0
5,480,2,2400,0.3,0.95,10000.0,0.9,7,direct_splu,ok,0.00355316698551178,0.0015981670003384352,0.00010237499373033643,0.005253708979580551,0,0,1.446818554653124e-12,26325,60000,960000.0,795,75164,0
5,480,2,2400,0.3,0.95,10000.0,0.9,7,pcg_time_avg_chol_explicit_avgK,ok,0.003696375002618879,0.0006467500061262399,0.01089854200836271,0.01524166701710783,136,0,9.76225087545071e-09,26325,60000,960000.0,795,32238,0
5,480,2,2400,0.3,0.95,10000.0,0.9,7,pcg_time_avg_chol_frozen_amortized_50,derived_best_case,7.392750005237758e-05,1.2935000122524797e-05,0.01089854200836271,0.010985404508537612,136,0,9.76225087545071e-09,26325,60000,960000.0,795,32238,0
5,480,2,2400,0.5,0.95,10000.0,0.9,0,direct_cholmod,ok,0.0036637919838540256,0.0006395420059561729,2.9207993065938354e-05,0.004332541982876137,0,0,2.9188555366415467e-12,26325,60000,960000.0,795,32238,0
5,480,2,2400,0.5,0.95,10000.0,0.9,0,direct_splu,ok,0.0035682920133695006,0.0018892910156864673,0.00010066700633615255,0.0055582500353921205,0,0,2.5596621640756563e-12,26325,60000,960000.0,795,81852,0
5,480,2,2400,0.5,0.95,10000.0,0.9,0,pcg_time_avg_chol_explicit_avgK,ok,0.0036645839863922447,0.0006136669835541397,0.06143304199213162,0.065711292962078,781,0,9.671126772041113e-09,26325,60000,960000.0,795,32238,0
5,480,2,2400,0.5,0.95,10000.0,0.9,0,pcg_time_avg_chol_frozen_amortized_50,derived_best_case,7.329167972784489e-05,1.2273339671082794e-05,0.06143304199213162,0.06151860701153055,781,0,9.671126772041113e-09,26325,60000,960000.0,795,32238,0
5,480,2,2400,0.5,0.95,10000.0,0.9,1,direct_cholmod,ok,0.003682541020680219,0.0006386250024661422,2.970799687318504e-05,0.004350874020019546,0,0,5.105965561925442e-12,26325,60000,960000.0,795,32238,0
5,480,2,2400,0.5,0.95,10000.0,0.9,1,direct_splu,ok,0.0036994580004829913,0.0018355000065639615,9.912499808706343e-05,0.005634083005134016,0,0,4.612129915616267e-12,26325,60000,960000.0,795,81539,0
5,480,2,2400,0.5,0.95,10000.0,0.9,1,pcg_time_avg_chol_explicit_avgK,ok,0.00373858300736174,0.0006174580194056034,0.04539954202482477,0.04975558305159211,572,0,8.599226979452907e-09,26325,60000,960000.0,795,32238,0
5,480,2,2400,0.5,0.95,10000.0,0.9,1,pcg_time_avg_chol_frozen_amortized_50,derived_best_case,7.47716601472348e-05,1.2349160388112068e-05,0.04539954202482477,0.04548666284536011,572,0,8.599226979452907e-09,26325,60000,960000.0,795,32238,0
5,480,2,2400,0.5,0.95,10000.0,0.9,7,direct_cholmod,ok,0.0036632500123232603,0.0006231669976841658,2.883299021050334e-05,0.0043152500002179295,0,0,7.902818921504182e-12,26325,60000,960000.0,795,32238,0
5,480,2,2400,0.5,0.95,10000.0,0.9,7,direct_splu,ok,0.0036818340013269335,0.0019021659973077476,0.00010299999848939478,0.005686999997124076,0,0,7.666683085936147e-12,26325,60000,960000.0,795,84335,0
5,480,2,2400,0.5,0.95,10000.0,0.9,7,pcg_time_avg_chol_explicit_avgK,ok,0.003731750010047108,0.0006151669949758798,0.059803957992699,0.06415087499772198,767,0,9.231358091216608e-09,26325,60000,960000.0,795,32238,0
5,480,2,2400,0.5,0.95,10000.0,0.9,7,pcg_time_avg_chol_frozen_amortized_50,derived_best_case,7.463500020094216e-05,1.2303339899517595e-05,0.059803957992699,0.059890896332799454,767,0,9.231358091216608e-09,26325,60000,960000.0,795,32238,0
5,480,12,2400,0.1,0.95,10000.0,0.9,0,direct_cholmod,ok,0.01343412499409169,0.004115042014745995,0.00010704199667088687,0.017656209005508572,0,0,5.043506136087257e-13,144450,300000,4800000.0,795,160975,0
5,480,12,2400,0.1,0.95,10000.0,0.9,0,direct_splu,ok,0.013259291008580476,0.00756729202112183,0.0001832919951993972,0.021009875024901703,0,0,5.152035009432464e-13,144450,300000,4800000.0,795,314545,0
5,480,12,2400,0.1,0.95,10000.0,0.9,0,pcg_time_avg_chol_explicit_avgK,ok,0.013328207976883277,0.004007416981039569,0.005565875006141141,0.022901499964063987,22,0,7.808495657270669e-09,144450,300000,4800000.0,795,160975,0
5,480,12,2400,0.1,0.95,10000.0,0.9,0,pcg_time_avg_chol_frozen_amortized_50,derived_best_case,0.0002665641595376655,8.014833962079138e-05,0.005565875006141141,0.005912587505299598,22,0,7.808495657270669e-09,144450,300000,4800000.0,795,160975,0
5,480,12,2400,0.1,0.95,10000.0,0.9,1,direct_cholmod,ok,0.013424750010017306,0.004041541978949681,0.00010499998461455107,0.017571291973581538,0,0,4.2186186195133186e-13,144450,300000,4800000.0,795,160975,0
5,480,12,2400,0.1,0.95,10000.0,0.9,1,direct_splu,ok,0.013467666984070092,0.00746370799606666,0.00016791699454188347,0.021099291974678636,0,0,4.469650452300266e-13,144450,300000,4800000.0,795,314545,0
5,480,12,2400,0.1,0.95,10000.0,0.9,1,pcg_time_avg_chol_explicit_avgK,ok,0.013405167002929375,0.0040941250044852495,0.005013708025217056,0.02251300003263168,20,0,6.868742941133645e-09,144450,300000,4800000.0,795,160975,0
5,480,12,2400,0.1,0.95,10000.0,0.9,1,pcg_time_avg_chol_frozen_amortized_50,derived_best_case,0.00026810334005858747,8.188250008970498e-05,0.005013708025217056,0.005363693865365349,20,0,6.868742941133645e-09,144450,300000,4800000.0,795,160975,0
5,480,12,2400,0.1,0.95,10000.0,0.9,7,direct_cholmod,ok,0.013511458993889391,0.00398979100282304,0.00010562498937360942,0.01760687498608604,0,0,4.121883124863636e-13,144450,300000,4800000.0,795,160975,0
5,480,12,2400,0.1,0.95,10000.0,0.9,7,direct_splu,ok,0.013226874987594783,0.007631291984580457,0.00016500000492669642,0.021023166977101937,0,0,4.1855600092201007e-13,144450,300000,4800000.0,795,314545,0
5,480,12,2400,0.1,0.95,10000.0,0.9,7,pcg_time_avg_chol_explicit_avgK,ok,0.013214249978773296,0.004188874998362735,0.005842917016707361,0.02324604199384339,24,0,6.205958136076463e-09,144450,300000,4800000.0,795,160975,0
5,480,12,2400,0.1,0.95,10000.0,0.9,7,pcg_time_avg_chol_frozen_amortized_50,derived_best_case,0.0002642849995754659,8.37774999672547e-05,0.005842917016707361,0.006190979516250081,24,0,6.205958136076463e-09,144450,300000,4800000.0,795,160975,0
5,480,12,2400,0.3,0.95,10000.0,0.9,0,direct_cholmod,ok,0.013212833000579849,0.004022040986455977,9.858401608653367e-05,0.01733345800312236,0,0,7.512839022417217e-13,144450,300000,4800000.0,795,160975,0
5,480,12,2400,0.3,0.95,10000.0,0.9,0,direct_splu,ok,0.01350216701393947,0.007581500016385689,0.00016108399722725153,0.02124475102755241,0,0,7.645560909770749e-13,144450,300000,4800000.0,795,319955,0
5,480,12,2400,0.3,0.95,10000.0,0.9,0,pcg_time_avg_chol_explicit_avgK,ok,0.013225374976173043,0.004062958003487438,0.030836790974717587,0.04812512395437807,125,0,9.390514596550793e-09,144450,300000,4800000.0,795,160975,0
5,480,12,2400,0.3,0.95,10000.0,0.9,0,pcg_time_avg_chol_frozen_amortized_50,derived_best_case,0.0002645074995234609,8.125916006974876e-05,0.030836790974717587,0.031182557634310798,125,0,9.390514596550793e-09,144450,300000,4800000.0,795,160975,0
5,480,12,2400,0.3,0.95,10000.0,0.9,1,direct_cholmod,ok,0.013250250020064414,0.004110709007363766,0.00010391700197942555,0.017464876029407606,0,0,5.805132510963177e-13,144450,300000,4800000.0,795,160975,0
5,480,12,2400,0.3,0.95,10000.0,0.9,1,direct_splu,ok,0.013554291013861075,0.007515165983932093,0.0001670829951763153,0.021236539992969483,0,0,6.630201968808831e-13,144450,300000,4800000.0,795,321850,0
5,480,12,2400,0.3,0.95,10000.0,0.9,1,pcg_time_avg_chol_explicit_avgK,ok,0.013254167017294094,0.004186042002402246,0.023847333999583498,0.04128754301927984,98,0,8.4893779838803e-09,144450,300000,4800000.0,795,160975,0
5,480,12,2400,0.3,0.95,10000.0,0.9,1,pcg_time_avg_chol_frozen_amortized_50,derived_best_case,0.0002650833403458819,8.372084004804492e-05,0.023847333999583498,0.024196138179977424,98,0,8.4893779838803e-09,144450,300000,4800000.0,795,160975,0
5,480,12,2400,0.3,0.95,10000.0,0.9,7,direct_cholmod,ok,0.013296667020767927,0.004034957994008437,9.587500244379044e-05,0.017427500017220154,0,0,6.708364603282598e-13,144450,300000,4800000.0,795,160975,0
5,480,12,2400,0.3,0.95,10000.0,0.9,7,direct_splu,ok,0.013506375020369887,0.00900804201955907,0.00019787499331869185,0.02271229203324765,0,0,6.928688206068312e-13,144450,300000,4800000.0,795,340670,0
5,480,12,2400,0.3,0.95,10000.0,0.9,7,pcg_time_avg_chol_explicit_avgK,ok,0.014303916017524898,0.004371499991975725,0.03948541599675082,0.05816083200625144,158,0,9.561295511272497e-09,144450,300000,4800000.0,795,160975,0
5,480,12,2400,0.3,0.95,10000.0,0.9,7,pcg_time_avg_chol_frozen_amortized_50,derived_best_case,0.00028607832035049797,8.742999983951449e-05,0.03948541599675082,0.03985892431694083,158,0,9.561295511272497e-09,144450,300000,4800000.0,795,160975,0
5,480,12,2400,0.5,0.95,10000.0,0.9,0,direct_cholmod,ok,0.013806958013447002,0.0040329580078832805,0.00010587499127723277,0.017945791012607515,0,0,1.9967258290303468e-12,144450,300000,4800000.0,795,160975,0
5,480,12,2400,0.5,0.95,10000.0,0.9,0,direct_splu,ok,0.014297375018941239,0.010291874990798533,0.0002233749837614596,0.02481262499350123,0,0,2.9879318794179406e-12,144450,300000,4800000.0,795,407060,0
5,480,12,2400,0.5,0.95,10000.0,0.9,0,pcg_time_avg_chol_explicit_avgK,ok,0.013176791981095448,0.004507042001932859,0.1592245830106549,0.1769084169936832,653,0,8.500207852645525e-09,144450,300000,4800000.0,795,160975,0
5,480,12,2400,0.5,0.95,10000.0,0.9,0,pcg_time_avg_chol_frozen_amortized_50,derived_best_case,0.00026353583962190896,9.01408400386572e-05,0.1592245830106549,0.15957825969031547,653,0,8.500207852645525e-09,144450,300000,4800000.0,795,160975,0
5,480,12,2400,0.5,0.95,10000.0,0.9,1,direct_cholmod,ok,0.013101874996209517,0.003996874991571531,0.00011116699897684157,0.01720991698675789,0,0,1.3274307026628359e-12,144450,300000,4800000.0,795,160975,0
5,480,12,2400,0.5,0.95,10000.0,0.9,1,direct_splu,ok,0.013143082993337885,0.009993166982894763,0.00020645800395868719,0.023342707980191335,0,0,2.286426261459762e-12,144450,300000,4800000.0,795,393050,0
5,480,12,2400,0.5,0.95,10000.0,0.9,1,pcg_time_avg_chol_explicit_avgK,ok,0.01328924999688752,0.004138833988690749,0.10509995900793001,0.12252804299350828,430,0,9.273217527650121e-09,144450,300000,4800000.0,795,160975,0
5,480,12,2400,0.5,0.95,10000.0,0.9,1,pcg_time_avg_chol_frozen_amortized_50,derived_best_case,0.0002657849999377504,8.277667977381498e-05,0.10509995900793001,0.10544852068764157,430,0,9.273217527650121e-09,144450,300000,4800000.0,795,160975,0
5,480,12,2400,0.5,0.95,10000.0,0.9,7,direct_cholmod,ok,0.014081291999900714,0.004057208017911762,0.0001043330121319741,0.01824283302994445,0,0,1.877395278378315e-12,144450,300000,4800000.0,795,160975,0
5,480,12,2400,0.5,0.95,10000.0,0.9,7,direct_splu,ok,0.013214875012636185,0.009861041005933657,0.00020170799689367414,0.023277624015463516,0,0,2.6983077456947615e-12,144450,300000,4800000.0,795,401250,0
5,480,12,2400,0.5,0.95,10000.0,0.9,7,pcg_time_avg_chol_explicit_avgK,ok,0.013459957990562543,0.003985124989412725,0.23140283301472664,0.2488479159947019,946,0,9.501728898623513e-09,144450,300000,4800000.0,795,160975,0
5,480,12,2400,0.5,0.95,10000.0,0.9,7,pcg_time_avg_chol_frozen_amortized_50,derived_best_case,0.00026919915981125084,7.97024997882545e-05,0.23140283301472664,0.23175173467432614,946,0,9.501728898623513e-09,144450,300000,4800000.0,795,160975,0
5,480,24,2400,0.1,0.95,10000.0,0.9,0,direct_cholmod,ok,0.04043145800824277,0.014545042009558529,0.00016291599604301155,0.05513941601384431,0,0,3.433708583869501e-13,282900,588000,9408000.0,795,316225,0
5,480,24,2400,0.1,0.95,10000.0,0.9,0,direct_splu,ok,0.03865475000930019,0.019911750016035512,0.0003274159971624613,0.05889391602249816,0,0,4.863704086841386e-13,282900,588000,9408000.0,795,602695,0
5,480,24,2400,0.1,0.95,10000.0,0.9,0,pcg_time_avg_chol_explicit_avgK,ok,0.03887537497212179,0.014919500012183562,0.009451374993659556,0.06324624997796491,22,0,6.571419089571108e-09,282900,588000,9408000.0,795,316225,0
5,480,24,2400,0.1,0.95,10000.0,0.9,0,pcg_time_avg_chol_frozen_amortized_50,derived_best_case,0.0007775074994424358,0.00029839000024367123,0.009451374993659556,0.010527272493345664,22,0,6.571419089571108e-09,282900,588000,9408000.0,795,316225,0
5,480,24,2400,0.1,0.95,10000.0,0.9,1,direct_cholmod,ok,0.03846474998863414,0.014332041988382116,0.00015291600720956922,0.052949707984225824,0,0,7.608249173420015e-13,282900,588000,9408000.0,795,316225,0
5,480,24,2400,0.1,0.95,10000.0,0.9,1,direct_splu,ok,0.03876887500518933,0.019764583004871383,0.00028191698947921395,0.05881537499953993,0,0,9.788229863047583e-13,282900,588000,9408000.0,795,602695,0
5,480,24,2400,0.1,0.95,10000.0,0.9,1,pcg_time_avg_chol_explicit_avgK,ok,0.03907508298289031,0.014577458990970626,0.008642375003546476,0.06229491697740741,20,0,9.782817967005895e-09,282900,588000,9408000.0,795,316225,0
5,480,24,2400,0.1,0.95,10000.0,0.9,1,pcg_time_avg_chol_frozen_amortized_50,derived_best_case,0.0007815016596578061,0.0002915491798194125,0.008642375003546476,0.009715425843023696,20,0,9.782817967005895e-09,282900,588000,9408000.0,795,316225,0
5,480,24,2400,0.1,0.95,10000.0,0.9,7,direct_cholmod,ok,0.037293708010111004,0.014087499992456287,0.00015720899682492018,0.05153841699939221,0,0,3.5238126475832897e-13,282900,588000,9408000.0,795,316225,0
5,480,24,2400,0.1,0.95,10000.0,0.9,7,direct_splu,ok,0.03954566700849682,0.019768625003052875,0.00028345800819806755,0.059597750019747764,0,0,4.639972277140463e-13,282900,588000,9408000.0,795,602695,0
5,480,24,2400,0.1,0.95,10000.0,0.9,7,pcg_time_avg_chol_explicit_avgK,ok,0.03934708301676437,0.014270083018345758,0.010252708016196266,0.0638698740513064,24,0,5.2073438688386095e-09,282900,588000,9408000.0,795,316225,0
5,480,24,2400,0.1,0.95,10000.0,0.9,7,pcg_time_avg_chol_frozen_amortized_50,derived_best_case,0.0007869416603352874,0.0002854016603669152,0.010252708016196266,0.011325051336898468,24,0,5.2073438688386095e-09,282900,588000,9408000.0,795,316225,0
5,480,24,2400,0.3,0.95,10000.0,0.9,0,direct_cholmod,ok,0.03866545800701715,0.014016500004800037,0.00016120800864882767,0.052843166020466015,0,0,5.839519533137743e-13,282900,588000,9408000.0,795,316225,0
5,480,24,2400,0.3,0.95,10000.0,0.9,0,direct_splu,ok,0.03736791599658318,0.020357875007903203,0.0002922080166172236,0.058017999021103606,0,0,9.330200082741768e-13,282900,588000,9408000.0,795,619905,0
5,480,24,2400,0.3,0.95,10000.0,0.9,0,pcg_time_avg_chol_explicit_avgK,ok,0.03819566700258292,0.014446917019085959,0.053387416002806276,0.10603000002447516,124,0,9.773856200711447e-09,282900,588000,9408000.0,795,316225,0
5,480,24,2400,0.3,0.95,10000.0,0.9,0,pcg_time_avg_chol_frozen_amortized_50,derived_best_case,0.0007639133400516585,0.00028893834038171915,0.053387416002806276,0.05444026768323965,124,0,9.773856200711447e-09,282900,588000,9408000.0,795,316225,0
5,480,24,2400,0.3,0.95,10000.0,0.9,1,direct_cholmod,ok,0.038286249997327104,0.01470199998584576,0.0001488330017309636,0.05313708298490383,0,0,1.158832814585256e-12,282900,588000,9408000.0,795,316225,0
5,480,24,2400,0.3,0.95,10000.0,0.9,1,direct_splu,ok,0.038196375011466444,0.020691332989372313,0.0002879579842556268,0.05917566598509438,0,0,1.5430134066847002e-12,282900,588000,9408000.0,795,634360,0
5,480,24,2400,0.3,0.95,10000.0,0.9,1,pcg_time_avg_chol_explicit_avgK,ok,0.04098083300050348,0.01634270799695514,0.051417167007457465,0.10874070800491609,99,0,9.698495816008831e-09,282900,588000,9408000.0,795,316225,0
5,480,24,2400,0.3,0.95,10000.0,0.9,1,pcg_time_avg_chol_frozen_amortized_50,derived_best_case,0.0008196166600100696,0.0003268541599391028,0.051417167007457465,0.05256363782740664,99,0,9.698495816008831e-09,282900,588000,9408000.0,795,316225,0
5,480,24,2400,0.3,0.95,10000.0,0.9,7,direct_cholmod,ok,0.04017387502244674,0.01587941701291129,0.0001964160182978958,0.05624970805365592,0,0,4.590165855153989e-13,282900,588000,9408000.0,795,316225,0
5,480,24,2400,0.3,0.95,10000.0,0.9,7,direct_splu,ok,0.040578999993158504,0.022299125004792586,0.0003273339825682342,0.06320545898051932,0,0,6.623108195466502e-13,282900,588000,9408000.0,795,665630,0
5,480,24,2400,0.3,0.95,10000.0,0.9,7,pcg_time_avg_chol_explicit_avgK,ok,0.0389712089963723,0.015549042000202462,0.06710558300255798,0.12162583399913274,144,0,8.84539961197409e-09,282900,588000,9408000.0,795,316225,0
5,480,24,2400,0.3,0.95,10000.0,0.9,7,pcg_time_avg_chol_frozen_amortized_50,derived_best_case,0.0007794241799274459,0.00031098084000404926,0.06710558300255798,0.06819598802248947,144,0,8.84539961197409e-09,282900,588000,9408000.0,795,316225,0
5,480,24,2400,0.5,0.95,10000.0,0.9,0,direct_cholmod,ok,0.043021207995479926,0.015007124980911613,0.00017733400454744697,0.058205666980938986,0,0,1.6325316390959828e-12,282900,588000,9408000.0,795,316225,0
5,480,24,2400,0.5,0.95,10000.0,0.9,0,direct_splu,ok,0.044258874986553565,0.028890084009617567,0.00044866601820103824,0.07359762501437217,0,0,2.3527281817779215e-12,282900,588000,9408000.0,795,784820,0
5,480,24,2400,0.5,0.95,10000.0,0.9,0,pcg_time_avg_chol_explicit_avgK,ok,0.040114040981279686,0.014353542006574571,0.2939999579975847,0.348467540985439,675,0,9.629771999280931e-09,282900,588000,9408000.0,795,316225,0
5,480,24,2400,0.5,0.95,10000.0,0.9,0,pcg_time_avg_chol_frozen_amortized_50,derived_best_case,0.0008022808196255937,0.00028707084013149145,0.2939999579975847,0.2950893096573418,675,0,9.629771999280931e-09,282900,588000,9408000.0,795,316225,0
5,480,24,2400,0.5,0.95,10000.0,0.9,1,direct_cholmod,ok,0.03899600001750514,0.014420209015952423,0.00015829200856387615,0.05357450104202144,0,0,2.026143584937525e-12,282900,588000,9408000.0,795,316225,0
5,480,24,2400,0.5,0.95,10000.0,0.9,1,direct_splu,ok,0.039143208996392787,0.02731512501486577,0.0003879580181092024,0.06684629202936776,0,0,5.592709755127822e-12,282900,588000,9408000.0,795,777740,0
5,480,24,2400,0.5,0.95,10000.0,0.9,1,pcg_time_avg_chol_explicit_avgK,ok,0.03938320800079964,0.015009542024927214,0.1881873749953229,0.24258012502104975,433,0,9.893923035016866e-09,282900,588000,9408000.0,795,316225,0
5,480,24,2400,0.5,0.95,10000.0,0.9,1,pcg_time_avg_chol_frozen_amortized_50,derived_best_case,0.0007876641600159928,0.0003001908404985443,0.1881873749953229,0.18927522999583743,433,0,9.893923035016866e-09,282900,588000,9408000.0,795,316225,0
5,480,24,2400,0.5,0.95,10000.0,0.9,7,direct_cholmod,ok,0.03833275000215508,0.014712749980390072,0.00018408300820738077,0.05322958299075253,0,0,1.1295925506875564e-12,282900,588000,9408000.0,795,316225,0
5,480,24,2400,0.5,0.95,10000.0,0.9,7,direct_splu,ok,0.03898220899282023,0.027380667015677318,0.000388374988688156,0.06675125099718571,0,0,2.5027763044992472e-12,282900,588000,9408000.0,795,780150,0
5,480,24,2400,0.5,0.95,10000.0,0.9,7,pcg_time_avg_chol_explicit_avgK,ok,0.03858454100554809,0.014809000014793128,0.3595489169820212,0.4129424580023624,832,0,9.249114845163501e-09,282900,588000,9408000.0,795,316225,0
5,480,24,2400,0.5,0.95,10000.0,0.9,7,pcg_time_avg_chol_frozen_amortized_50,derived_best_case,0.0007716908201109618,0.00029618000029586256,0.3595489169820212,0.360616787802428,832,0,9.249114845163501e-09,282900,588000,9408000.0,795,316225,0
5,1920,2,9600,0.1,0.95,10000.0,0.9,0,direct_cholmod,ok,0.014338792010676116,0.0026552499912213534,0.00011545798042789102,0.01710949998232536,0,0,7.913726592401935e-13,105525,240000,3840000.0,3195,129198,0
5,1920,2,9600,0.1,0.95,10000.0,0.9,0,direct_splu,ok,0.014418917009606957,0.0053218340035527945,0.00038370798574760556,0.020124458998907357,0,0,5.135931098138306e-13,105525,240000,3840000.0,3195,276504,0
5,1920,2,9600,0.1,0.95,10000.0,0.9,0,pcg_time_avg_chol_explicit_avgK,ok,0.014374958002008498,0.0026939589879475534,0.00723904199548997,0.02430795898544602,28,0,8.155622534250539e-09,105525,240000,3840000.0,3195,129198,0
5,1920,2,9600,0.1,0.95,10000.0,0.9,0,pcg_time_avg_chol_frozen_amortized_50,derived_best_case,0.00028749916004016995,5.387917975895107e-05,0.00723904199548997,0.007580420335289091,28,0,8.155622534250539e-09,105525,240000,3840000.0,3195,129198,0
5,1920,2,9600,0.1,0.95,10000.0,0.9,1,direct_cholmod,ok,0.0148122500104364,0.002631041978020221,0.00012054198305122554,0.017563833971507847,0,0,1.9815181948045076e-12,105525,240000,3840000.0,3195,129198,0
5,1920,2,9600,0.1,0.95,10000.0,0.9,1,direct_splu,ok,0.014453499985393137,0.005315167014487088,0.0003769999893847853,0.02014566698926501,0,0,1.3262706805254445e-12,105525,240000,3840000.0,3195,276504,0
5,1920,2,9600,0.1,0.95,10000.0,0.9,1,pcg_time_avg_chol_explicit_avgK,ok,0.014419957995414734,0.0026746660005301237,0.006859040993731469,0.023953664989676327,26,0,7.3496766392259675e-09,105525,240000,3840000.0,3195,129198,0
5,1920,2,9600,0.1,0.95,10000.0,0.9,1,pcg_time_avg_chol_frozen_amortized_50,derived_best_case,0.00028839915990829467,5.3493320010602474e-05,0.006859040993731469,0.007200933473650366,26,0,7.3496766392259675e-09,105525,240000,3840000.0,3195,129198,0
5,1920,2,9600,0.1,0.95,10000.0,0.9,7,direct_cholmod,ok,0.014213999995263293,0.002728416002355516,0.00011712501873262227,0.01705954101635143,0,0,6.60109423626642e-13,105525,240000,3840000.0,3195,129198,0
5,1920,2,9600,0.1,0.95,10000.0,0.9,7,direct_splu,ok,0.014512124995235354,0.005140041001141071,0.00038133299676701427,0.02003349899314344,0,0,4.748099854951319e-13,105525,240000,3840000.0,3195,276504,0
5,1920,2,9600,0.1,0.95,10000.0,0.9,7,pcg_time_avg_chol_explicit_avgK,ok,0.014663582987850532,0.0026093749911524355,0.0068608750007115304,0.024133832979714498,27,0,5.22683817751251e-09,105525,240000,3840000.0,3195,129198,0
5,1920,2,9600,0.1,0.95,10000.0,0.9,7,pcg_time_avg_chol_frozen_amortized_50,derived_best_case,0.00029327165975701064,5.218749982304871e-05,0.0068608750007115304,0.00720633416029159,27,0,5.22683817751251e-09,105525,240000,3840000.0,3195,129198,0
5,1920,2,9600,0.3,0.95,10000.0,0.9,0,direct_cholmod,ok,0.014373624988365918,0.002623791981022805,0.00011062499834224582,0.01710804196773097,0,0,1.5294781550997646e-12,105525,240000,3840000.0,3195,129198,0
5,1920,2,9600,0.3,0.95,10000.0,0.9,0,direct_splu,ok,0.014575916022295132,0.0061301249952521175,0.00039608299266546965,0.02110212401021272,0,0,9.876088478227609e-13,105525,240000,3840000.0,3195,293179,0
5,1920,2,9600,0.3,0.95,10000.0,0.9,0,pcg_time_avg_chol_explicit_avgK,ok,0.014462416002061218,0.002697207994060591,0.05671091700787656,0.07387054100399837,216,0,9.778514184274726e-09,105525,240000,3840000.0,3195,129198,0
5,1920,2,9600,0.3,0.95,10000.0,0.9,0,pcg_time_avg_chol_frozen_amortized_50,derived_best_case,0.00028924832004122435,5.3944159881211816e-05,0.05671091700787656,0.057054109487798994,216,0,9.778514184274726e-09,105525,240000,3840000.0,3195,129198,0
5,1920,2,9600,0.3,0.95,10000.0,0.9,1,direct_cholmod,ok,0.014531958004226908,0.0027752080059144646,0.00012629199773073196,0.017433458007872105,0,0,3.069657007924226e-12,105525,240000,3840000.0,3195,129198,0
5,1920,2,9600,0.3,0.95,10000.0,0.9,1,direct_splu,ok,0.014645874995039776,0.0063093329954426736,0.00039950001519173384,0.021354708005674183,0,0,2.5431421751857094e-12,105525,240000,3840000.0,3195,294799,0
5,1920,2,9600,0.3,0.95,10000.0,0.9,1,pcg_time_avg_chol_explicit_avgK,ok,0.015179457986960188,0.0025675829965621233,0.052720417006639764,0.07046745799016207,187,0,9.781697893343895e-09,105525,240000,3840000.0,3195,129198,0
5,1920,2,9600,0.3,0.95,10000.0,0.9,1,pcg_time_avg_chol_frozen_amortized_50,derived_best_case,0.00030358915973920374,5.135165993124247e-05,0.052720417006639764,0.05307535782631021,187,0,9.781697893343895e-09,105525,240000,3840000.0,3195,129198,0
5,1920,2,9600,0.3,0.95,10000.0,0.9,7,direct_cholmod,ok,0.01437150000128895,0.0027182080084457994,0.00011374999303370714,0.017203458002768457,0,0,1.2518943039498344e-12,105525,240000,3840000.0,3195,129198,0
5,1920,2,9600,0.3,0.95,10000.0,0.9,7,direct_splu,ok,0.014592541003366932,0.006392084003891796,0.00038829201366752386,0.021372917020926252,0,0,1.0457588070770614e-12,105525,240000,3840000.0,3195,299138,0
5,1920,2,9600,0.3,0.95,10000.0,0.9,7,pcg_time_avg_chol_explicit_avgK,ok,0.015015416021924466,0.0026187079783994704,0.054370249999919906,0.07200437400024384,203,0,9.637202425818794e-09,105525,240000,3840000.0,3195,129198,0
5,1920,2,9600,0.3,0.95,10000.0,0.9,7,pcg_time_avg_chol_frozen_amortized_50,derived_best_case,0.0003003083204384893,5.237415956798941e-05,0.054370249999919906,0.054722932479926385,203,0,9.637202425818794e-09,105525,240000,3840000.0,3195,129198,0
5,1920,2,9600,0.5,0.95,10000.0,0.9,0,direct_cholmod,ok,0.016037624998716637,0.0026904999976977706,0.00012020900612697005,0.018848334002541378,0,0,4.740753204724814e-12,105525,240000,3840000.0,3195,129198,0
5,1920,2,9600,0.5,0.95,10000.0,0.9,0,direct_splu,ok,0.014807333995122463,0.00765025001601316,0.00037475000135600567,0.02283233401249163,0,0,3.94799979621281e-12,105525,240000,3840000.0,3195,325275,0
5,1920,2,9600,0.5,0.95,10000.0,0.9,0,pcg_time_avg_chol_explicit_avgK,ok,0.014698374987347052,0.0027603330090641975,0.42457820900017396,0.4420369169965852,1482,0,9.527576892753565e-09,105525,240000,3840000.0,3195,129198,0
5,1920,2,9600,0.5,0.95,10000.0,0.9,0,pcg_time_avg_chol_frozen_amortized_50,derived_best_case,0.00029396749974694105,5.520666018128395e-05,0.42457820900017396,0.4249273831601022,1482,0,9.527576892753565e-09,105525,240000,3840000.0,3195,129198,0
5,1920,2,9600,0.5,0.95,10000.0,0.9,1,direct_cholmod,ok,0.014592749997973442,0.002642333012772724,0.00011495797662064433,0.01735004098736681,0,0,8.017174250083472e-12,105525,240000,3840000.0,3195,129198,0
5,1920,2,9600,0.5,0.95,10000.0,0.9,1,direct_splu,ok,0.014444417000049725,0.0076419579854700714,0.0004041250213049352,0.022490500006824732,0,0,7.002329635407502e-12,105525,240000,3840000.0,3195,331166,0
5,1920,2,9600,0.5,0.95,10000.0,0.9,1,pcg_time_avg_chol_explicit_avgK,ok,0.014430000010179356,0.002627749985549599,0.39630854199640453,0.4133662919921335,1247,0,9.930282127983442e-09,105525,240000,3840000.0,3195,129198,0
5,1920,2,9600,0.5,0.95,10000.0,0.9,1,pcg_time_avg_chol_frozen_amortized_50,derived_best_case,0.0002886000002035871,5.255499971099198e-05,0.39630854199640453,0.39664969699631913,1247,0,9.930282127983442e-09,105525,240000,3840000.0,3195,129198,0
5,1920,2,9600,0.5,0.95,10000.0,0.9,7,direct_cholmod,ok,0.014327832992421463,0.0028310000197961926,0.00012725000851787627,0.017286083020735532,0,0,5.525360155546837e-12,105525,240000,3840000.0,3195,129198,0
5,1920,2,9600,0.5,0.95,10000.0,0.9,7,direct_splu,ok,0.014255374990170822,0.007522791012888774,0.0004245830059517175,0.022202749009011313,0,0,5.509058591528991e-12,105525,240000,3840000.0,3195,333598,0
5,1920,2,9600,0.5,0.95,10000.0,0.9,7,pcg_time_avg_chol_explicit_avgK,ok,0.014692541997646913,0.002488917001755908,0.4479630420100875,0.46514450100949034,1515,0,8.610318885114772e-09,105525,240000,3840000.0,3195,129198,0
5,1920,2,9600,0.5,0.95,10000.0,0.9,7,pcg_time_avg_chol_frozen_amortized_50,derived_best_case,0.00029385083995293827,4.977834003511816e-05,0.4479630420100875,0.44830667119007556,1515,0,8.610318885114772e-09,105525,240000,3840000.0,3195,129198,0
5,1920,12,9600,0.1,0.95,10000.0,0.9,0,direct_cholmod,ok,0.05544004202238284,0.017442042008042336,0.00044762500328943133,0.07332970903371461,0,0,5.355917895550659e-13,583650,1200000,19200000.0,3195,650575,0
5,1920,12,9600,0.1,0.95,10000.0,0.9,0,direct_splu,ok,0.060191166994627565,0.030913124996004626,0.0009573749848641455,0.09206166697549634,0,0,5.674979754764301e-13,583650,1200000,19200000.0,3195,1257745,0
5,1920,12,9600,0.1,0.95,10000.0,0.9,0,pcg_time_avg_chol_explicit_avgK,ok,0.05500091699650511,0.01752966598724015,0.022860042023239657,0.09539062500698492,24,0,9.504513834923036e-09,583650,1200000,19200000.0,3195,650575,0
5,1920,12,9600,0.1,0.95,10000.0,0.9,0,pcg_time_avg_chol_frozen_amortized_50,derived_best_case,0.0011000183399301022,0.000350593319744803,0.022860042023239657,0.024310653682914563,24,0,9.504513834923036e-09,583650,1200000,19200000.0,3195,650575,0
5,1920,12,9600,0.1,0.95,10000.0,0.9,1,direct_cholmod,ok,0.054225208004936576,0.016783540981123224,0.0004045839887112379,0.07141333297477104,0,0,4.646945415667862e-13,583650,1200000,19200000.0,3195,650575,0
5,1920,12,9600,0.1,0.95,10000.0,0.9,1,direct_splu,ok,0.05358591699041426,0.031198124983347952,0.001239332981640473,0.08602337495540269,0,0,4.4624677704587584e-13,583650,1200000,19200000.0,3195,1257745,0
5,1920,12,9600,0.1,0.95,10000.0,0.9,1,pcg_time_avg_chol_explicit_avgK,ok,0.056334083987167105,0.017293875018367544,0.023607042006915435,0.09723500101245008,25,0,5.833150271249468e-09,583650,1200000,19200000.0,3195,650575,0
5,1920,12,9600,0.1,0.95,10000.0,0.9,1,pcg_time_avg_chol_frozen_amortized_50,derived_best_case,0.0011266816797433422,0.0003458775003673509,0.023607042006915435,0.025079601187026127,25,0,5.833150271249468e-09,583650,1200000,19200000.0,3195,650575,0
5,1920,12,9600,0.1,0.95,10000.0,0.9,7,direct_cholmod,ok,0.05424945798586123,0.016996666992781684,0.0004287920019123703,0.07167491698055528,0,0,4.564389056606187e-13,583650,1200000,19200000.0,3195,650575,0
5,1920,12,9600,0.1,0.95,10000.0,0.9,7,direct_splu,ok,0.0553276669816114,0.030688250000821427,0.0011865419801324606,0.08720245896256529,0,0,4.753086055727861e-13,583650,1200000,19200000.0,3195,1257745,0
5,1920,12,9600,0.1,0.95,10000.0,0.9,7,pcg_time_avg_chol_explicit_avgK,ok,0.05480195800191723,0.01720779199968092,0.0260499159921892,0.09805966599378735,27,0,4.984611704196933e-09,583650,1200000,19200000.0,3195,650575,0
5,1920,12,9600,0.1,0.95,10000.0,0.9,7,pcg_time_avg_chol_frozen_amortized_50,derived_best_case,0.0010960391600383446,0.0003441558399936184,0.0260499159921892,0.02749011099222116,27,0,4.984611704196933e-09,583650,1200000,19200000.0,3195,650575,0
5,1920,12,9600,0.3,0.95,10000.0,0.9,0,direct_cholmod,ok,0.053840250009670854,0.016782165999757126,0.0004412920097820461,0.07106370801921003,0,0,1.0846973870087758e-12,583650,1200000,19200000.0,3195,650575,0
5,1920,12,9600,0.3,0.95,10000.0,0.9,0,direct_splu,ok,0.054484167019836605,0.03318025000044145,0.0011272499978076667,0.08879166701808572,0,0,1.0538925737124925e-12,583650,1200000,19200000.0,3195,1334325,0
5,1920,12,9600,0.3,0.95,10000.0,0.9,0,pcg_time_avg_chol_explicit_avgK,ok,0.05491387497750111,0.017807166004786268,0.16289812501054257,0.23561916599282995,170,0,9.975793531280594e-09,583650,1200000,19200000.0,3195,650575,0
5,1920,12,9600,0.3,0.95,10000.0,0.9,0,pcg_time_avg_chol_frozen_amortized_50,derived_best_case,0.0010982774995500222,0.0003561433200957254,0.16289812501054257,0.16435254583018832,170,0,9.975793531280594e-09,583650,1200000,19200000.0,3195,650575,0
5,1920,12,9600,0.3,0.95,10000.0,0.9,1,direct_cholmod,ok,0.054690999997546896,0.017271832999540493,0.0004222499846946448,0.07238508298178203,0,0,7.510460206841599e-13,583650,1200000,19200000.0,3195,650575,0
5,1920,12,9600,0.3,0.95,10000.0,0.9,1,direct_splu,ok,0.05460312499781139,0.03354941698489711,0.0013689589977730066,0.0895215009804815,0,0,8.467947616175092e-13,583650,1200000,19200000.0,3195,1333025,0
5,1920,12,9600,0.3,0.95,10000.0,0.9,1,pcg_time_avg_chol_explicit_avgK,ok,0.05458050000015646,0.01734441699227318,0.17328979200101458,0.24521470899344422,182,0,9.962217165401447e-09,583650,1200000,19200000.0,3195,650575,0
5,1920,12,9600,0.3,0.95,10000.0,0.9,1,pcg_time_avg_chol_frozen_amortized_50,derived_best_case,0.0010916100000031292,0.0003468883398454636,0.17328979200101458,0.17472829034086318,182,0,9.962217165401447e-09,583650,1200000,19200000.0,3195,650575,0
5,1920,12,9600,0.3,0.95,10000.0,0.9,7,direct_cholmod,ok,0.05554833298083395,0.01769433298613876,0.0004185830184724182,0.07366124898544513,0,0,8.682844061722715e-13,583650,1200000,19200000.0,3195,650575,0
5,1920,12,9600,0.3,0.95,10000.0,0.9,7,direct_splu,ok,0.055093790986575186,0.03532695799367502,0.0009370420011691749,0.09135779098141938,0,0,9.062852296286865e-13,583650,1200000,19200000.0,3195,1363090,0
5,1920,12,9600,0.3,0.95,10000.0,0.9,7,pcg_time_avg_chol_explicit_avgK,ok,0.055892417003633454,0.017581416992470622,0.20046200000797398,0.27393583400407806,201,0,9.76359139984309e-09,583650,1200000,19200000.0,3195,650575,0
5,1920,12,9600,0.3,0.95,10000.0,0.9,7,pcg_time_avg_chol_frozen_amortized_50,derived_best_case,0.001117848340072669,0.00035162833984941243,0.20046200000797398,0.20193147668789607,201,0,9.76359139984309e-09,583650,1200000,19200000.0,3195,650575,0
5,1920,12,9600,0.5,0.95,10000.0,0.9,0,direct_cholmod,ok,0.055362625018460676,0.01735041697975248,0.00044387500383891165,0.07315691700205207,0,0,4.037677277051853e-12,583650,1200000,19200000.0,3195,650575,0
5,1920,12,9600,0.5,0.95,10000.0,0.9,0,direct_splu,ok,0.05662545800441876,0.04251770899281837,0.002024083019932732,0.10116725001716986,0,0,3.593682560076666e-12,583650,1200000,19200000.0,3195,1614995,0
5,1920,12,9600,0.5,0.95,10000.0,0.9,0,pcg_time_avg_chol_explicit_avgK,ok,0.05428737498004921,0.01751291600521654,1.0590866669954266,1.1308869579806924,1086,0,8.831084896072484e-09,583650,1200000,19200000.0,3195,650575,0
5,1920,12,9600,0.5,0.95,10000.0,0.9,0,pcg_time_avg_chol_frozen_amortized_50,derived_best_case,0.0010857474996009843,0.0003502583201043308,1.0590866669954266,1.060522672815132,1086,0,8.831084896072484e-09,583650,1200000,19200000.0,3195,650575,0
5,1920,12,9600,0.5,0.95,10000.0,0.9,1,direct_cholmod,ok,0.05375037499470636,0.017119750002166256,0.00042904101428575814,0.07129916601115838,0,0,3.198054121207953e-12,583650,1200000,19200000.0,3195,650575,0
5,1920,12,9600,0.5,0.95,10000.0,0.9,1,direct_splu,ok,0.053019292012322694,0.04156337500899099,0.0010878750181291252,0.09567054203944281,0,0,3.3833060554167945e-12,583650,1200000,19200000.0,3195,1606050,0
5,1920,12,9600,0.5,0.95,10000.0,0.9,1,pcg_time_avg_chol_explicit_avgK,ok,0.05395524998311885,0.017113042005803436,1.1509805839741603,1.2220488759630825,1183,0,9.892971585015668e-09,583650,1200000,19200000.0,3195,650575,0
5,1920,12,9600,0.5,0.95,10000.0,0.9,1,pcg_time_avg_chol_frozen_amortized_50,derived_best_case,0.001079104999662377,0.0003422608401160687,1.1509805839741603,1.1524019498139386,1183,0,9.892971585015668e-09,583650,1200000,19200000.0,3195,650575,0
5,1920,12,9600,0.5,0.95,10000.0,0.9,7,direct_cholmod,ok,0.057339082995895296,0.017560250009410083,0.0004409580142237246,0.0753402910195291,0,0,2.6262085314699668e-12,583650,1200000,19200000.0,3195,650575,0
5,1920,12,9600,0.5,0.95,10000.0,0.9,7,direct_splu,ok,0.05433637500391342,0.04154299999936484,0.0009502079919911921,0.09682958299526945,0,0,4.558332574627823e-12,583650,1200000,19200000.0,3195,1618835,0
5,1920,12,9600,0.5,0.95,10000.0,0.9,7,pcg_time_avg_chol_explicit_avgK,ok,0.0536882079904899,0.017160707997391,1.4159305409993976,1.4867794569872785,1459,0,8.785229561271166e-09,583650,1200000,19200000.0,3195,650575,0
5,1920,12,9600,0.5,0.95,10000.0,0.9,7,pcg_time_avg_chol_frozen_amortized_50,derived_best_case,0.001073764159809798,0.00034321415994782,1.4159305409993976,1.4173475193191551,1459,0,8.785229561271166e-09,583650,1200000,19200000.0,3195,650575,0
5,1920,24,9600,0.1,0.95,10000.0,0.9,0,direct_cholmod,ok,0.15601854198030196,0.052440500003285706,0.0006966250075493008,0.20915566699113697,0,0,4.568144374831202e-13,1154100,2352000,37632000.0,3195,1291825,0
5,1920,24,9600,0.1,0.95,10000.0,0.9,0,direct_splu,ok,0.15657158399699256,0.08236387500073761,0.001759124977979809,0.24069458397570997,0,0,5.45799516979639e-13,1154100,2352000,37632000.0,3195,2409895,0
5,1920,24,9600,0.1,0.95,10000.0,0.9,0,pcg_time_avg_chol_explicit_avgK,ok,0.1542545840202365,0.05397637499845587,0.043972167011816055,0.25220312603050843,25,0,5.573166316976467e-09,1154100,2352000,37632000.0,3195,1291825,0
5,1920,24,9600,0.1,0.95,10000.0,0.9,0,pcg_time_avg_chol_frozen_amortized_50,derived_best_case,0.0030850916804047303,0.0010795274999691174,0.043972167011816055,0.048136786192189904,25,0,5.573166316976467e-09,1154100,2352000,37632000.0,3195,1291825,0
5,1920,24,9600,0.1,0.95,10000.0,0.9,1,direct_cholmod,ok,0.15600962497410364,0.05513979200622998,0.0011928750027436763,0.2123422919830773,0,0,8.147737714993374e-13,1154100,2352000,37632000.0,3195,1291825,0
5,1920,24,9600,0.1,0.95,10000.0,0.9,1,direct_splu,ok,0.16244075002032332,0.0811042089771945,0.0013700000126846135,0.24491495901020244,0,0,1.0278391462950634e-12,1154100,2352000,37632000.0,3195,2409895,0
5,1920,24,9600,0.1,0.95,10000.0,0.9,1,pcg_time_avg_chol_explicit_avgK,ok,0.15763375000096858,0.05484358299872838,0.04476820898707956,0.2572455419867765,25,0,8.389200655479827e-09,1154100,2352000,37632000.0,3195,1291825,0
5,1920,24,9600,0.1,0.95,10000.0,0.9,1,pcg_time_avg_chol_frozen_amortized_50,derived_best_case,0.0031526750000193714,0.0010968716599745675,0.04476820898707956,0.0490177556470735,25,0,8.389200655479827e-09,1154100,2352000,37632000.0,3195,1291825,0
5,1920,24,9600,0.1,0.95,10000.0,0.9,7,direct_cholmod,ok,0.1547709590231534,0.05600445799063891,0.0007046659884508699,0.2114800830022432,0,0,4.075320504609534e-13,1154100,2352000,37632000.0,3195,1291825,0
5,1920,24,9600,0.1,0.95,10000.0,0.9,7,direct_splu,ok,0.15792637501726858,0.08348679199116305,0.0011772500001825392,0.24259041700861417,0,0,4.976602194552429e-13,1154100,2352000,37632000.0,3195,2409895,0
5,1920,24,9600,0.1,0.95,10000.0,0.9,7,pcg_time_avg_chol_explicit_avgK,ok,0.1615655829955358,0.05562049997388385,0.046650542004499584,0.26383662497391924,27,0,5.043826831541058e-09,1154100,2352000,37632000.0,3195,1291825,0
5,1920,24,9600,0.1,0.95,10000.0,0.9,7,pcg_time_avg_chol_frozen_amortized_50,derived_best_case,0.003231311659910716,0.001112409999477677,0.046650542004499584,0.05099426366388798,27,0,5.043826831541058e-09,1154100,2352000,37632000.0,3195,1291825,0
5,1920,24,9600,0.3,0.95,10000.0,0.9,0,direct_cholmod,ok,0.21828158298740163,0.05785179199301638,0.0012265000259503722,0.2773598750063684,0,0,9.348923484803622e-13,1154100,2352000,37632000.0,3195,1291825,0
5,1920,24,9600,0.3,0.95,10000.0,0.9,0,direct_splu,ok,0.16669016701052897,0.08968758297851309,0.0019051249837502837,0.25828287497279234,0,0,1.2405583075068718e-12,1154100,2352000,37632000.0,3195,2558985,0
5,1920,24,9600,0.3,0.95,10000.0,0.9,0,pcg_time_avg_chol_explicit_avgK,ok,0.1570095419883728,0.055821542016929016,0.32225712499348447,0.5350882089987863,177,0,8.28606872733543e-09,1154100,2352000,37632000.0,3195,1291825,0
5,1920,24,9600,0.3,0.95,10000.0,0.9,0,pcg_time_avg_chol_frozen_amortized_50,derived_best_case,0.0031401908397674563,0.0011164308403385803,0.32225712499348447,0.3265137466735905,177,0,8.28606872733543e-09,1154100,2352000,37632000.0,3195,1291825,0
5,1920,24,9600,0.3,0.95,10000.0,0.9,1,direct_cholmod,ok,0.15982570897904225,0.054617750021861866,0.0011023330152966082,0.21554579201620072,0,0,1.2659833679266792e-12,1154100,2352000,37632000.0,3195,1291825,0
5,1920,24,9600,0.3,0.95,10000.0,0.9,1,direct_splu,ok,0.15971300000092015,0.08924375000060536,0.002427750005153939,0.25138450000667945,0,0,1.6246765083615295e-12,1154100,2352000,37632000.0,3195,2578625,0
5,1920,24,9600,0.3,0.95,10000.0,0.9,1,pcg_time_avg_chol_explicit_avgK,ok,0.16015962499659508,0.0552384170005098,0.34438129200134426,0.5597793339984491,184,0,8.961676133158108e-09,1154100,2352000,37632000.0,3195,1291825,0
5,1920,24,9600,0.3,0.95,10000.0,0.9,1,pcg_time_avg_chol_frozen_amortized_50,derived_best_case,0.0032031924999319015,0.001104768340010196,0.34438129200134426,0.3486892528412864,184,0,8.961676133158108e-09,1154100,2352000,37632000.0,3195,1291825,0
5,1920,24,9600,0.3,0.95,10000.0,0.9,7,direct_cholmod,ok,0.15775566699448973,0.05566504201851785,0.0006839580019004643,0.21410466701490805,0,0,7.577431757972099e-13,1154100,2352000,37632000.0,3195,1291825,0
5,1920,24,9600,0.3,0.95,10000.0,0.9,7,direct_splu,ok,0.1656409999995958,0.09426612500101328,0.0014348329859785736,0.26134195798658766,0,0,1.137335888363562e-12,1154100,2352000,37632000.0,3195,2601070,0
5,1920,24,9600,0.3,0.95,10000.0,0.9,7,pcg_time_avg_chol_explicit_avgK,ok,0.170081249991199,0.0535100830020383,0.3906633750011679,0.6142547079944052,201,0,8.638413926071977e-09,1154100,2352000,37632000.0,3195,1291825,0
5,1920,24,9600,0.3,0.95,10000.0,0.9,7,pcg_time_avg_chol_frozen_amortized_50,derived_best_case,0.00340162499982398,0.001070201660040766,0.3906633750011679,0.3951352016610326,201,0,8.638413926071977e-09,1154100,2352000,37632000.0,3195,1291825,0
5,1920,24,9600,0.5,0.95,10000.0,0.9,0,direct_cholmod,ok,0.16537891599000432,0.05553149999468587,0.000646790984319523,0.2215572069690097,0,0,3.0879030648139775e-12,1154100,2352000,37632000.0,3195,1291825,0
5,1920,24,9600,0.5,0.95,10000.0,0.9,0,direct_splu,ok,0.16004483299911954,0.11402862498653121,0.0027394590142648667,0.2768129169999156,0,0,4.201865828674451e-12,1154100,2352000,37632000.0,3195,3140295,0
5,1920,24,9600,0.5,0.95,10000.0,0.9,0,pcg_time_avg_chol_explicit_avgK,ok,0.16257320897420868,0.05473433301085606,2.132637792004971,2.3499453339900356,1144,0,9.660711855990455e-09,1154100,2352000,37632000.0,3195,1291825,0
5,1920,24,9600,0.5,0.95,10000.0,0.9,0,pcg_time_avg_chol_frozen_amortized_50,derived_best_case,0.0032514641794841735,0.0010946866602171213,2.132637792004971,2.136983942844672,1144,0,9.660711855990455e-09,1154100,2352000,37632000.0,3195,1291825,0
5,1920,24,9600,0.5,0.95,10000.0,0.9,1,direct_cholmod,ok,0.15448916700552218,0.05328470899257809,0.0006494169938378036,0.20842329299193807,0,0,3.057166727797868e-12,1154100,2352000,37632000.0,3195,1291825,0
5,1920,24,9600,0.5,0.95,10000.0,0.9,1,direct_splu,ok,0.1555000419903081,0.11619854197488166,0.0019098329939879477,0.2736084169591777,0,0,5.11982951695241e-12,1154100,2352000,37632000.0,3195,3231125,0
5,1920,24,9600,0.5,0.95,10000.0,0.9,1,pcg_time_avg_chol_explicit_avgK,ok,0.15631824999582022,0.05427683299058117,2.2712967499974184,2.4818918329838198,1190,0,9.851274244760773e-09,1154100,2352000,37632000.0,3195,1291825,0
5,1920,24,9600,0.5,0.95,10000.0,0.9,1,pcg_time_avg_chol_frozen_amortized_50,derived_best_case,0.0031263649999164044,0.0010855366598116233,2.2712967499974184,2.2755086516571463,1190,0,9.851274244760773e-09,1154100,2352000,37632000.0,3195,1291825,0
5,1920,24,9600,0.5,0.95,10000.0,0.9,7,direct_cholmod,ok,0.16088650000165217,0.054613707994576544,0.0007352499815169722,0.21623545797774568,0,0,2.6825086601592898e-12,1154100,2352000,37632000.0,3195,1291825,0
5,1920,24,9600,0.5,0.95,10000.0,0.9,7,direct_splu,ok,0.15776962498784997,0.11307187500642613,0.0027395829965826124,0.2735810829908587,0,0,4.378295179563528e-12,1154100,2352000,37632000.0,3195,3137160,0
5,1920,24,9600,0.5,0.95,10000.0,0.9,7,pcg_time_avg_chol_explicit_avgK,ok,0.16119087499100715,0.05565420800121501,2.5931619579787366,2.8100070409709588,1429,0,9.881732360525093e-09,1154100,2352000,37632000.0,3195,1291825,0
5,1920,24,9600,0.5,0.95,10000.0,0.9,7,pcg_time_avg_chol_frozen_amortized_50,derived_best_case,0.003223817499820143,0.0011130841600243003,2.5931619579787366,2.597498859638581,1429,0,9.881732360525093e-09,1154100,2352000,37632000.0,3195,1291825,0
5,5000,2,25000,0.1,0.95,10000.0,0.9,0,direct_cholmod,ok,0.037940750014968216,0.007076083013089374,0.0003200839855708182,0.04533691701362841,0,0,7.824760380943918e-13,274925,625000,10000000.0,8325,336580,0
5,5000,2,25000,0.1,0.95,10000.0,0.9,0,direct_splu,ok,0.03836233401671052,0.013147999998182058,0.0008552079962100834,0.05236554201110266,0,0,5.213203512545338e-13,274925,625000,10000000.0,8325,753257,0
5,5000,2,25000,0.1,0.95,10000.0,0.9,0,pcg_time_avg_chol_explicit_avgK,ok,0.03868854098254815,0.007182540983194485,0.030226250004488975,0.07609733197023161,30,0,6.220337699917245e-09,274925,625000,10000000.0,8325,336580,0
5,5000,2,25000,0.1,0.95,10000.0,0.9,0,pcg_time_avg_chol_frozen_amortized_50,derived_best_case,0.000773770819650963,0.0001436508196638897,0.030226250004488975,0.031143671643803827,30,0,6.220337699917245e-09,274925,625000,10000000.0,8325,336580,0
5,5000,2,25000,0.1,0.95,10000.0,0.9,1,direct_cholmod,ok,0.0383304160204716,0.007413666986394674,0.0003115829895250499,0.046055665996391326,0,0,1.9631793559227486e-12,274925,625000,10000000.0,8325,336580,0
5,5000,2,25000,0.1,0.95,10000.0,0.9,1,direct_splu,ok,0.03949495800770819,0.013825083995470777,0.0008179169963113964,0.054137958999490365,0,0,1.3424229906227887e-12,274925,625000,10000000.0,8325,753257,0
5,5000,2,25000,0.1,0.95,10000.0,0.9,1,pcg_time_avg_chol_explicit_avgK,ok,0.04019820797839202,0.007221999985631555,0.030451708007603884,0.07787191597162746,28,0,7.6532420156914e-09,274925,625000,10000000.0,8325,336580,0
5,5000,2,25000,0.1,0.95,10000.0,0.9,1,pcg_time_avg_chol_frozen_amortized_50,derived_best_case,0.0008039641595678404,0.0001444399997126311,0.030451708007603884,0.031400112166884354,28,0,7.6532420156914e-09,274925,625000,10000000.0,8325,336580,0
5,5000,2,25000,0.1,0.95,10000.0,0.9,7,direct_cholmod,ok,0.039918707974720746,0.007265500025823712,0.00028354101232253015,0.04746774901286699,0,0,6.370327420514118e-13,274925,625000,10000000.0,8325,336580,0
5,5000,2,25000,0.1,0.95,10000.0,0.9,7,direct_splu,ok,0.039981999987503514,0.013629541994305328,0.0009722920076455921,0.05458383398945443,0,0,4.871153682321943e-13,274925,625000,10000000.0,8325,753257,0
5,5000,2,25000,0.1,0.95,10000.0,0.9,7,pcg_time_avg_chol_explicit_avgK,ok,0.04048854098073207,0.007053708017338067,0.02930266599287279,0.07684491499094293,30,0,5.622664183970352e-09,274925,625000,10000000.0,8325,336580,0
5,5000,2,25000,0.1,0.95,10000.0,0.9,7,pcg_time_avg_chol_frozen_amortized_50,derived_best_case,0.0008097708196146414,0.00014107416034676135,0.02930266599287279,0.030253510972834192,30,0,5.622664183970352e-09,274925,625000,10000000.0,8325,336580,0
5,5000,2,25000,0.3,0.95,10000.0,0.9,0,direct_cholmod,ok,0.0393357920111157,0.007217541977297515,0.00030399998649954796,0.04685733397491276,0,0,1.4307078023598982e-12,274925,625000,10000000.0,8325,336580,0
5,5000,2,25000,0.3,0.95,10000.0,0.9,0,direct_splu,ok,0.039422083005774766,0.014046875003259629,0.0009161669877357781,0.05438512499677017,0,0,9.38555249441776e-13,274925,625000,10000000.0,8325,755570,0
5,5000,2,25000,0.3,0.95,10000.0,0.9,0,pcg_time_avg_chol_explicit_avgK,ok,0.0407826250011567,0.007708874996751547,0.2681406659830827,0.316632165980991,268,0,9.511419543709386e-09,274925,625000,10000000.0,8325,336580,0
5,5000,2,25000,0.3,0.95,10000.0,0.9,0,pcg_time_avg_chol_frozen_amortized_50,derived_best_case,0.000815652500023134,0.00015417749993503093,0.2681406659830827,0.2691104959830409,268,0,9.511419543709386e-09,274925,625000,10000000.0,8325,336580,0
5,5000,2,25000,0.3,0.95,10000.0,0.9,1,direct_cholmod,ok,0.038593915989622474,0.007158332999097183,0.00030608399538323283,0.04605833298410289,0,0,3.0720932370479445e-12,274925,625000,10000000.0,8325,336580,0
5,5000,2,25000,0.3,0.95,10000.0,0.9,1,direct_splu,ok,0.0393681249988731,0.013747249991865829,0.0008668749942444265,0.053982249984983355,0,0,2.3121715135823593e-12,274925,625000,10000000.0,8325,762393,0
5,5000,2,25000,0.3,0.95,10000.0,0.9,1,pcg_time_avg_chol_explicit_avgK,ok,0.0409650000219699,0.007211500022094697,0.23635008398559876,0.28452658402966335,257,0,9.760443715175557e-09,274925,625000,10000000.0,8325,336580,0
5,5000,2,25000,0.3,0.95,10000.0,0.9,1,pcg_time_avg_chol_frozen_amortized_50,derived_best_case,0.000819300000439398,0.00014423000044189394,0.23635008398559876,0.23731361398648004,257,0,9.760443715175557e-09,274925,625000,10000000.0,8325,336580,0
5,5000,2,25000,0.3,0.95,10000.0,0.9,7,direct_cholmod,ok,0.03829804199631326,0.007280374993570149,0.0003072079853154719,0.04588562497519888,0,0,1.3223819750229993e-12,274925,625000,10000000.0,8325,336580,0
5,5000,2,25000,0.3,0.95,10000.0,0.9,7,direct_splu,ok,0.03905399999348447,0.013909417000832036,0.00085420798859559,0.05381762498291209,0,0,9.476818866371595e-13,274925,625000,10000000.0,8325,756875,0
5,5000,2,25000,0.3,0.95,10000.0,0.9,7,pcg_time_avg_chol_explicit_avgK,ok,0.040343207976548,0.007815874996595085,0.2677259999909438,0.3158850829640869,296,0,7.98021101145551e-09,274925,625000,10000000.0,8325,336580,0
5,5000,2,25000,0.3,0.95,10000.0,0.9,7,pcg_time_avg_chol_frozen_amortized_50,derived_best_case,0.0008068641595309601,0.0001563174999319017,0.2677259999909438,0.26868918165040667,296,0,7.98021101145551e-09,274925,625000,10000000.0,8325,336580,0
5,5000,2,25000,0.5,0.95,10000.0,0.9,0,direct_cholmod,ok,0.04048191700712778,0.007663416996365413,0.0003121659974567592,0.04845750000094995,0,0,4.73222693929725e-12,274925,625000,10000000.0,8325,336580,0
5,5000,2,25000,0.5,0.95,10000.0,0.9,0,direct_splu,ok,0.039487166999606416,0.014814750000368804,0.0008437920187134296,0.05514570901868865,0,0,3.2273666993392296e-12,274925,625000,10000000.0,8325,770887,0
5,5000,2,25000,0.5,0.95,10000.0,0.9,0,pcg_time_avg_chol_explicit_avgK,ok,0.04118183397804387,0.0077021250035613775,2.0892284589936025,2.138112417975208,2212,0,9.34518665779492e-09,274925,625000,10000000.0,8325,336580,0
5,5000,2,25000,0.5,0.95,10000.0,0.9,0,pcg_time_avg_chol_frozen_amortized_50,derived_best_case,0.0008236366795608774,0.00015404250007122755,2.0892284589936025,2.090206138173235,2212,0,9.34518665779492e-09,274925,625000,10000000.0,8325,336580,0
5,5000,2,25000,0.5,0.95,10000.0,0.9,1,direct_cholmod,ok,0.0413267919793725,0.007264040992595255,0.0003360419941600412,0.0489268749661278,0,0,8.636447497973617e-12,274925,625000,10000000.0,8325,336580,0
5,5000,2,25000,0.5,0.95,10000.0,0.9,1,direct_splu,ok,0.04174262500600889,0.01537658300367184,0.0008678750018589199,0.05798708301153965,0,0,5.9932868598207705e-12,274925,625000,10000000.0,8325,791554,0
5,5000,2,25000,0.5,0.95,10000.0,0.9,1,pcg_time_avg_chol_explicit_avgK,ok,0.042106333014089614,0.00708279202808626,2.101730333000887,2.150919458043063,2098,0,9.815956263771813e-09,274925,625000,10000000.0,8325,336580,0
5,5000,2,25000,0.5,0.95,10000.0,0.9,1,pcg_time_avg_chol_frozen_amortized_50,derived_best_case,0.0008421266602817922,0.0001416558405617252,2.101730333000887,2.1027141155017306,2098,0,9.815956263771813e-09,274925,625000,10000000.0,8325,336580,0
5,5000,2,25000,0.5,0.95,10000.0,0.9,7,direct_cholmod,ok,0.04015233399695717,0.007053540990455076,0.00030375001369975507,0.047509625001112,0,0,6.039742363095368e-12,274925,625000,10000000.0,8325,336580,0
5,5000,2,25000,0.5,0.95,10000.0,0.9,7,direct_splu,ok,0.0401022500009276,0.014811083005042747,0.0008900829998310655,0.05580341600580141,0,0,4.460505127989589e-12,274925,625000,10000000.0,8325,772171,0
5,5000,2,25000,0.5,0.95,10000.0,0.9,7,pcg_time_avg_chol_explicit_avgK,ok,0.04057633300544694,0.006992333015659824,2.596953750005923,2.64452241602703,2767,0,9.347129896895145e-09,274925,625000,10000000.0,8325,336580,0
5,5000,2,25000,0.5,0.95,10000.0,0.9,7,pcg_time_avg_chol_frozen_amortized_50,derived_best_case,0.0008115266601089388,0.00013984666031319648,2.596953750005923,2.5979051233263455,2767,0,9.347129896895145e-09,274925,625000,10000000.0,8325,336580,0
5,5000,12,25000,0.1,0.95,10000.0,0.9,0,direct_cholmod,ok,0.14675787501619197,0.04641454198281281,0.0010182920086663216,0.1941907090076711,0,0,5.652042463911195e-13,1523050,3125000,50000000.0,8325,1697750,0
5,5000,12,25000,0.1,0.95,10000.0,0.9,0,direct_splu,ok,0.15162854199297726,0.08317683299537748,0.0039052919892128557,0.2387106669775676,0,0,5.892037768141074e-13,1523050,3125000,50000000.0,8325,3274670,0
5,5000,12,25000,0.1,0.95,10000.0,0.9,0,pcg_time_avg_chol_explicit_avgK,ok,0.1483215840125922,0.04837924998719245,0.07210699998540804,0.2688078339851927,25,0,9.42409082950493e-09,1523050,3125000,50000000.0,8325,1697750,0
5,5000,12,25000,0.1,0.95,10000.0,0.9,0,pcg_time_avg_chol_frozen_amortized_50,derived_best_case,0.0029664316802518443,0.0009675849997438491,0.07210699998540804,0.07604101666540374,25,0,9.42409082950493e-09,1523050,3125000,50000000.0,8325,1697750,0
5,5000,12,25000,0.1,0.95,10000.0,0.9,1,direct_cholmod,ok,0.1475824169756379,0.04750654098461382,0.0015657920157536864,0.1966547499760054,0,0,4.4006095751483e-13,1523050,3125000,50000000.0,8325,1697750,0
5,5000,12,25000,0.1,0.95,10000.0,0.9,1,direct_splu,ok,0.15006349998293445,0.08213554101530463,0.0037126670067664236,0.2359117080050055,0,0,4.392066835099684e-13,1523050,3125000,50000000.0,8325,3274670,0
5,5000,12,25000,0.1,0.95,10000.0,0.9,1,pcg_time_avg_chol_explicit_avgK,ok,0.14865291700698435,0.04729337498429231,0.07625195800210349,0.27219824999338016,27,0,8.806352130774746e-09,1523050,3125000,50000000.0,8325,1697750,0
5,5000,12,25000,0.1,0.95,10000.0,0.9,1,pcg_time_avg_chol_frozen_amortized_50,derived_best_case,0.002973058340139687,0.0009458674996858463,0.07625195800210349,0.08017088384192902,27,0,8.806352130774746e-09,1523050,3125000,50000000.0,8325,1697750,0
5,5000,12,25000,0.1,0.95,10000.0,0.9,7,direct_cholmod,ok,0.146529959019972,0.047937291994458064,0.001084459014236927,0.195551710028667,0,0,4.683310529871136e-13,1523050,3125000,50000000.0,8325,1697750,0
5,5000,12,25000,0.1,0.95,10000.0,0.9,7,direct_splu,ok,0.15290766701218672,0.08106250001583248,0.0032920419762376696,0.23726220900425687,0,0,4.9625813388771e-13,1523050,3125000,50000000.0,8325,3274670,0
5,5000,12,25000,0.1,0.95,10000.0,0.9,7,pcg_time_avg_chol_explicit_avgK,ok,0.15385183299076743,0.046273874992039055,0.07885862499824725,0.27898433298105374,29,0,8.986741496606457e-09,1523050,3125000,50000000.0,8325,1697750,0
5,5000,12,25000,0.1,0.95,10000.0,0.9,7,pcg_time_avg_chol_frozen_amortized_50,derived_best_case,0.0030770366598153486,0.0009254774998407811,0.07885862499824725,0.08286113915790339,29,0,8.986741496606457e-09,1523050,3125000,50000000.0,8325,1697750,0
5,5000,12,25000,0.3,0.95,10000.0,0.9,0,direct_cholmod,ok,0.14960920801968314,0.046891083009541035,0.0009919170115608722,0.19749220804078504,0,0,1.130454857827646e-12,1523050,3125000,50000000.0,8325,1697750,0
5,5000,12,25000,0.3,0.95,10000.0,0.9,0,direct_splu,ok,0.14994241698877886,0.08997820899821818,0.004067583999130875,0.2439882099861279,0,0,1.49135773476209e-12,1523050,3125000,50000000.0,8325,3525340,0
5,5000,12,25000,0.3,0.95,10000.0,0.9,0,pcg_time_avg_chol_explicit_avgK,ok,0.1493839580216445,0.04712087500956841,0.5484415420214646,0.7449463750526775,202,0,9.633008762138971e-09,1523050,3125000,50000000.0,8325,1697750,0
5,5000,12,25000,0.3,0.95,10000.0,0.9,0,pcg_time_avg_chol_frozen_amortized_50,derived_best_case,0.00298767916043289,0.0009424175001913681,0.5484415420214646,0.5523716386820888,202,0,9.633008762138971e-09,1523050,3125000,50000000.0,8325,1697750,0
5,5000,12,25000,0.3,0.95,10000.0,0.9,1,direct_cholmod,ok,0.14647824998246506,0.04669970800750889,0.0010256659879814833,0.19420362397795543,0,0,7.279105306710915e-13,1523050,3125000,50000000.0,8325,1697750,0
5,5000,12,25000,0.3,0.95,10000.0,0.9,1,direct_splu,ok,0.1494971250067465,0.09241566702257842,0.0038864169910084456,0.24579920902033336,0,0,8.02972499086668e-13,1523050,3125000,50000000.0,8325,3518810,0
5,5000,12,25000,0.3,0.95,10000.0,0.9,1,pcg_time_avg_chol_explicit_avgK,ok,0.1478974590136204,0.04710229198099114,0.6789939590089489,0.8739937100035604,248,0,9.70877175886222e-09,1523050,3125000,50000000.0,8325,1697750,0
5,5000,12,25000,0.3,0.95,10000.0,0.9,1,pcg_time_avg_chol_frozen_amortized_50,derived_best_case,0.0029579491802724078,0.0009420458396198227,0.6789939590089489,0.6828939540288411,248,0,9.70877175886222e-09,1523050,3125000,50000000.0,8325,1697750,0
5,5000,12,25000,0.3,0.95,10000.0,0.9,7,direct_cholmod,ok,0.14839816599851474,0.04655374999856576,0.0010603329865261912,0.1960122489836067,0,0,8.786789078866856e-13,1523050,3125000,50000000.0,8325,1697750,0
5,5000,12,25000,0.3,0.95,10000.0,0.9,7,direct_splu,ok,0.14678624999942258,0.08916433400008827,0.0042870409961324185,0.24023762499564327,0,0,9.5488827449788e-13,1523050,3125000,50000000.0,8325,3534180,0
5,5000,12,25000,0.3,0.95,10000.0,0.9,7,pcg_time_avg_chol_explicit_avgK,ok,0.1481482909875922,0.046440209000138566,0.8394317910133395,1.0340202910010703,292,0,9.550969919455454e-09,1523050,3125000,50000000.0,8325,1697750,0
5,5000,12,25000,0.3,0.95,10000.0,0.9,7,pcg_time_avg_chol_frozen_amortized_50,derived_best_case,0.002962965819751844,0.0009288041800027713,0.8394317910133395,0.8433235610130941,292,0,9.550969919455454e-09,1523050,3125000,50000000.0,8325,1697750,0
5,5000,12,25000,0.5,0.95,10000.0,0.9,0,direct_cholmod,ok,0.14747620798880234,0.04675716700148769,0.0010624590213410556,0.1952958340116311,0,0,4.5619155622097956e-12,1523050,3125000,50000000.0,8325,1697750,0
5,5000,12,25000,0.5,0.95,10000.0,0.9,0,direct_splu,ok,0.14843912501237355,0.10925612499704584,0.00584629102377221,0.2635415410331916,0,0,1.333553268999156e-11,1523050,3125000,50000000.0,8325,4192325,0
5,5000,12,25000,0.5,0.95,10000.0,0.9,0,pcg_time_avg_chol_explicit_avgK,ok,0.15168454201193526,0.047406208992470056,4.031744624982821,4.230835375987226,1474,0,9.927472557411149e-09,1523050,3125000,50000000.0,8325,1697750,0
5,5000,12,25000,0.5,0.95,10000.0,0.9,0,pcg_time_avg_chol_frozen_amortized_50,derived_best_case,0.0030336908402387053,0.0009481241798494012,4.031744624982821,4.035726440002909,1474,0,9.927472557411149e-09,1523050,3125000,50000000.0,8325,1697750,0
5,5000,12,25000,0.5,0.95,10000.0,0.9,1,direct_cholmod,ok,0.1465522910002619,0.047032041009515524,0.0010750840010587126,0.19465941601083614,0,0,2.582309719997032e-12,1523050,3125000,50000000.0,8325,1697750,0
5,5000,12,25000,0.5,0.95,10000.0,0.9,1,direct_splu,ok,0.15023162501165643,0.10946462501306087,0.003982167021604255,0.26367841704632156,0,0,3.268169682451579e-12,1523050,3125000,50000000.0,8325,4199610,0
5,5000,12,25000,0.5,0.95,10000.0,0.9,1,pcg_time_avg_chol_explicit_avgK,ok,0.15042195800924674,0.04948941702605225,5.655981666990556,5.855893042025855,1995,0,9.626808941524026e-09,1523050,3125000,50000000.0,8325,1697750,0
5,5000,12,25000,0.5,0.95,10000.0,0.9,1,pcg_time_avg_chol_frozen_amortized_50,derived_best_case,0.0030084391601849347,0.000989788340521045,5.655981666990556,5.659979894491261,1995,0,9.626808941524026e-09,1523050,3125000,50000000.0,8325,1697750,0
5,5000,12,25000,0.5,0.95,10000.0,0.9,7,direct_cholmod,ok,0.1500672500114888,0.047707750025438145,0.0015896669938229024,0.19936466703074984,0,0,2.601952663066771e-12,1523050,3125000,50000000.0,8325,1697750,0
5,5000,12,25000,0.5,0.95,10000.0,0.9,7,direct_splu,ok,0.14977329201065004,0.11081650000414811,0.0035962499969173223,0.26418604201171547,0,0,4.403180459765138e-12,1523050,3125000,50000000.0,8325,4231445,0
5,5000,12,25000,0.5,0.95,10000.0,0.9,7,pcg_time_avg_chol_explicit_avgK,ok,0.14929012500215322,0.04765908399713226,7.52668325000559,7.723632459004875,2737,0,9.522914861357394e-09,1523050,3125000,50000000.0,8325,1697750,0
5,5000,12,25000,0.5,0.95,10000.0,0.9,7,pcg_time_avg_chol_frozen_amortized_50,derived_best_case,0.0029858025000430643,0.0009531816799426451,7.52668325000559,7.530622234185575,2737,0,9.522914861357394e-09,1523050,3125000,50000000.0,8325,1697750,0
5,5000,24,25000,0.1,0.95,10000.0,0.9,0,direct_cholmod,ok,0.4223609999753535,0.14456587500171736,0.002330040995730087,0.5692569159728009,0,0,4.4536316031688794e-13,3017500,6125000,98000000.0,8325,3378425,0
5,5000,24,25000,0.1,0.95,10000.0,0.9,0,direct_splu,ok,0.42495995899662375,0.21754504198906943,0.006502749980427325,0.6490077509661205,0,0,5.494914572819816e-13,3017500,6125000,98000000.0,8325,6274370,0
5,5000,24,25000,0.1,0.95,10000.0,0.9,0,pcg_time_avg_chol_explicit_avgK,ok,0.4252798749948852,0.14086549999774434,0.14690516699920408,0.7130505419918336,26,0,5.264120882899113e-09,3017500,6125000,98000000.0,8325,3378425,0
5,5000,24,25000,0.1,0.95,10000.0,0.9,0,pcg_time_avg_chol_frozen_amortized_50,derived_best_case,0.008505597499897703,0.0028173099999548867,0.14690516699920408,0.15822807449905668,26,0,5.264120882899113e-09,3017500,6125000,98000000.0,8325,3378425,0
5,5000,24,25000,0.1,0.95,10000.0,0.9,1,direct_cholmod,ok,0.42170712500228547,0.14436454098904505,0.0025601660017855465,0.5686318319931161,0,0,8.338538704641711e-13,3017500,6125000,98000000.0,8325,3378425,0
5,5000,24,25000,0.1,0.95,10000.0,0.9,1,direct_splu,ok,0.4263246660120785,0.21799983401433565,0.006557707994943485,0.6508822080213577,0,0,1.0580264981920575e-12,3017500,6125000,98000000.0,8325,6274370,0
5,5000,24,25000,0.1,0.95,10000.0,0.9,1,pcg_time_avg_chol_explicit_avgK,ok,0.4245734590222128,0.23953741701552644,0.15524395799729973,0.819354834035039,28,0,7.067387741884108e-09,3017500,6125000,98000000.0,8325,3378425,0
5,5000,24,25000,0.1,0.95,10000.0,0.9,1,pcg_time_avg_chol_frozen_amortized_50,derived_best_case,0.008491469180444255,0.004790748340310529,0.15524395799729973,0.16852617551805452,28,0,7.067387741884108e-09,3017500,6125000,98000000.0,8325,3378425,0
5,5000,24,25000,0.1,0.95,10000.0,0.9,7,direct_cholmod,ok,0.41701441700570285,0.6185387499863282,0.0021614169818349183,1.037714583973866,0,0,3.9357430138255633e-13,3017500,6125000,98000000.0,8325,3378425,0
5,5000,24,25000,0.1,0.95,10000.0,0.9,7,direct_splu,ok,0.4359350419836119,0.22043829201720655,0.006047333008609712,0.6624206670094281,0,0,5.00587458376747e-13,3017500,6125000,98000000.0,8325,6274370,0
5,5000,24,25000,0.1,0.95,10000.0,0.9,7,pcg_time_avg_chol_explicit_avgK,ok,0.42526662498130463,0.21664462497574277,0.1703767919971142,0.8122880419541616,30,0,6.0309830301768366e-09,3017500,6125000,98000000.0,8325,3378425,0
5,5000,24,25000,0.1,0.95,10000.0,0.9,7,pcg_time_avg_chol_frozen_amortized_50,derived_best_case,0.008505332499626093,0.004332892499514855,0.1703767919971142,0.18321501699625514,30,0,6.0309830301768366e-09,3017500,6125000,98000000.0,8325,3378425,0
5,5000,24,25000,0.3,0.95,10000.0,0.9,0,direct_cholmod,ok,0.4304742499953136,0.19864354099263437,0.0027790000021923333,0.6318967909901403,0,0,9.039108439459197e-13,3017500,6125000,98000000.0,8325,3378425,0
5,5000,24,25000,0.3,0.95,10000.0,0.9,0,direct_splu,ok,0.4260129999893252,0.23835345901898108,0.0073553749825805426,0.6717218339908868,0,0,1.6121819762405983e-12,3017500,6125000,98000000.0,8325,6706780,0
5,5000,24,25000,0.3,0.95,10000.0,0.9,0,pcg_time_avg_chol_explicit_avgK,ok,0.4258881669957191,0.17667379201157019,1.1393757499754429,1.7419377089827321,207,0,9.657246372247423e-09,3017500,6125000,98000000.0,8325,3378425,0
5,5000,24,25000,0.3,0.95,10000.0,0.9,0,pcg_time_avg_chol_frozen_amortized_50,derived_best_case,0.00851776333991438,0.003533475840231404,1.1393757499754429,1.1514269891555886,207,0,9.657246372247423e-09,3017500,6125000,98000000.0,8325,3378425,0
5,5000,24,25000,0.3,0.95,10000.0,0.9,1,direct_cholmod,ok,0.4210081250057556,0.1427907919860445,0.002756625006441027,0.5665555419982411,0,0,1.324948045601654e-12,3017500,6125000,98000000.0,8325,3378425,0
5,5000,24,25000,0.3,0.95,10000.0,0.9,1,direct_splu,ok,0.42546437500277534,0.24121754098450765,0.004345041990745813,0.6710269579780288,0,0,1.7996161342809876e-12,3017500,6125000,98000000.0,8325,6757955,0
5,5000,24,25000,0.3,0.95,10000.0,0.9,1,pcg_time_avg_chol_explicit_avgK,ok,0.41999379100161605,0.14327858301112428,1.3531287499936298,1.91640112400637,245,0,9.084632638266373e-09,3017500,6125000,98000000.0,8325,3378425,0
5,5000,24,25000,0.3,0.95,10000.0,0.9,1,pcg_time_avg_chol_frozen_amortized_50,derived_best_case,0.008399875820032321,0.0028655716602224855,1.3531287499936298,1.3643941974738845,245,0,9.084632638266373e-09,3017500,6125000,98000000.0,8325,3378425,0
5,5000,24,25000,0.3,0.95,10000.0,0.9,7,direct_cholmod,ok,0.4237167500250507,0.14111320799565874,0.002206832985393703,0.5670367910061032,0,0,7.394502587842754e-13,3017500,6125000,98000000.0,8325,3378425,0
5,5000,24,25000,0.3,0.95,10000.0,0.9,7,direct_splu,ok,0.4305392079986632,0.235409457993228,0.006776333000743762,0.6727249989926349,0,0,1.06239547155791e-12,3017500,6125000,98000000.0,8325,6678675,0
5,5000,24,25000,0.3,0.95,10000.0,0.9,7,pcg_time_avg_chol_explicit_avgK,ok,0.421739792014705,0.14371141599258408,1.6545786659989972,2.2200298740062863,300,0,9.524274342305714e-09,3017500,6125000,98000000.0,8325,3378425,0
5,5000,24,25000,0.3,0.95,10000.0,0.9,7,pcg_time_avg_chol_frozen_amortized_50,derived_best_case,0.0084347958402941,0.0028742283198516815,1.6545786659989972,1.6658876901591428,300,0,9.524274342305714e-09,3017500,6125000,98000000.0,8325,3378425,0
5,5000,24,25000,0.5,0.95,10000.0,0.9,0,direct_cholmod,ok,0.4211015419859905,0.14291120899724774,0.0021772919862996787,0.5661900429695379,0,0,4.222184708866817e-12,3017500,6125000,98000000.0,8325,3378425,0
5,5000,24,25000,0.5,0.95,10000.0,0.9,0,direct_splu,ok,0.42575279099401087,0.3001389580022078,0.008428750006714836,0.7343204990029335,0,0,7.940399416090909e-12,3017500,6125000,98000000.0,8325,8217790,0
5,5000,24,25000,0.5,0.95,10000.0,0.9,0,pcg_time_avg_chol_explicit_avgK,ok,0.4317990420095157,0.14223808297538199,8.58594079199247,9.159977916977368,1554,0,9.965639666079865e-09,3017500,6125000,98000000.0,8325,3378425,0
5,5000,24,25000,0.5,0.95,10000.0,0.9,0,pcg_time_avg_chol_frozen_amortized_50,derived_best_case,0.008635980840190315,0.00284476165950764,8.58594079199247,8.597421534492169,1554,0,9.965639666079865e-09,3017500,6125000,98000000.0,8325,3378425,0
5,5000,24,25000,0.5,0.95,10000.0,0.9,1,direct_cholmod,ok,0.4287927910045255,0.14403016699361615,0.0021181670017540455,0.5749411249998957,0,0,4.658233811851367e-12,3017500,6125000,98000000.0,8325,3378425,0
5,5000,24,25000,0.5,0.95,10000.0,0.9,1,direct_splu,ok,0.42951204100972973,0.3134833340009209,0.007410124992020428,0.750405500002671,0,0,6.809960067549688e-12,3017500,6125000,98000000.0,8325,8446815,0
5,5000,24,25000,0.5,0.95,10000.0,0.9,1,pcg_time_avg_chol_explicit_avgK,ok,0.4282611249946058,0.14273066699388437,10.946317750000162,11.517309541988652,1985,0,9.85602977794601e-09,3017500,6125000,98000000.0,8325,3378425,0
5,5000,24,25000,0.5,0.95,10000.0,0.9,1,pcg_time_avg_chol_frozen_amortized_50,derived_best_case,0.008565222499892116,0.0028546133398776874,10.946317750000162,10.957737585839931,1985,0,9.85602977794601e-09,3017500,6125000,98000000.0,8325,3378425,0
5,5000,24,25000,0.5,0.95,10000.0,0.9,7,direct_cholmod,ok,0.42889266699785367,0.14368495799135417,0.0022088340192567557,0.5747864590084646,0,0,2.649018363745898e-12,3017500,6125000,98000000.0,8325,3378425,0
5,5000,24,25000,0.5,0.95,10000.0,0.9,7,direct_splu,ok,0.4222706669825129,0.29938124999171123,0.006984000006923452,0.7286359169811476,0,0,4.23926959431437e-12,3017500,6125000,98000000.0,8325,8186500,0
5,5000,24,25000,0.5,0.95,10000.0,0.9,7,pcg_time_avg_chol_explicit_avgK,ok,0.43069529099739157,0.14461641700472683,15.166898958006641,15.74221066600876,2751,0,9.817118015477331e-09,3017500,6125000,98000000.0,8325,3378425,0
5,5000,24,25000,0.5,0.95,10000.0,0.9,7,pcg_time_avg_chol_frozen_amortized_50,derived_best_case,0.008613905819947832,0.0028923283400945367,15.166898958006641,15.178405192166684,2751,0,9.817118015477331e-09,3017500,6125000,98000000.0,8325,3378425,0
5,10000,2,50000,0.1,0.95,10000.0,0.9,0,direct_cholmod,ok,0.08533349999925122,0.015437041991390288,0.0005994579987600446,0.10136999998940155,0,0,8.209093182770612e-13,549925,1250000,20000000.0,16660,673249,0
5,10000,2,50000,0.1,0.95,10000.0,0.9,0,direct_splu,ok,0.08753374998923391,0.02875887500704266,0.002163334022043273,0.11845595901831985,0,0,5.397143048359908e-13,549925,1250000,20000000.0,16660,1440091,0
5,10000,2,50000,0.1,0.95,10000.0,0.9,0,pcg_time_avg_chol_explicit_avgK,ok,0.0844719170127064,0.015083542006323114,0.05951558399829082,0.15907104301732033,33,0,5.83691213805523e-09,549925,1250000,20000000.0,16660,673249,0
5,10000,2,50000,0.1,0.95,10000.0,0.9,0,pcg_time_avg_chol_frozen_amortized_50,derived_best_case,0.001689438340254128,0.0003016708401264623,0.05951558399829082,0.06150669317867141,33,0,5.83691213805523e-09,549925,1250000,20000000.0,16660,673249,0
5,10000,2,50000,0.1,0.95,10000.0,0.9,1,direct_cholmod,ok,0.08562749999691732,0.01461895799729973,0.0006062080210540444,0.1008526660152711,0,0,2.061584921848847e-12,549925,1250000,20000000.0,16660,673249,0
5,10000,2,50000,0.1,0.95,10000.0,0.9,1,direct_splu,ok,0.08813612500671297,0.028815833997214213,0.0021578340092673898,0.11910979301319458,0,0,1.4212269368212909e-12,549925,1250000,20000000.0,16660,1440075,0
5,10000,2,50000,0.1,0.95,10000.0,0.9,1,pcg_time_avg_chol_explicit_avgK,ok,0.08753837499534711,0.016073749982751906,0.05412741701002233,0.15773954198812135,32,0,9.672296981482451e-09,549925,1250000,20000000.0,16660,673249,0
5,10000,2,50000,0.1,0.95,10000.0,0.9,1,pcg_time_avg_chol_frozen_amortized_50,derived_best_case,0.0017507674999069423,0.00032147499965503814,0.05412741701002233,0.056199659509584304,32,0,9.672296981482451e-09,549925,1250000,20000000.0,16660,673249,0
5,10000,2,50000,0.1,0.95,10000.0,0.9,7,direct_cholmod,ok,0.08453666599234566,0.014976958016632125,0.0006144170183688402,0.10012804102734663,0,0,6.577833712237694e-13,549925,1250000,20000000.0,16660,673249,0
5,10000,2,50000,0.1,0.95,10000.0,0.9,7,direct_splu,ok,0.0847190420026891,0.027784708014223725,0.002129542001057416,0.11463329201797023,0,0,4.881137278243705e-13,549925,1250000,20000000.0,16660,1440344,0
5,10000,2,50000,0.1,0.95,10000.0,0.9,7,pcg_time_avg_chol_explicit_avgK,ok,0.08752149998326786,0.015070791996549815,0.053807874995982274,0.15640016697579995,30,0,7.333553875717615e-09,549925,1250000,20000000.0,16660,673249,0
5,10000,2,50000,0.1,0.95,10000.0,0.9,7,pcg_time_avg_chol_frozen_amortized_50,derived_best_case,0.0017504299996653572,0.0003014158399309963,0.053807874995982274,0.05585972083557863,30,0,7.333553875717615e-09,549925,1250000,20000000.0,16660,673249,0
5,10000,2,50000,0.3,0.95,10000.0,0.9,0,direct_cholmod,ok,0.08905116698588245,0.015098917006980628,0.0005971249775029719,0.10474720897036605,0,0,1.4512366100157955e-12,549925,1250000,20000000.0,16660,673249,0
5,10000,2,50000,0.3,0.95,10000.0,0.9,0,direct_splu,ok,0.08391237500472926,0.032705499994335696,0.0022225000138860196,0.11884037501295097,0,0,1.10424293623871e-12,549925,1250000,20000000.0,16660,1540845,0
5,10000,2,50000,0.3,0.95,10000.0,0.9,0,pcg_time_avg_chol_explicit_avgK,ok,0.08516787498956546,0.015439625014550984,0.6437298750097398,0.7443373750138562,378,0,9.70690209521371e-09,549925,1250000,20000000.0,16660,673249,0
5,10000,2,50000,0.3,0.95,10000.0,0.9,0,pcg_time_avg_chol_frozen_amortized_50,derived_best_case,0.0017033574997913092,0.00030879250029101967,0.6437298750097398,0.6457420250098221,378,0,9.70690209521371e-09,549925,1250000,20000000.0,16660,673249,0
5,10000,2,50000,0.3,0.95,10000.0,0.9,1,direct_cholmod,ok,0.08666379199712537,0.014843792014289647,0.000607333000516519,0.10211491701193154,0,0,3.6263119191347943e-12,549925,1250000,20000000.0,16660,673249,0
5,10000,2,50000,0.3,0.95,10000.0,0.9,1,direct_splu,ok,0.08533450000686571,0.03422354199574329,0.0025855000130832195,0.12214354201569222,0,0,2.8135691114215758e-12,549925,1250000,20000000.0,16660,1545243,0
5,10000,2,50000,0.3,0.95,10000.0,0.9,1,pcg_time_avg_chol_explicit_avgK,ok,0.08526045799953863,0.014806374994805083,0.6423954580095597,0.7424622910039034,385,0,9.391373931128123e-09,549925,1250000,20000000.0,16660,673249,0
5,10000,2,50000,0.3,0.95,10000.0,0.9,1,pcg_time_avg_chol_frozen_amortized_50,derived_best_case,0.0017052091599907726,0.00029612749989610165,0.6423954580095597,0.6443967946694465,385,0,9.391373931128123e-09,549925,1250000,20000000.0,16660,673249,0
5,10000,2,50000,0.3,0.95,10000.0,0.9,7,direct_cholmod,ok,0.08577916698413901,0.016235959017649293,0.0006004580063745379,0.10261558400816284,0,0,1.2337786342748184e-12,549925,1250000,20000000.0,16660,673249,0
5,10000,2,50000,0.3,0.95,10000.0,0.9,7,direct_splu,ok,0.09169579099398106,0.034244999988004565,0.002651041984790936,0.12859183296677656,0,0,1.0468008850593592e-12,549925,1250000,20000000.0,16660,1564904,0
5,10000,2,50000,0.3,0.95,10000.0,0.9,7,pcg_time_avg_chol_explicit_avgK,ok,0.08725958300055936,0.01491616599378176,0.5706428750127088,0.67281862400705,313,0,9.998011777257682e-09,549925,1250000,20000000.0,16660,673249,0
5,10000,2,50000,0.3,0.95,10000.0,0.9,7,pcg_time_avg_chol_frozen_amortized_50,derived_best_case,0.0017451916600111873,0.0002983233198756352,0.5706428750127088,0.5726863899925957,313,0,9.998011777257682e-09,549925,1250000,20000000.0,16660,673249,0
5,10000,2,50000,0.5,0.95,10000.0,0.9,0,direct_cholmod,ok,0.08326024998677894,0.015301167004508898,0.0006021249864716083,0.09916354197775945,0,0,4.68105597518576e-12,549925,1250000,20000000.0,16660,673249,0
5,10000,2,50000,0.5,0.95,10000.0,0.9,0,direct_splu,ok,0.08382779199746437,0.0405016659933608,0.002525084011722356,0.12685454200254753,0,0,4.117193388083686e-12,549925,1250000,20000000.0,16660,1701555,0
5,10000,2,50000,0.5,0.95,10000.0,0.9,0,pcg_time_avg_chol_explicit_avgK,ok,0.08402870802092366,0.014793790993280709,7.088594584027305,7.18741708304151,4067,0,9.971428862754747e-09,549925,1250000,20000000.0,16660,673249,0
5,10000,2,50000,0.5,0.95,10000.0,0.9,0,pcg_time_avg_chol_frozen_amortized_50,derived_best_case,0.0016805741604184732,0.00029587581986561417,7.088594584027305,7.090571034007589,4067,0,9.971428862754747e-09,549925,1250000,20000000.0,16660,673249,0
5,10000,2,50000,0.5,0.95,10000.0,0.9,1,direct_cholmod,ok,0.08634233300108463,0.015303166990634054,0.0005964159790892154,0.1022419159708079,0,0,2.1040432253099832e-11,549925,1250000,20000000.0,16660,673249,0
5,10000,2,50000,0.5,0.95,10000.0,0.9,1,direct_splu,ok,0.08473270901595242,0.04125499998917803,0.002890500007197261,0.12887820901232772,0,0,1.7455933102092546e-11,549925,1250000,20000000.0,16660,1729388,0
5,10000,2,50000,0.5,0.95,10000.0,0.9,1,pcg_time_avg_chol_explicit_avgK,ok,0.08414720898144878,0.01504462500452064,7.212616499979049,7.311808333965018,4061,0,9.815355379894884e-09,549925,1250000,20000000.0,16660,673249,0
5,10000,2,50000,0.5,0.95,10000.0,0.9,1,pcg_time_avg_chol_frozen_amortized_50,derived_best_case,0.0016829441796289758,0.0003008925000904128,7.212616499979049,7.214600336658768,4061,0,9.815355379894884e-09,549925,1250000,20000000.0,16660,673249,0
5,10000,2,50000,0.5,0.95,10000.0,0.9,7,direct_cholmod,ok,0.08093995798844844,0.015187958983005956,0.0005987499898765236,0.09672666696133092,0,0,5.291209758793175e-12,549925,1250000,20000000.0,16660,673249,0
5,10000,2,50000,0.5,0.95,10000.0,0.9,7,direct_splu,ok,0.08818824999616481,0.040973791998112574,0.002336584002478048,0.13149862599675544,0,0,4.885163216904325e-12,549925,1250000,20000000.0,16660,1732702,0
5,10000,2,50000,0.5,0.95,10000.0,0.9,7,pcg_time_avg_chol_explicit_avgK,ok,0.08592799998586997,0.015103083977010101,5.469703750015469,5.570734833978349,3046,0,9.622149061402647e-09,549925,1250000,20000000.0,16660,673249,0
5,10000,2,50000,0.5,0.95,10000.0,0.9,7,pcg_time_avg_chol_frozen_amortized_50,derived_best_case,0.0017185599997173995,0.000302061679540202,5.469703750015469,5.471724371694727,3046,0,9.622149061402647e-09,549925,1250000,20000000.0,16660,673249,0
5,10000,12,50000,0.1,0.95,10000.0,0.9,0,direct_cholmod,ok,0.2987022080051247,0.09795354199013673,0.0026394999877084047,0.39929524998296984,0,0,5.527412487230022e-13,3048050,6250000,100000000.0,16660,3397750,0
5,10000,12,50000,0.1,0.95,10000.0,0.9,0,direct_splu,ok,0.31972095801029354,0.1656939159729518,0.007279832992935553,0.4926947069761809,0,0,5.71091238075319e-13,3048050,6250000,100000000.0,16660,6549725,0
5,10000,12,50000,0.1,0.95,10000.0,0.9,0,pcg_time_avg_chol_explicit_avgK,ok,0.29982104199007154,0.09996999998111278,0.16664154201862402,0.5664325839898083,32,0,5.4155049907336925e-09,3048050,6250000,100000000.0,16660,3397750,0
5,10000,12,50000,0.1,0.95,10000.0,0.9,0,pcg_time_avg_chol_frozen_amortized_50,derived_best_case,0.00599642083980143,0.0019993999996222554,0.16664154201862402,0.1746373628580477,32,0,5.4155049907336925e-09,3048050,6250000,100000000.0,16660,3397750,0
5,10000,12,50000,0.1,0.95,10000.0,0.9,1,direct_cholmod,ok,0.29869983400567435,0.0972549159778282,0.0021755000052507967,0.39813024998875335,0,0,4.396412531054913e-13,3048050,6250000,100000000.0,16660,3397750,0
5,10000,12,50000,0.1,0.95,10000.0,0.9,1,direct_splu,ok,0.3070427080092486,0.16891541698714718,0.008117249992210418,0.4840753749886062,0,0,4.4121811795381063e-13,3048050,6250000,100000000.0,16660,6549725,0
5,10000,12,50000,0.1,0.95,10000.0,0.9,1,pcg_time_avg_chol_explicit_avgK,ok,0.3043428329983726,0.09638604099745862,0.15917108400026336,0.5598999579960946,31,0,9.730112000863416e-09,3048050,6250000,100000000.0,16660,3397750,0
5,10000,12,50000,0.1,0.95,10000.0,0.9,1,pcg_time_avg_chol_frozen_amortized_50,derived_best_case,0.006086856659967452,0.0019277208199491725,0.15917108400026336,0.16718566148018,31,0,9.730112000863416e-09,3048050,6250000,100000000.0,16660,3397750,0
5,10000,12,50000,0.1,0.95,10000.0,0.9,7,direct_cholmod,ok,0.3011994999833405,0.09696937497938052,0.0021101250022184104,0.40027899996493943,0,0,4.829626224536292e-13,3048050,6250000,100000000.0,16660,3397750,0
5,10000,12,50000,0.1,0.95,10000.0,0.9,7,direct_splu,ok,0.30181004098267294,0.16325941600371152,0.004773249995196238,0.4698427069815807,0,0,5.083553311258878e-13,3048050,6250000,100000000.0,16660,6549725,0
5,10000,12,50000,0.1,0.95,10000.0,0.9,7,pcg_time_avg_chol_explicit_avgK,ok,0.30358187499223277,0.09640487498836592,0.210337458003778,0.6103242079843767,30,0,5.5713992505146525e-09,3048050,6250000,100000000.0,16660,3397750,0
5,10000,12,50000,0.1,0.95,10000.0,0.9,7,pcg_time_avg_chol_frozen_amortized_50,derived_best_case,0.006071637499844656,0.0019280974997673184,0.210337458003778,0.21833719300339,30,0,5.5713992505146525e-09,3048050,6250000,100000000.0,16660,3397750,0
5,10000,12,50000,0.3,0.95,10000.0,0.9,0,direct_cholmod,ok,0.30101233400637284,0.09961462501087226,0.0021422079880721867,0.4027691670053173,0,0,1.1147520058225736e-12,3048050,6250000,100000000.0,16660,3397750,0
5,10000,12,50000,0.3,0.95,10000.0,0.9,0,direct_splu,ok,0.3269289580057375,0.1820410410000477,0.00935350000509061,0.5183234990108758,0,0,1.3194536159942262e-12,3048050,6250000,100000000.0,16660,7065225,0
5,10000,12,50000,0.3,0.95,10000.0,0.9,0,pcg_time_avg_chol_explicit_avgK,ok,0.2990617079776712,0.09632087498903275,1.8249452500022016,2.2203278329689056,361,0,9.54121251150068e-09,3048050,6250000,100000000.0,16660,3397750,0
5,10000,12,50000,0.3,0.95,10000.0,0.9,0,pcg_time_avg_chol_frozen_amortized_50,derived_best_case,0.005981234159553424,0.001926417499780655,1.8249452500022016,1.8328529016615358,361,0,9.54121251150068e-09,3048050,6250000,100000000.0,16660,3397750,0
5,10000,12,50000,0.3,0.95,10000.0,0.9,1,direct_cholmod,ok,0.2971370419836603,0.09498329099733382,0.0021433339861687273,0.39426366696716286,0,0,8.946864422098178e-13,3048050,6250000,100000000.0,16660,3397750,0
5,10000,12,50000,0.3,0.95,10000.0,0.9,1,direct_splu,ok,0.29713295798865147,0.1798765420098789,0.006137499993201345,0.4831469999917317,0,0,1.1137382230038884e-12,3048050,6250000,100000000.0,16660,7060800,0
5,10000,12,50000,0.3,0.95,10000.0,0.9,1,pcg_time_avg_chol_explicit_avgK,ok,0.3155912910006009,0.09406141698127612,1.7977383329998702,2.207391040981747,357,0,9.236373004939751e-09,3048050,6250000,100000000.0,16660,3397750,0
5,10000,12,50000,0.3,0.95,10000.0,0.9,1,pcg_time_avg_chol_frozen_amortized_50,derived_best_case,0.006311825820012018,0.0018812283396255226,1.7977383329998702,1.8059313871595077,357,0,9.236373004939751e-09,3048050,6250000,100000000.0,16660,3397750,0
5,10000,12,50000,0.3,0.95,10000.0,0.9,7,direct_cholmod,ok,0.302866540994728,0.10114108299603686,0.002219957998022437,0.4062275819887873,0,0,9.115441309000605e-13,3048050,6250000,100000000.0,16660,3397750,0
5,10000,12,50000,0.3,0.95,10000.0,0.9,7,direct_splu,ok,0.30871108299470507,0.18238437501713634,0.0094396669883281,0.5005351250001695,0,0,9.811946440415301e-13,3048050,6250000,100000000.0,16660,7058175,0
5,10000,12,50000,0.3,0.95,10000.0,0.9,7,pcg_time_avg_chol_explicit_avgK,ok,0.3017812500183936,0.11276962500414811,1.5827867909974884,1.9973376660200302,309,0,9.70403514783711e-09,3048050,6250000,100000000.0,16660,3397750,0
5,10000,12,50000,0.3,0.95,10000.0,0.9,7,pcg_time_avg_chol_frozen_amortized_50,derived_best_case,0.006035625000367873,0.002255392500082962,1.5827867909974884,1.5910778084979393,309,0,9.70403514783711e-09,3048050,6250000,100000000.0,16660,3397750,0
5,10000,12,50000,0.5,0.95,10000.0,0.9,0,direct_cholmod,ok,0.29891104201669805,0.09812762498040684,0.0021534170082304627,0.39919208400533535,0,0,4.2600885963649745e-12,3048050,6250000,100000000.0,16660,3397750,0
5,10000,12,50000,0.5,0.95,10000.0,0.9,0,direct_splu,ok,0.30131179199088365,0.22193758300272748,0.009505166992312297,0.5327545419859234,0,0,9.703573937754427e-12,3048050,6250000,100000000.0,16660,8400175,0
5,10000,12,50000,0.5,0.95,10000.0,0.9,0,pcg_time_avg_chol_explicit_avgK,ok,0.3096628749917727,0.09547691600164399,20.363026749982964,20.76816654097638,3944,0,9.218286373540915e-09,3048050,6250000,100000000.0,16660,3397750,0
5,10000,12,50000,0.5,0.95,10000.0,0.9,0,pcg_time_avg_chol_frozen_amortized_50,derived_best_case,0.006193257499835454,0.0019095383200328797,20.363026749982964,20.371129545802834,3944,0,9.218286373540915e-09,3048050,6250000,100000000.0,16660,3397750,0
5,10000,12,50000,0.5,0.95,10000.0,0.9,1,direct_cholmod,ok,0.29850945799262263,0.09575745899928734,0.002115540992235765,0.39638245798414573,0,0,9.376752865247304e-12,3048050,6250000,100000000.0,16660,3397750,0
5,10000,12,50000,0.5,0.95,10000.0,0.9,1,direct_splu,ok,0.2984670829901006,0.22187349997693673,0.005893166002351791,0.5262337489693891,0,0,8.73521193201205e-12,3048050,6250000,100000000.0,16660,8422515,0
5,10000,12,50000,0.5,0.95,10000.0,0.9,1,pcg_time_avg_chol_explicit_avgK,ok,0.3055505000229459,0.09558116699918173,20.742057041992666,21.143188709014794,4036,0,9.831569594274044e-09,3048050,6250000,100000000.0,16660,3397750,0
5,10000,12,50000,0.5,0.95,10000.0,0.9,1,pcg_time_avg_chol_frozen_amortized_50,derived_best_case,0.0061110100004589185,0.0019116233399836347,20.742057041992666,20.750079675333108,4036,0,9.831569594274044e-09,3048050,6250000,100000000.0,16660,3397750,0
5,10000,12,50000,0.5,0.95,10000.0,0.9,7,direct_cholmod,ok,0.3027095829893369,0.09507762501016259,0.002001334010856226,0.39978854201035574,0,0,3.0321292514938e-12,3048050,6250000,100000000.0,16660,3397750,0
5,10000,12,50000,0.5,0.95,10000.0,0.9,7,direct_splu,ok,0.29966758302180097,0.2220835000043735,0.007642083975952119,0.5293931670021266,0,0,4.056119253894397e-12,3048050,6250000,100000000.0,16660,8449510,0
5,10000,12,50000,0.5,0.95,10000.0,0.9,7,pcg_time_avg_chol_explicit_avgK,ok,0.3097485000034794,0.09784620799473487,15.170425624994095,15.57802033299231,2935,0,9.922065203424629e-09,3048050,6250000,100000000.0,16660,3397750,0
5,10000,12,50000,0.5,0.95,10000.0,0.9,7,pcg_time_avg_chol_frozen_amortized_50,derived_best_case,0.006194970000069589,0.0019569241598946974,15.170425624994095,15.178577519154059,2935,0,9.922065203424629e-09,3048050,6250000,100000000.0,16660,3397750,0
5,10000,24,50000,0.1,0.95,10000.0,0.9,0,direct_cholmod,ok,0.868899249995593,0.2858869160118047,0.004656874982174486,1.1594430409895722,0,0,4.2998959613543696e-13,6042500,12250000,196000000.0,16660,6765925,0
5,10000,24,50000,0.1,0.95,10000.0,0.9,0,direct_splu,ok,0.8552575409994461,0.4447145420126617,0.014883666997775435,1.3148557500098832,0,0,5.479866998101047e-13,6042500,12250000,196000000.0,16660,12549425,0
5,10000,24,50000,0.1,0.95,10000.0,0.9,0,pcg_time_avg_chol_explicit_avgK,ok,0.8404642080131453,0.277952375006862,0.34477970900479704,1.4631962920248043,31,0,9.215348435411973e-09,6042500,12250000,196000000.0,16660,6765925,0
5,10000,24,50000,0.1,0.95,10000.0,0.9,0,pcg_time_avg_chol_frozen_amortized_50,derived_best_case,0.016809284160262904,0.00555904750013724,0.34477970900479704,0.3671480406651972,31,0,9.215348435411973e-09,6042500,12250000,196000000.0,16660,6765925,0
5,10000,24,50000,0.1,0.95,10000.0,0.9,1,direct_cholmod,ok,0.8437980829912703,0.2804712500073947,0.004727332998299971,1.128996665996965,0,0,8.400701484405323e-13,6042500,12250000,196000000.0,16660,6765925,0
5,10000,24,50000,0.1,0.95,10000.0,0.9,1,direct_splu,ok,0.8468253329920117,0.4405577919969801,0.014136708021396771,1.3015198330103885,0,0,1.0395246059457024e-12,6042500,12250000,196000000.0,16660,12549425,0
5,10000,24,50000,0.1,0.95,10000.0,0.9,1,pcg_time_avg_chol_explicit_avgK,ok,0.8486197079764679,0.2792042499931995,0.3416057079739403,1.4694296659436077,32,0,7.1096752597195644e-09,6042500,12250000,196000000.0,16660,6765925,0
5,10000,24,50000,0.1,0.95,10000.0,0.9,1,pcg_time_avg_chol_frozen_amortized_50,derived_best_case,0.016972394159529357,0.00558408499986399,0.3416057079739403,0.36416218713333365,32,0,7.1096752597195644e-09,6042500,12250000,196000000.0,16660,6765925,0
5,10000,24,50000,0.1,0.95,10000.0,0.9,7,direct_cholmod,ok,0.8416481250023935,0.28267420901102014,0.004718666983535513,1.1290410009969492,0,0,4.019931881326162e-13,6042500,12250000,196000000.0,16660,6765925,0
5,10000,24,50000,0.1,0.95,10000.0,0.9,7,direct_splu,ok,0.8423150830203667,0.4475942919962108,0.012114625016693026,1.3020240000332706,0,0,5.131106418561014e-13,6042500,12250000,196000000.0,16660,12549425,0
5,10000,24,50000,0.1,0.95,10000.0,0.9,7,pcg_time_avg_chol_explicit_avgK,ok,0.8585275000077672,0.2849270000006072,0.3323010829917621,1.4757555830001365,30,0,6.5379911640544645e-09,6042500,12250000,196000000.0,16660,6765925,0
5,10000,24,50000,0.1,0.95,10000.0,0.9,7,pcg_time_avg_chol_frozen_amortized_50,derived_best_case,0.017170550000155344,0.005698540000012144,0.3323010829917621,0.3551701729919296,30,0,6.5379911640544645e-09,6042500,12250000,196000000.0,16660,6765925,0
5,10000,24,50000,0.3,0.95,10000.0,0.9,0,direct_cholmod,ok,0.8460888330009766,0.2781618330045603,0.0047365840000566095,1.1289872500055935,0,0,8.909913497096388e-13,6042500,12250000,196000000.0,16660,6765925,0
5,10000,24,50000,0.3,0.95,10000.0,0.9,0,direct_splu,ok,0.8495617920125369,0.48508308400050737,0.015740957984235138,1.3503858339972794,0,0,1.378209574504629e-12,6042500,12250000,196000000.0,16660,13501940,0
5,10000,24,50000,0.3,0.95,10000.0,0.9,0,pcg_time_avg_chol_explicit_avgK,ok,0.8464022089901846,0.3442909160221461,3.9018078329972923,5.092500958009623,357,0,9.649612229339725e-09,6042500,12250000,196000000.0,16660,6765925,0
5,10000,24,50000,0.3,0.95,10000.0,0.9,0,pcg_time_avg_chol_frozen_amortized_50,derived_best_case,0.016928044179803692,0.006885818320442922,3.9018078329972923,3.9256216954975387,357,0,9.649612229339725e-09,6042500,12250000,196000000.0,16660,6765925,0
5,10000,24,50000,0.3,0.95,10000.0,0.9,1,direct_cholmod,ok,0.8543082499818411,0.2793523749860469,0.005035125010181218,1.1386957499780692,0,0,1.7073244796852047e-12,6042500,12250000,196000000.0,16660,6765925,0
5,10000,24,50000,0.3,0.95,10000.0,0.9,1,direct_splu,ok,0.8484403329784982,0.4876311249972787,0.0137058749969583,1.3497773329727352,0,0,2.370273305693276e-12,6042500,12250000,196000000.0,16660,13626380,0
5,10000,24,50000,0.3,0.95,10000.0,0.9,1,pcg_time_avg_chol_explicit_avgK,ok,0.845050166011788,0.2816225420101546,3.8543667909980286,4.981039499019971,356,0,9.808075233089724e-09,6042500,12250000,196000000.0,16660,6765925,0
5,10000,24,50000,0.3,0.95,10000.0,0.9,1,pcg_time_avg_chol_frozen_amortized_50,derived_best_case,0.01690100332023576,0.005632450840203092,3.8543667909980286,3.8769002451584673,356,0,9.808075233089724e-09,6042500,12250000,196000000.0,16660,6765925,0
5,10000,24,50000,0.3,0.95,10000.0,0.9,7,direct_cholmod,ok,0.8373599580081645,0.2859431660035625,0.004556667001452297,1.1278597910131793,0,0,7.799567906535808e-13,6042500,12250000,196000000.0,16660,6765925,0
5,10000,24,50000,0.3,0.95,10000.0,0.9,7,direct_splu,ok,0.8418068330211099,0.4743673339835368,0.015468249999685213,1.331642417004332,0,0,1.0811545468395043e-12,6042500,12250000,196000000.0,16660,13315785,0
5,10000,24,50000,0.3,0.95,10000.0,0.9,7,pcg_time_avg_chol_explicit_avgK,ok,0.844349124992732,0.9860141249955632,3.4068788339791354,5.2372420839674305,314,0,9.712617735351767e-09,6042500,12250000,196000000.0,16660,6765925,0
5,10000,24,50000,0.3,0.95,10000.0,0.9,7,pcg_time_avg_chol_frozen_amortized_50,derived_best_case,0.01688698249985464,0.019720282499911264,3.4068788339791354,3.443486098978901,314,0,9.712617735351767e-09,6042500,12250000,196000000.0,16660,6765925,0
5,10000,24,50000,0.5,0.95,10000.0,0.9,0,direct_cholmod,ok,0.842534750001505,0.2847191669861786,0.004658624995499849,1.1319125419831835,0,0,3.972867739904348e-12,6042500,12250000,196000000.0,16660,6765925,0
5,10000,24,50000,0.5,0.95,10000.0,0.9,0,direct_splu,ok,0.8524914160079788,0.6095850839919876,0.017994833004195243,1.4800713330041617,0,0,6.887019176395034e-12,6042500,12250000,196000000.0,16660,16476450,0
5,10000,24,50000,0.5,0.95,10000.0,0.9,0,pcg_time_avg_chol_explicit_avgK,ok,0.8531818330229726,0.2795201670087408,41.940316915977746,43.07301891600946,3850,0,9.572866256882715e-09,6042500,12250000,196000000.0,16660,6765925,0
5,10000,24,50000,0.5,0.95,10000.0,0.9,0,pcg_time_avg_chol_frozen_amortized_50,derived_best_case,0.01706363666045945,0.005590403340174816,41.940316915977746,41.96297095597838,3850,0,9.572866256882715e-09,6042500,12250000,196000000.0,16660,6765925,0
5,10000,24,50000,0.5,0.95,10000.0,0.9,1,direct_cholmod,ok,0.8643579999916255,0.27867733300081454,0.004783457989105955,1.147818790981546,0,0,1.048628493633247e-11,6042500,12250000,196000000.0,16660,6765925,0
5,10000,24,50000,0.5,0.95,10000.0,0.9,1,direct_splu,ok,0.8501269170083106,0.6203112920047715,0.017506416974356398,1.4879446259874385,0,0,1.7095987524412373e-11,6042500,12250000,196000000.0,16660,16864170,0
5,10000,24,50000,0.5,0.95,10000.0,0.9,1,pcg_time_avg_chol_explicit_avgK,ok,0.8480209170083981,0.27953495900146663,43.548004957992816,44.67556083400268,3987,0,9.576777213237367e-09,6042500,12250000,196000000.0,16660,6765925,0
5,10000,24,50000,0.5,0.95,10000.0,0.9,1,pcg_time_avg_chol_frozen_amortized_50,derived_best_case,0.01696041834016796,0.005590699180029333,43.548004957992816,43.57055607551301,3987,0,9.576777213237367e-09,6042500,12250000,196000000.0,16660,6765925,0
5,10000,24,50000,0.5,0.95,10000.0,0.9,7,direct_cholmod,ok,0.8472040420165285,0.28021787499892525,0.004817790992092341,1.1322397080075461,0,0,2.832873133575861e-12,6042500,12250000,196000000.0,16660,6765925,0
5,10000,24,50000,0.5,0.95,10000.0,0.9,7,direct_splu,ok,0.8458129999926314,0.6014737499936018,0.017075334006221965,1.4643620839924552,0,0,4.450732072981102e-12,6042500,12250000,196000000.0,16660,16359285,0
5,10000,24,50000,0.5,0.95,10000.0,0.9,7,pcg_time_avg_chol_explicit_avgK,ok,0.8400266670214478,0.2851611670048442,32.8296594999847,33.95484733401099,2994,0,9.592994291195127e-09,6042500,12250000,196000000.0,16660,6765925,0
5,10000,24,50000,0.5,0.95,10000.0,0.9,7,pcg_time_avg_chol_frozen_amortized_50,derived_best_case,0.016800533340428955,0.005703223340096883,32.8296594999847,32.85216325666523,2994,0,9.592994291195127e-09,6042500,12250000,196000000.0,16660,6765925,0
10,480,2,4800,0.1,0.95,10000.0,0.9,0,direct_cholmod,ok,0.010507041006349027,0.002779083006316796,8.650001836940646e-05,0.01337262403103523,0,0,1.1565609745029998e-12,100500,240000,3840000.0,795,124008,0
10,480,2,4800,0.1,0.95,10000.0,0.9,0,direct_splu,ok,0.009935874986695126,0.004221375013003126,0.00018541599274612963,0.014342665992444381,0,0,7.013549139092523e-13,100500,240000,3840000.0,795,266592,0
10,480,2,4800,0.1,0.95,10000.0,0.9,0,pcg_time_avg_chol_explicit_avgK,ok,0.009977874986361712,0.0027781249955296516,0.004973499977495521,0.017729499959386885,25,0,7.1858177134077875e-09,100500,240000,3840000.0,795,124008,0
10,480,2,4800,0.1,0.95,10000.0,0.9,0,pcg_time_avg_chol_frozen_amortized_50,derived_best_case,0.00019955749972723426,5.556249991059303e-05,0.004973499977495521,0.0052286199771333485,25,0,7.1858177134077875e-09,100500,240000,3840000.0,795,124008,0
10,480,2,4800,0.1,0.95,10000.0,0.9,1,direct_cholmod,ok,0.00916037501883693,0.0027356660284567624,8.245802018791437e-05,0.011978499067481607,0,0,1.741312147499966e-12,100500,240000,3840000.0,795,124008,0
10,480,2,4800,0.1,0.95,10000.0,0.9,1,direct_splu,ok,0.01052170799812302,0.004234958003507927,0.0008149999775923789,0.015571665979223326,0,0,1.0622913453938143e-12,100500,240000,3840000.0,795,266592,0
10,480,2,4800,0.1,0.95,10000.0,0.9,1,pcg_time_avg_chol_explicit_avgK,ok,0.009734124992974102,0.0027418750105425715,0.004251917009241879,0.016727917012758553,22,0,5.869821473139845e-09,100500,240000,3840000.0,795,124008,0
10,480,2,4800,0.1,0.95,10000.0,0.9,1,pcg_time_avg_chol_frozen_amortized_50,derived_best_case,0.00019468249985948204,5.483750021085143e-05,0.004251917009241879,0.004501437009312212,22,0,5.869821473139845e-09,100500,240000,3840000.0,795,124008,0
10,480,2,4800,0.1,0.95,10000.0,0.9,7,direct_cholmod,ok,0.009194709011353552,0.0027931669901590794,8.520798292011023e-05,0.012073083984432742,0,0,7.252180558090725e-13,100500,240000,3840000.0,795,124008,0
10,480,2,4800,0.1,0.95,10000.0,0.9,7,direct_splu,ok,0.009166167001239955,0.004752417007694021,0.0001695409882813692,0.014088124997215346,0,0,5.191390171455188e-13,100500,240000,3840000.0,795,266592,0
10,480,2,4800,0.1,0.95,10000.0,0.9,7,pcg_time_avg_chol_explicit_avgK,ok,0.010023375012679026,0.0040206249977927655,0.010881333000725135,0.024925333011196926,24,0,6.8966294132051715e-09,100500,240000,3840000.0,795,124008,0
10,480,2,4800,0.1,0.95,10000.0,0.9,7,pcg_time_avg_chol_frozen_amortized_50,derived_best_case,0.00020046750025358052,8.041249995585531e-05,0.010881333000725135,0.01116221300093457,24,0,6.8966294132051715e-09,100500,240000,3840000.0,795,124008,0
10,480,2,4800,0.3,0.95,10000.0,0.9,0,direct_cholmod,ok,0.012172082992037758,0.0033077500120270997,0.00010395800927653909,0.015583791013341397,0,0,2.1585266698050143e-12,100500,240000,3840000.0,795,124008,0
10,480,2,4800,0.3,0.95,10000.0,0.9,0,direct_splu,ok,0.009293416980654001,0.005147291987668723,0.001477542013162747,0.01591825098148547,0,0,1.3096058055064748e-12,100500,240000,3840000.0,795,298257,0
10,480,2,4800,0.3,0.95,10000.0,0.9,0,pcg_time_avg_chol_explicit_avgK,ok,0.010376917023677379,0.0027746249979827553,0.03206870798021555,0.045220250001875684,167,0,9.133189579583128e-09,100500,240000,3840000.0,795,124008,0
10,480,2,4800,0.3,0.95,10000.0,0.9,0,pcg_time_avg_chol_frozen_amortized_50,derived_best_case,0.00020753834047354758,5.549249995965511e-05,0.03206870798021555,0.03233173882064875,167,0,9.133189579583128e-09,100500,240000,3840000.0,795,124008,0
10,480,2,4800,0.3,0.95,10000.0,0.9,1,direct_cholmod,ok,0.009332291985629126,0.0027165409992448986,8.845800766721368e-05,0.012137290992541239,0,0,2.4876841828691224e-12,100500,240000,3840000.0,795,124008,0
10,480,2,4800,0.3,0.95,10000.0,0.9,1,direct_splu,ok,0.010225915990304202,0.006182500015711412,0.0002071250055450946,0.01661554101156071,0,0,2.209923168125614e-12,100500,240000,3840000.0,795,293875,0
10,480,2,4800,0.3,0.95,10000.0,0.9,1,pcg_time_avg_chol_explicit_avgK,ok,0.010602333000861108,0.002770291001070291,0.031037209002533928,0.04440983300446533,121,0,9.188854318615682e-09,100500,240000,3840000.0,795,124008,0
10,480,2,4800,0.3,0.95,10000.0,0.9,1,pcg_time_avg_chol_frozen_amortized_50,derived_best_case,0.00021204666001722216,5.5405820021405816e-05,0.031037209002533928,0.031304661482572556,121,0,9.188854318615682e-09,100500,240000,3840000.0,795,124008,0
10,480,2,4800,0.3,0.95,10000.0,0.9,7,direct_cholmod,ok,0.009236875019269064,0.002802542003337294,9.370801853947341e-05,0.012133125041145831,0,0,1.2158579029961647e-12,100500,240000,3840000.0,795,124008,0
10,480,2,4800,0.3,0.95,10000.0,0.9,7,direct_splu,ok,0.009139625006355345,0.005137208005180582,0.0007567909779027104,0.015033623989438638,0,0,1.0615574146468662e-12,100500,240000,3840000.0,795,301840,0
10,480,2,4800,0.3,0.95,10000.0,0.9,7,pcg_time_avg_chol_explicit_avgK,ok,0.009842957981163636,0.002771875006146729,0.0481926670181565,0.060807500005466864,160,0,9.228226009336754e-09,100500,240000,3840000.0,795,124008,0
10,480,2,4800,0.3,0.95,10000.0,0.9,7,pcg_time_avg_chol_frozen_amortized_50,derived_best_case,0.0001968591596232727,5.543750012293458e-05,0.0481926670181565,0.04844496367790271,160,0,9.228226009336754e-09,100500,240000,3840000.0,795,124008,0
10,480,2,4800,0.5,0.95,10000.0,0.9,0,direct_cholmod,ok,0.009681374998763204,0.0027811250183731318,9.479199070483446e-05,0.01255729200784117,0,0,1.5458176302106026e-11,100500,240000,3840000.0,795,124008,0
10,480,2,4800,0.5,0.95,10000.0,0.9,0,direct_splu,ok,0.009232165990397334,0.005899999989196658,0.0011803749948740005,0.016312540974467993,0,0,6.5525290937913605e-12,100500,240000,3840000.0,795,332292,0
10,480,2,4800,0.5,0.95,10000.0,0.9,0,pcg_time_avg_chol_explicit_avgK,ok,0.01056862500263378,0.0028130410064477473,0.24383170800865628,0.2572133740177378,955,0,9.337664566001407e-09,100500,240000,3840000.0,795,124008,0
10,480,2,4800,0.5,0.95,10000.0,0.9,0,pcg_time_avg_chol_frozen_amortized_50,derived_best_case,0.0002113725000526756,5.626082012895495e-05,0.24383170800865628,0.2440993413288379,955,0,9.337664566001407e-09,100500,240000,3840000.0,795,124008,0
10,480,2,4800,0.5,0.95,10000.0,0.9,1,direct_cholmod,ok,0.009947374986950308,0.0028683330165222287,9.445799514651299e-05,0.01291016599861905,0,0,5.5813294959920726e-12,100500,240000,3840000.0,795,124008,0
10,480,2,4800,0.5,0.95,10000.0,0.9,1,direct_splu,ok,0.009383041004184633,0.00584029100718908,0.0002357079938519746,0.015459040005225688,0,0,7.624238937320584e-12,100500,240000,3840000.0,795,330670,0
10,480,2,4800,0.5,0.95,10000.0,0.9,1,pcg_time_avg_chol_explicit_avgK,ok,0.011978083988651633,0.003501708008116111,0.229249958996661,0.24472975099342875,634,0,9.090772842107995e-09,100500,240000,3840000.0,795,124008,0
10,480,2,4800,0.5,0.95,10000.0,0.9,1,pcg_time_avg_chol_frozen_amortized_50,derived_best_case,0.00023956167977303266,7.003416016232222e-05,0.229249958996661,0.22955955483659637,634,0,9.090772842107995e-09,100500,240000,3840000.0,795,124008,0
10,480,2,4800,0.5,0.95,10000.0,0.9,7,direct_cholmod,ok,0.009362916985992342,0.0027680839993990958,8.325002272613347e-05,0.012214251008117571,0,0,3.5959023137869603e-12,100500,240000,3840000.0,795,124008,0
10,480,2,4800,0.5,0.95,10000.0,0.9,7,direct_splu,ok,0.009697500005131587,0.006024709000485018,0.00022929199622012675,0.015951501001836732,0,0,4.3834295478939806e-12,100500,240000,3840000.0,795,335207,0
10,480,2,4800,0.5,0.95,10000.0,0.9,7,pcg_time_avg_chol_explicit_avgK,ok,0.010783999983686954,0.002738500013947487,0.30646041699219495,0.3199829169898294,997,0,8.864709567125523e-09,100500,240000,3840000.0,795,124008,0
10,480,2,4800,0.5,0.95,10000.0,0.9,7,pcg_time_avg_chol_frozen_amortized_50,derived_best_case,0.00021567999967373909,5.4770000278949734e-05,0.30646041699219495,0.30673086699214763,997,0,8.864709567125523e-09,100500,240000,3840000.0,795,124008,0
10,480,12,4800,0.1,0.95,10000.0,0.9,0,direct_cholmod,ok,0.08731766699929722,0.03158874998916872,0.0006124170031398535,0.11951883399160579,0,0,5.408572743182172e-13,573000,1200000,19200000.0,795,641500,0
10,480,12,4800,0.1,0.95,10000.0,0.9,0,direct_splu,ok,0.08309366699540988,0.03123320802114904,0.0006298749940469861,0.1149567500106059,0,0,5.316936088583571e-13,573000,1200000,19200000.0,795,1253690,0
10,480,12,4800,0.1,0.95,10000.0,0.9,0,pcg_time_avg_chol_explicit_avgK,ok,0.08277416601777077,0.031406583002535626,0.024406791024375707,0.1385875400446821,24,0,6.156200343398349e-09,573000,1200000,19200000.0,795,641500,0
10,480,12,4800,0.1,0.95,10000.0,0.9,0,pcg_time_avg_chol_frozen_amortized_50,derived_best_case,0.0016554833203554153,0.0006281316600507125,0.024406791024375707,0.026690406004781835,24,0,6.156200343398349e-09,573000,1200000,19200000.0,795,641500,0
10,480,12,4800,0.1,0.95,10000.0,0.9,1,direct_cholmod,ok,0.08527245800360106,0.03034354097326286,0.001313957996899262,0.11692995697376318,0,0,5.237233686041635e-13,573000,1200000,19200000.0,795,641500,0
10,480,12,4800,0.1,0.95,10000.0,0.9,1,direct_splu,ok,0.08397166698705405,0.031658624997362494,0.0015185829834081233,0.11714887496782467,0,0,5.414823139241819e-13,573000,1200000,19200000.0,795,1253690,0
10,480,12,4800,0.1,0.95,10000.0,0.9,1,pcg_time_avg_chol_explicit_avgK,ok,0.08399058299255557,0.03147116699256003,0.022969959012698382,0.13843170899781398,22,0,4.505918347072347e-09,573000,1200000,19200000.0,795,641500,0
10,480,12,4800,0.1,0.95,10000.0,0.9,1,pcg_time_avg_chol_frozen_amortized_50,derived_best_case,0.0016798116598511115,0.0006294233398512006,0.022969959012698382,0.025279194012400693,22,0,4.505918347072347e-09,573000,1200000,19200000.0,795,641500,0
10,480,12,4800,0.1,0.95,10000.0,0.9,7,direct_cholmod,ok,0.08842954199644737,0.03164195900899358,0.0005191670206841081,0.12059066802612506,0,0,4.2229759053774234e-13,573000,1200000,19200000.0,795,641500,0
10,480,12,4800,0.1,0.95,10000.0,0.9,7,direct_splu,ok,0.08528500000829808,0.031183208018774167,0.002004249981837347,0.1184724580089096,0,0,4.478628235324413e-13,573000,1200000,19200000.0,795,1253690,0
10,480,12,4800,0.1,0.95,10000.0,0.9,7,pcg_time_avg_chol_explicit_avgK,ok,0.08511779201216996,0.030759874993236735,0.022208582988241687,0.13808624999364838,25,0,4.624700340388305e-09,573000,1200000,19200000.0,795,641500,0
10,480,12,4800,0.1,0.95,10000.0,0.9,7,pcg_time_avg_chol_frozen_amortized_50,derived_best_case,0.0017023558402433992,0.0006151974998647347,0.022208582988241687,0.02452613632834982,25,0,4.624700340388305e-09,573000,1200000,19200000.0,795,641500,0
10,480,12,4800,0.3,0.95,10000.0,0.9,0,direct_cholmod,ok,0.08295599999837577,0.030083749996265396,0.00031604201649315655,0.11335579201113433,0,0,9.53962608722091e-13,573000,1200000,19200000.0,795,641500,0
10,480,12,4800,0.3,0.95,10000.0,0.9,0,direct_splu,ok,0.0833416249952279,0.033522042009280995,0.0014703749911859632,0.11833404199569486,0,0,9.26492002670432e-13,573000,1200000,19200000.0,795,1330570,0
10,480,12,4800,0.3,0.95,10000.0,0.9,0,pcg_time_avg_chol_explicit_avgK,ok,0.0824674169998616,0.031937249994371086,0.17697491601575166,0.29137958300998434,165,0,8.882779649344588e-09,573000,1200000,19200000.0,795,641500,0
10,480,12,4800,0.3,0.95,10000.0,0.9,0,pcg_time_avg_chol_frozen_amortized_50,derived_best_case,0.0016493483399972319,0.0006387449998874217,0.17697491601575166,0.17926300935563633,165,0,8.882779649344588e-09,573000,1200000,19200000.0,795,641500,0
10,480,12,4800,0.3,0.95,10000.0,0.9,1,direct_cholmod,ok,0.08338179098791443,0.028388625010848045,0.00031575001776218414,0.11208616601652466,0,0,9.5703351481366e-13,573000,1200000,19200000.0,795,641500,0
10,480,12,4800,0.3,0.95,10000.0,0.9,1,direct_splu,ok,0.08464004198322073,0.034228333010105416,0.0005726660019718111,0.11944104099529795,0,0,1.0044072374132125e-12,573000,1200000,19200000.0,795,1304130,0
10,480,12,4800,0.3,0.95,10000.0,0.9,1,pcg_time_avg_chol_explicit_avgK,ok,0.08525874998304062,0.03012733400100842,0.12230591700063087,0.2376920009846799,124,0,8.81442380889512e-09,573000,1200000,19200000.0,795,641500,0
10,480,12,4800,0.3,0.95,10000.0,0.9,1,pcg_time_avg_chol_frozen_amortized_50,derived_best_case,0.0017051749996608123,0.0006025466800201685,0.12230591700063087,0.12461363868031185,124,0,8.81442380889512e-09,573000,1200000,19200000.0,795,641500,0
10,480,12,4800,0.3,0.95,10000.0,0.9,7,direct_cholmod,ok,0.08285341699956916,0.029200167016824707,0.0015704160032328218,0.11362400001962669,0,0,7.877029214017107e-13,573000,1200000,19200000.0,795,641500,0
10,480,12,4800,0.3,0.95,10000.0,0.9,7,direct_splu,ok,0.08632066598511301,0.03404837500420399,0.001246291009010747,0.12161533199832775,0,0,7.70334481483175e-13,573000,1200000,19200000.0,795,1345390,0
10,480,12,4800,0.3,0.95,10000.0,0.9,7,pcg_time_avg_chol_explicit_avgK,ok,0.08680166600970551,0.03024645897676237,0.15471912498469464,0.27176724997116253,168,0,8.625692249755701e-09,573000,1200000,19200000.0,795,641500,0
10,480,12,4800,0.3,0.95,10000.0,0.9,7,pcg_time_avg_chol_frozen_amortized_50,derived_best_case,0.0017360333201941103,0.0006049291795352474,0.15471912498469464,0.15706008748442402,168,0,8.625692249755701e-09,573000,1200000,19200000.0,795,641500,0
10,480,12,4800,0.5,0.95,10000.0,0.9,0,direct_cholmod,ok,0.08648395800264552,0.03108995800721459,0.0010849999962374568,0.11865891600609757,0,0,3.0057866345928062e-12,573000,1200000,19200000.0,795,641500,0
10,480,12,4800,0.5,0.95,10000.0,0.9,0,direct_splu,ok,0.08575100000598468,0.04520916601177305,0.0007354160188697278,0.13169558203662746,0,0,5.749449174113153e-12,573000,1200000,19200000.0,795,1667370,0
10,480,12,4800,0.5,0.95,10000.0,0.9,0,pcg_time_avg_chol_explicit_avgK,ok,0.08338991701020859,0.03017600000021048,0.92839670801186,1.041962625022279,925,0,9.065872604284917e-09,573000,1200000,19200000.0,795,641500,0
10,480,12,4800,0.5,0.95,10000.0,0.9,0,pcg_time_avg_chol_frozen_amortized_50,derived_best_case,0.0016677983402041718,0.0006035200000042096,0.92839670801186,0.9306680263520684,925,0,9.065872604284917e-09,573000,1200000,19200000.0,795,641500,0
10,480,12,4800,0.5,0.95,10000.0,0.9,1,direct_cholmod,ok,0.08422700001392514,0.030980749987065792,0.00032449999707750976,0.11553224999806844,0,0,2.5320974091124763e-12,573000,1200000,19200000.0,795,641500,0
10,480,12,4800,0.5,0.95,10000.0,0.9,1,direct_splu,ok,0.08287483299500309,0.04527808300917968,0.0007314159884117544,0.12888433199259453,0,0,6.5832927638325454e-12,573000,1200000,19200000.0,795,1681130,0
10,480,12,4800,0.5,0.95,10000.0,0.9,1,pcg_time_avg_chol_explicit_avgK,ok,0.0860217500012368,0.030081375007284805,0.6518610409984831,0.7679641660070047,646,0,9.365091281375196e-09,573000,1200000,19200000.0,795,641500,0
10,480,12,4800,0.5,0.95,10000.0,0.9,1,pcg_time_avg_chol_frozen_amortized_50,derived_best_case,0.0017204350000247358,0.0006016275001456961,0.6518610409984831,0.6541831034986535,646,0,9.365091281375196e-09,573000,1200000,19200000.0,795,641500,0
10,480,12,4800,0.5,0.95,10000.0,0.9,7,direct_cholmod,ok,0.08339120799791999,0.029011249978793785,0.0012709579896181822,0.11367341596633196,0,0,3.155573777004925e-12,573000,1200000,19200000.0,795,641500,0
10,480,12,4800,0.5,0.95,10000.0,0.9,7,direct_splu,ok,0.08373874999233522,0.044841499999165535,0.0021945000044070184,0.13077474999590777,0,0,6.675652143166872e-12,573000,1200000,19200000.0,795,1674530,0
10,480,12,4800,0.5,0.95,10000.0,0.9,7,pcg_time_avg_chol_explicit_avgK,ok,0.08645212498959154,0.03539633401669562,1.144991792010842,1.266840251017129,1197,0,9.131505179199873e-09,573000,1200000,19200000.0,795,641500,0
10,480,12,4800,0.5,0.95,10000.0,0.9,7,pcg_time_avg_chol_frozen_amortized_50,derived_best_case,0.0017290424997918308,0.0007079266803339124,1.144991792010842,1.1474287611909677,1197,0,9.131505179199873e-09,573000,1200000,19200000.0,795,641500,0
10,480,24,4800,0.1,0.95,10000.0,0.9,0,direct_cholmod,ok,0.24908758400124498,0.04896066599758342,0.0018907090125139803,0.2999389590113424,0,0,5.086527435351622e-13,1126800,2352000,37632000.0,795,1217700,0
10,480,24,4800,0.1,0.95,10000.0,0.9,0,direct_splu,ok,0.24944387501454912,0.09059504099423066,0.0009562089981045574,0.34099512500688434,0,0,5.006977325867061e-13,1126800,2352000,37632000.0,795,2406290,0
10,480,24,4800,0.1,0.95,10000.0,0.9,0,pcg_time_avg_chol_explicit_avgK,ok,0.24889379198430106,0.047469999990426004,0.044554624997545034,0.3409184169722721,22,0,4.59007061090392e-09,1126800,2352000,37632000.0,795,1217700,0
10,480,24,4800,0.1,0.95,10000.0,0.9,0,pcg_time_avg_chol_frozen_amortized_50,derived_best_case,0.004977875839686021,0.0009493999998085201,0.044554624997545034,0.05048190083703957,22,0,4.59007061090392e-09,1126800,2352000,37632000.0,795,1217700,0
10,480,24,4800,0.1,0.95,10000.0,0.9,1,direct_cholmod,ok,0.25237283398746513,0.04737512499559671,0.0014850420120637864,0.3012330009951256,0,0,5.891109886583761e-13,1126800,2352000,37632000.0,795,1217700,0
10,480,24,4800,0.1,0.95,10000.0,0.9,1,direct_splu,ok,0.24878658397938125,0.090456957987044,0.0023704580089543015,0.34161399997537956,0,0,6.523048359121815e-13,1126800,2352000,37632000.0,795,2406290,0
10,480,24,4800,0.1,0.95,10000.0,0.9,1,pcg_time_avg_chol_explicit_avgK,ok,0.24957462499151006,0.04858729097759351,0.05475658300565556,0.35291849897475913,26,0,4.996456263284185e-09,1126800,2352000,37632000.0,795,1217700,0
10,480,24,4800,0.1,0.95,10000.0,0.9,1,pcg_time_avg_chol_frozen_amortized_50,derived_best_case,0.004991492499830202,0.0009717458195518703,0.05475658300565556,0.06071982132503763,26,0,4.996456263284185e-09,1126800,2352000,37632000.0,795,1217700,0
10,480,24,4800,0.1,0.95,10000.0,0.9,7,direct_cholmod,ok,0.2520029580045957,0.047331207984825596,0.001943040988408029,0.30127720697782934,0,0,4.046794970977836e-13,1126800,2352000,37632000.0,795,1217700,0
10,480,24,4800,0.1,0.95,10000.0,0.9,7,direct_splu,ok,0.2486252090020571,0.09029345799353905,0.0023372079886030406,0.3412558749841992,0,0,4.0696456133622713e-13,1126800,2352000,37632000.0,795,2406290,0
10,480,24,4800,0.1,0.95,10000.0,0.9,7,pcg_time_avg_chol_explicit_avgK,ok,0.2725614169903565,0.048759042023448274,0.045115666987840086,0.3664361260016449,26,0,5.94181635679134e-09,1126800,2352000,37632000.0,795,1217700,0
10,480,24,4800,0.1,0.95,10000.0,0.9,7,pcg_time_avg_chol_frozen_amortized_50,derived_best_case,0.00545122833980713,0.0009751808404689654,0.045115666987840086,0.05154207616811618,26,0,5.94181635679134e-09,1126800,2352000,37632000.0,795,1217700,0
10,480,24,4800,0.3,0.95,10000.0,0.9,0,direct_cholmod,ok,0.24702662497293204,0.047445292002521455,0.000949042005231604,0.2954209589806851,0,0,1.207742838889352e-12,1126800,2352000,37632000.0,795,1217700,0
10,480,24,4800,0.3,0.95,10000.0,0.9,0,direct_splu,ok,0.24910379099310376,0.09663825001916848,0.002340500010177493,0.34808254102244973,0,0,1.2657860211110775e-12,1126800,2352000,37632000.0,795,2493500,0
10,480,24,4800,0.3,0.95,10000.0,0.9,0,pcg_time_avg_chol_explicit_avgK,ok,0.24730612497660331,0.04930375001276843,0.24345308399642818,0.5400629589857999,124,0,8.838557313167294e-09,1126800,2352000,37632000.0,795,1217700,0
10,480,24,4800,0.3,0.95,10000.0,0.9,0,pcg_time_avg_chol_frozen_amortized_50,derived_best_case,0.004946122499532067,0.0009860750002553687,0.24345308399642818,0.2493852814962156,124,0,8.838557313167294e-09,1126800,2352000,37632000.0,795,1217700,0
10,480,24,4800,0.3,0.95,10000.0,0.9,1,direct_cholmod,ok,0.24587899999460205,0.052035250002518296,0.0006524159980472177,0.29856666599516757,0,0,1.1422468344126058e-12,1126800,2352000,37632000.0,795,1217700,0
10,480,24,4800,0.3,0.95,10000.0,0.9,1,direct_splu,ok,0.24828329202136956,0.0993884580093436,0.002441874996293336,0.3501136250270065,0,0,1.5963149646136518e-12,1126800,2352000,37632000.0,795,2565340,0
10,480,24,4800,0.3,0.95,10000.0,0.9,1,pcg_time_avg_chol_explicit_avgK,ok,0.24726470798486844,0.049432583997258916,0.3004019159998279,0.5970992079819553,168,0,7.589801238233345e-09,1126800,2352000,37632000.0,795,1217700,0
10,480,24,4800,0.3,0.95,10000.0,0.9,1,pcg_time_avg_chol_frozen_amortized_50,derived_best_case,0.004945294159697368,0.0009886516799451784,0.3004019159998279,0.3063358618394705,168,0,7.589801238233345e-09,1126800,2352000,37632000.0,795,1217700,0
10,480,24,4800,0.3,0.95,10000.0,0.9,7,direct_cholmod,ok,0.24676266699680127,0.04723500000545755,0.0017485000134911388,0.29574616701574996,0,0,6.456664038748294e-13,1126800,2352000,37632000.0,795,1217700,0
10,480,24,4800,0.3,0.95,10000.0,0.9,7,direct_splu,ok,0.2468522919807583,0.10429758401005529,0.002434207999613136,0.35358408399042673,0,0,7.698321210613487e-13,1126800,2352000,37632000.0,795,2653110,0
10,480,24,4800,0.3,0.95,10000.0,0.9,7,pcg_time_avg_chol_explicit_avgK,ok,0.2502265830116812,0.04812600000877865,0.3905177909764461,0.688870373996906,207,0,9.871796046030477e-09,1126800,2352000,37632000.0,795,1217700,0
10,480,24,4800,0.3,0.95,10000.0,0.9,7,pcg_time_avg_chol_frozen_amortized_50,derived_best_case,0.005004531660233624,0.0009625200001755729,0.3905177909764461,0.3964848426368553,207,0,9.871796046030477e-09,1126800,2352000,37632000.0,795,1217700,0
10,480,24,4800,0.5,0.95,10000.0,0.9,0,direct_cholmod,ok,0.24981300000217743,0.04698829201515764,0.0016325000033248216,0.2984337920206599,0,0,4.456709891619931e-12,1126800,2352000,37632000.0,795,1217700,0
10,480,24,4800,0.5,0.95,10000.0,0.9,0,direct_splu,ok,0.24865012502414174,0.13879958298639394,0.0017234169936273247,0.389173125004163,0,0,6.8640328591972405e-12,1126800,2352000,37632000.0,795,3269510,0
10,480,24,4800,0.5,0.95,10000.0,0.9,0,pcg_time_avg_chol_explicit_avgK,ok,0.2523234589898493,0.0457154169853311,1.248575500008883,1.5466143759840634,656,0,9.161673597704828e-09,1126800,2352000,37632000.0,795,1217700,0
10,480,24,4800,0.5,0.95,10000.0,0.9,0,pcg_time_avg_chol_frozen_amortized_50,derived_best_case,0.005046469179796986,0.0009143083397066221,1.248575500008883,1.2545362775283866,656,0,9.161673597704828e-09,1126800,2352000,37632000.0,795,1217700,0
10,480,24,4800,0.5,0.95,10000.0,0.9,1,direct_cholmod,ok,0.24848633399233222,0.0540890000120271,0.001818124990677461,0.3043934589950368,0,0,2.9816448306618737e-12,1126800,2352000,37632000.0,795,1217700,0
10,480,24,4800,0.5,0.95,10000.0,0.9,1,direct_splu,ok,0.2534811660007108,0.14025241701165214,0.0012769160093739629,0.3950104990217369,0,0,9.343405693054845e-12,1126800,2352000,37632000.0,795,3262610,0
10,480,24,4800,0.5,0.95,10000.0,0.9,1,pcg_time_avg_chol_explicit_avgK,ok,0.24666895798873156,0.04972891599754803,1.9533455420169048,2.2497434160031844,1113,0,9.748271441515622e-09,1126800,2352000,37632000.0,795,1217700,0
10,480,24,4800,0.5,0.95,10000.0,0.9,1,pcg_time_avg_chol_frozen_amortized_50,derived_best_case,0.004933379159774631,0.0009945783199509606,1.9533455420169048,1.9592734994966303,1113,0,9.748271441515622e-09,1126800,2352000,37632000.0,795,1217700,0
10,480,24,4800,0.5,0.95,10000.0,0.9,7,direct_cholmod,ok,0.24997920900932513,0.04863254199153744,0.0015689579886384308,0.300180708989501,0,0,2.600327452599987e-12,1126800,2352000,37632000.0,795,1217700,0
10,480,24,4800,0.5,0.95,10000.0,0.9,7,direct_splu,ok,0.27123104201746173,0.13961441701394506,0.002907832997152582,0.41375329202855937,0,0,5.472609542013228e-12,1126800,2352000,37632000.0,795,3238920,0
10,480,24,4800,0.5,0.95,10000.0,0.9,7,pcg_time_avg_chol_explicit_avgK,ok,0.2468536249944009,0.05035591701744124,3.0481886669876985,3.3453982089995407,1561,0,8.934760361884596e-09,1126800,2352000,37632000.0,795,1217700,0
10,480,24,4800,0.5,0.95,10000.0,0.9,7,pcg_time_avg_chol_frozen_amortized_50,derived_best_case,0.004937072499888018,0.0010071183403488248,3.0481886669876985,3.0541328578279354,1561,0,8.934760361884596e-09,1126800,2352000,37632000.0,795,1217700,0
10,1920,2,19200,0.1,0.95,10000.0,0.9,0,direct_cholmod,ok,0.03829845800646581,0.01240029200562276,0.00035879199276678264,0.05105754200485535,0,0,1.2397972548743696e-12,402900,960000,15360000.0,3195,496968,0
10,1920,2,19200,0.1,0.95,10000.0,0.9,0,direct_splu,ok,0.04001120800967328,0.017909750022226945,0.0008297500025946647,0.05875070803449489,0,0,8.012303050966301e-13,402900,960000,15360000.0,3195,1064352,0
10,1920,2,19200,0.1,0.95,10000.0,0.9,0,pcg_time_avg_chol_explicit_avgK,ok,0.03827545899548568,0.011725916992872953,0.03989479198935442,0.08989616797771305,29,0,6.503315941156607e-09,402900,960000,15360000.0,3195,496968,0
10,1920,2,19200,0.1,0.95,10000.0,0.9,0,pcg_time_avg_chol_frozen_amortized_50,derived_best_case,0.0007655091799097136,0.00023451833985745906,0.03989479198935442,0.04089481950912159,29,0,6.503315941156607e-09,402900,960000,15360000.0,3195,496968,0
10,1920,2,19200,0.1,0.95,10000.0,0.9,1,direct_cholmod,ok,0.039033332985127345,0.013294333009980619,0.0003340419789310545,0.05266170797403902,0,0,1.5368166129107685e-12,402900,960000,15360000.0,3195,496968,0
10,1920,2,19200,0.1,0.95,10000.0,0.9,1,direct_splu,ok,0.038242458016611636,0.017532416008180007,0.0007978749927133322,0.056572749017504975,0,0,1.0513781547927916e-12,402900,960000,15360000.0,3195,1064874,0
10,1920,2,19200,0.1,0.95,10000.0,0.9,1,pcg_time_avg_chol_explicit_avgK,ok,0.041972249979153275,0.011836707999464124,0.03697491699131206,0.09078387496992946,27,0,9.447215561670045e-09,402900,960000,15360000.0,3195,496968,0
10,1920,2,19200,0.1,0.95,10000.0,0.9,1,pcg_time_avg_chol_frozen_amortized_50,derived_best_case,0.0008394449995830655,0.00023673415998928248,0.03697491699131206,0.0380510961508844,27,0,9.447215561670045e-09,402900,960000,15360000.0,3195,496968,0
10,1920,2,19200,0.1,0.95,10000.0,0.9,7,direct_cholmod,ok,0.037628334015607834,0.012108791008358821,0.00036008298047818244,0.05009720800444484,0,0,7.376651492985564e-13,402900,960000,15360000.0,3195,496968,0
10,1920,2,19200,0.1,0.95,10000.0,0.9,7,direct_splu,ok,0.03867083298973739,0.017779417015844956,0.0007336249982472509,0.0571838750038296,0,0,4.89555862415272e-13,402900,960000,15360000.0,3195,1064352,0
10,1920,2,19200,0.1,0.95,10000.0,0.9,7,pcg_time_avg_chol_explicit_avgK,ok,0.04001679198700003,0.011985459015704691,0.036939083016477525,0.08894133401918225,29,0,9.984787789649482e-09,402900,960000,15360000.0,3195,496968,0
10,1920,2,19200,0.1,0.95,10000.0,0.9,7,pcg_time_avg_chol_frozen_amortized_50,derived_best_case,0.0008003358397400006,0.00023970918031409382,0.036939083016477525,0.03797912803653162,29,0,9.984787789649482e-09,402900,960000,15360000.0,3195,496968,0
10,1920,2,19200,0.3,0.95,10000.0,0.9,0,direct_cholmod,ok,0.04192891699494794,0.013215290993684903,0.0014520830009132624,0.056596290989546105,0,0,2.3522813660423458e-12,402900,960000,15360000.0,3195,496968,0
10,1920,2,19200,0.3,0.95,10000.0,0.9,0,direct_splu,ok,0.03947158399387263,0.02272887498838827,0.0008337920007761568,0.06303425098303705,0,0,1.8156658648920528e-12,402900,960000,15360000.0,3195,1206326,0
10,1920,2,19200,0.3,0.95,10000.0,0.9,0,pcg_time_avg_chol_explicit_avgK,ok,0.040358083992032334,0.013437290996080264,0.2949041250103619,0.3486994999984745,241,0,9.154244089865311e-09,402900,960000,15360000.0,3195,496968,0
10,1920,2,19200,0.3,0.95,10000.0,0.9,0,pcg_time_avg_chol_frozen_amortized_50,derived_best_case,0.0008071616798406467,0.0002687458199216053,0.2949041250103619,0.29598003251012417,241,0,9.154244089865311e-09,402900,960000,15360000.0,3195,496968,0
10,1920,2,19200,0.3,0.95,10000.0,0.9,1,direct_cholmod,ok,0.0399109169957228,0.011726625001756474,0.0003277500218246132,0.05196529201930389,0,0,2.448030363868228e-12,402900,960000,15360000.0,3195,496968,0
10,1920,2,19200,0.3,0.95,10000.0,0.9,1,direct_splu,ok,0.04463754201424308,0.022638124995864928,0.0009078749862965196,0.06818354199640453,0,0,2.4920398091019964e-12,402900,960000,15360000.0,3195,1197463,0
10,1920,2,19200,0.3,0.95,10000.0,0.9,1,pcg_time_avg_chol_explicit_avgK,ok,0.0396431660046801,0.011823667009593919,0.3014999579754658,0.3529667909897398,226,0,9.734853548957398e-09,402900,960000,15360000.0,3195,496968,0
10,1920,2,19200,0.3,0.95,10000.0,0.9,1,pcg_time_avg_chol_frozen_amortized_50,derived_best_case,0.0007928633200936019,0.00023647334019187837,0.3014999579754658,0.3025292946357513,226,0,9.734853548957398e-09,402900,960000,15360000.0,3195,496968,0
10,1920,2,19200,0.3,0.95,10000.0,0.9,7,direct_cholmod,ok,0.03861695801606402,0.012362792011117563,0.0003512919938657433,0.051331042021047324,0,0,1.3294622500772632e-12,402900,960000,15360000.0,3195,496968,0
10,1920,2,19200,0.3,0.95,10000.0,0.9,7,direct_splu,ok,0.03824595801415853,0.021502459014300257,0.0008229170052800328,0.06057133403373882,0,0,1.2059376655716868e-12,402900,960000,15360000.0,3195,1204020,0
10,1920,2,19200,0.3,0.95,10000.0,0.9,7,pcg_time_avg_chol_explicit_avgK,ok,0.0385477080126293,0.011946499987971038,0.37536779200308956,0.4258620000036899,289,0,9.893814582846679e-09,402900,960000,15360000.0,3195,496968,0
10,1920,2,19200,0.3,0.95,10000.0,0.9,7,pcg_time_avg_chol_frozen_amortized_50,derived_best_case,0.000770954160252586,0.00023892999975942076,0.37536779200308956,0.3763776761631016,289,0,9.893814582846679e-09,402900,960000,15360000.0,3195,496968,0
10,1920,2,19200,0.5,0.95,10000.0,0.9,0,direct_cholmod,ok,0.03786095799296163,0.012364624999463558,0.0003495419805403799,0.05057512497296557,0,0,9.611580573679943e-12,402900,960000,15360000.0,3195,496968,0
10,1920,2,19200,0.5,0.95,10000.0,0.9,0,direct_splu,ok,0.039536291995318606,0.025295125000411645,0.0009717079810798168,0.06580312497681007,0,0,8.48332822477481e-12,402900,960000,15360000.0,3195,1334990,0
10,1920,2,19200,0.5,0.95,10000.0,0.9,0,pcg_time_avg_chol_explicit_avgK,ok,0.03824970900313929,0.01201220799703151,2.805208334000781,2.855470251000952,1728,0,9.375282944947923e-09,402900,960000,15360000.0,3195,496968,0
10,1920,2,19200,0.5,0.95,10000.0,0.9,0,pcg_time_avg_chol_frozen_amortized_50,derived_best_case,0.0007649941800627857,0.0002402441599406302,2.805208334000781,2.8062135723407846,1728,0,9.375282944947923e-09,402900,960000,15360000.0,3195,496968,0
10,1920,2,19200,0.5,0.95,10000.0,0.9,1,direct_cholmod,ok,0.0387076250044629,0.012418708007317036,0.00036337500205263495,0.05148970801383257,0,0,7.293215509263393e-12,402900,960000,15360000.0,3195,496968,0
10,1920,2,19200,0.5,0.95,10000.0,0.9,1,direct_splu,ok,0.0411227919976227,0.024490334006259218,0.0010017080057878047,0.06661483400966972,0,0,8.189433373319876e-12,402900,960000,15360000.0,3195,1340540,0
10,1920,2,19200,0.5,0.95,10000.0,0.9,1,pcg_time_avg_chol_explicit_avgK,ok,0.03868529200553894,0.01189054100541398,2.337455417000456,2.3880312500114087,1811,0,9.58604924537974e-09,402900,960000,15360000.0,3195,496968,0
10,1920,2,19200,0.5,0.95,10000.0,0.9,1,pcg_time_avg_chol_frozen_amortized_50,derived_best_case,0.0007737058401107788,0.00023781082010827957,2.337455417000456,2.338466933660675,1811,0,9.58604924537974e-09,402900,960000,15360000.0,3195,496968,0
10,1920,2,19200,0.5,0.95,10000.0,0.9,7,direct_cholmod,ok,0.03927616699365899,0.012289500009501353,0.0003640419745352119,0.051929708977695554,0,0,5.22964480102863e-12,402900,960000,15360000.0,3195,496968,0
10,1920,2,19200,0.5,0.95,10000.0,0.9,7,direct_splu,ok,0.04080766698461957,0.024825792002957314,0.0009436249965801835,0.06657708398415707,0,0,6.003225181262043e-12,402900,960000,15360000.0,3195,1346634,0
10,1920,2,19200,0.5,0.95,10000.0,0.9,7,pcg_time_avg_chol_explicit_avgK,ok,0.04011420899769291,0.01295579201541841,3.7356718749797437,3.788741875992855,2628,0,8.881302598987509e-09,402900,960000,15360000.0,3195,496968,0
10,1920,2,19200,0.5,0.95,10000.0,0.9,7,pcg_time_avg_chol_frozen_amortized_50,derived_best_case,0.0008022841799538582,0.0002591158403083682,3.7356718749797437,3.736733275000006,2628,0,8.881302598987509e-09,402900,960000,15360000.0,3195,496968,0
10,1920,12,19200,0.1,0.95,10000.0,0.9,0,direct_cholmod,ok,0.33550308298435993,0.10964566702023149,0.0016348340141121298,0.44678358401870355,0,0,5.879198408566068e-13,2315400,4800000,76800000.0,3195,2592700,0
10,1920,12,19200,0.1,0.95,10000.0,0.9,0,direct_splu,ok,0.33287745900452137,0.1261094170040451,0.0024395830114372075,0.4614264590200037,0,0,5.304819025793203e-13,2315400,4800000,76800000.0,3195,5012090,0
10,1920,12,19200,0.1,0.95,10000.0,0.9,0,pcg_time_avg_chol_explicit_avgK,ok,0.33063475001836196,0.11166329198749736,0.12992304199724458,0.5722210840031039,28,0,6.283247554869718e-09,2315400,4800000,76800000.0,3195,2592700,0
10,1920,12,19200,0.1,0.95,10000.0,0.9,0,pcg_time_avg_chol_frozen_amortized_50,derived_best_case,0.006612695000367239,0.002233265839749947,0.12992304199724458,0.13876900283736177,28,0,6.283247554869718e-09,2315400,4800000,76800000.0,3195,2592700,0
10,1920,12,19200,0.1,0.95,10000.0,0.9,1,direct_cholmod,ok,0.3304982499976177,0.111530166992452,0.0016201669932343066,0.443648583983304,0,0,5.175418089047535e-13,2315400,4800000,76800000.0,3195,2592700,0
10,1920,12,19200,0.1,0.95,10000.0,0.9,1,direct_splu,ok,0.3371990830055438,0.12654729199130088,0.0028592080052476376,0.4666055830020923,0,0,5.143838745624216e-13,2315400,4800000,76800000.0,3195,5012090,0
10,1920,12,19200,0.1,0.95,10000.0,0.9,1,pcg_time_avg_chol_explicit_avgK,ok,0.33286212498205714,0.11042508299578913,0.13063787500141189,0.5739250829792581,28,0,5.615801984148654e-09,2315400,4800000,76800000.0,3195,2592700,0
10,1920,12,19200,0.1,0.95,10000.0,0.9,1,pcg_time_avg_chol_frozen_amortized_50,derived_best_case,0.0066572424996411425,0.0022085016599157825,0.13063787500141189,0.13950361916096882,28,0,5.615801984148654e-09,2315400,4800000,76800000.0,3195,2592700,0
10,1920,12,19200,0.1,0.95,10000.0,0.9,7,direct_cholmod,ok,0.3381883330002893,0.11150391699629836,0.0029900829831603914,0.452682332979748,0,0,4.598485250240105e-13,2315400,4800000,76800000.0,3195,2592700,0
10,1920,12,19200,0.1,0.95,10000.0,0.9,7,direct_splu,ok,0.33036458399146795,0.12728216699906625,0.0026302500045858324,0.46027700099512003,0,0,4.313336585568961e-13,2315400,4800000,76800000.0,3195,5012090,0
10,1920,12,19200,0.1,0.95,10000.0,0.9,7,pcg_time_avg_chol_explicit_avgK,ok,0.3327073339896742,0.10821316597866826,0.1214375419949647,0.5623580419633072,28,0,9.167958287612872e-09,2315400,4800000,76800000.0,3195,2592700,0
10,1920,12,19200,0.1,0.95,10000.0,0.9,7,pcg_time_avg_chol_frozen_amortized_50,derived_best_case,0.006654146679793484,0.002164263319573365,0.1214375419949647,0.13025595199433154,28,0,9.167958287612872e-09,2315400,4800000,76800000.0,3195,2592700,0
10,1920,12,19200,0.3,0.95,10000.0,0.9,0,direct_cholmod,ok,0.3346892090048641,0.1107647500175517,0.0015862500004004687,0.44704020902281627,0,0,1.0866624380462457e-12,2315400,4800000,76800000.0,3195,2592700,0
10,1920,12,19200,0.3,0.95,10000.0,0.9,0,direct_splu,ok,0.3338530419860035,0.14184754199231975,0.006097958015743643,0.4817985419940669,0,0,1.1451813875850009e-12,2315400,4800000,76800000.0,3195,5463200,0
10,1920,12,19200,0.3,0.95,10000.0,0.9,0,pcg_time_avg_chol_explicit_avgK,ok,0.33182554101222195,0.1123668749933131,1.0676520419947337,1.5118444580002688,242,0,9.140749229118422e-09,2315400,4800000,76800000.0,3195,2592700,0
10,1920,12,19200,0.3,0.95,10000.0,0.9,0,pcg_time_avg_chol_frozen_amortized_50,derived_best_case,0.006636510820244439,0.002247337499866262,1.0676520419947337,1.0765358903148445,242,0,9.140749229118422e-09,2315400,4800000,76800000.0,3195,2592700,0
10,1920,12,19200,0.3,0.95,10000.0,0.9,1,direct_cholmod,ok,0.3299093749956228,0.11140341599821113,0.0016595000051893294,0.44297229099902324,0,0,8.439663533616886e-13,2315400,4800000,76800000.0,3195,2592700,0
10,1920,12,19200,0.3,0.95,10000.0,0.9,1,direct_splu,ok,0.33197516700602137,0.14159554199432023,0.0034614579926710576,0.47703216699301265,0,0,9.055541495155508e-13,2315400,4800000,76800000.0,3195,5484910,0
10,1920,12,19200,0.3,0.95,10000.0,0.9,1,pcg_time_avg_chol_explicit_avgK,ok,0.33790479198796675,0.11082020797766745,0.982208957982948,1.4309339579485822,227,0,9.420678305869843e-09,2315400,4800000,76800000.0,3195,2592700,0
10,1920,12,19200,0.3,0.95,10000.0,0.9,1,pcg_time_avg_chol_frozen_amortized_50,derived_best_case,0.0067580958397593345,0.002216404159553349,0.982208957982948,0.9911834579822607,227,0,9.420678305869843e-09,2315400,4800000,76800000.0,3195,2592700,0
10,1920,12,19200,0.3,0.95,10000.0,0.9,7,direct_cholmod,ok,0.33195770799648017,0.11098095800844021,0.0016054169973358512,0.44454408300225623,0,0,8.814437411068052e-13,2315400,4800000,76800000.0,3195,2592700,0
10,1920,12,19200,0.3,0.95,10000.0,0.9,7,direct_splu,ok,0.32959583299816586,0.14509791598538868,0.003447291994234547,0.4781410409777891,0,0,8.64854852559102e-13,2315400,4800000,76800000.0,3195,5579670,0
10,1920,12,19200,0.3,0.95,10000.0,0.9,7,pcg_time_avg_chol_explicit_avgK,ok,0.33520162498462014,0.10858120801276527,1.2479080829943996,1.691690915991785,273,0,9.37089625446767e-09,2315400,4800000,76800000.0,3195,2592700,0
10,1920,12,19200,0.3,0.95,10000.0,0.9,7,pcg_time_avg_chol_frozen_amortized_50,derived_best_case,0.006704032499692402,0.0021716241602553056,1.2479080829943996,1.2567837396543473,273,0,9.37089625446767e-09,2315400,4800000,76800000.0,3195,2592700,0
10,1920,12,19200,0.5,0.95,10000.0,0.9,0,direct_cholmod,ok,0.3347745409992058,0.11127558301086538,0.0015288750000763685,0.4475789990101475,0,0,3.3920720709911807e-12,2315400,4800000,76800000.0,3195,2592700,0
10,1920,12,19200,0.5,0.95,10000.0,0.9,0,direct_splu,ok,0.3329566669999622,0.1816541669832077,0.006585416995221749,0.5211962509783916,0,0,7.510043954629515e-12,2315400,4800000,76800000.0,3195,6754920,0
10,1920,12,19200,0.5,0.95,10000.0,0.9,0,pcg_time_avg_chol_explicit_avgK,ok,0.3528515000070911,0.10974074999103323,7.992151959013427,8.454744209011551,1796,0,9.901755079748064e-09,2315400,4800000,76800000.0,3195,2592700,0
10,1920,12,19200,0.5,0.95,10000.0,0.9,0,pcg_time_avg_chol_frozen_amortized_50,derived_best_case,0.007057030000141822,0.0021948149998206644,7.992151959013427,8.001403804013389,1796,0,9.901755079748064e-09,2315400,4800000,76800000.0,3195,2592700,0
10,1920,12,19200,0.5,0.95,10000.0,0.9,1,direct_cholmod,ok,0.3343250000034459,0.11114216700661927,0.002903374988818541,0.4483705419988837,0,0,2.765192984609231e-12,2315400,4800000,76800000.0,3195,2592700,0
10,1920,12,19200,0.5,0.95,10000.0,0.9,1,direct_splu,ok,0.33213475000229664,0.18576341602602042,0.005662874988047406,0.5235610410163645,0,0,5.016163194511385e-12,2315400,4800000,76800000.0,3195,6819170,0
10,1920,12,19200,0.5,0.95,10000.0,0.9,1,pcg_time_avg_chol_explicit_avgK,ok,0.33088591700652614,0.11122683397843502,7.949507624987746,8.391620375972707,1798,0,9.947425718103304e-09,2315400,4800000,76800000.0,3195,2592700,0
10,1920,12,19200,0.5,0.95,10000.0,0.9,1,pcg_time_avg_chol_frozen_amortized_50,derived_best_case,0.006617718340130523,0.0022245366795687004,7.949507624987746,7.958349880007445,1798,0,9.947425718103304e-09,2315400,4800000,76800000.0,3195,2592700,0
10,1920,12,19200,0.5,0.95,10000.0,0.9,7,direct_cholmod,ok,0.32815679197665304,0.11157916599768214,0.0015993750130292028,0.4413353329873644,0,0,3.2168674060710173e-12,2315400,4800000,76800000.0,3195,2592700,0
10,1920,12,19200,0.5,0.95,10000.0,0.9,7,direct_splu,ok,0.3321824159938842,0.18382766700233333,0.003772374999243766,0.5197824579954613,0,0,6.603654908464452e-12,2315400,4800000,76800000.0,3195,6798270,0
10,1920,12,19200,0.5,0.95,10000.0,0.9,7,pcg_time_avg_chol_explicit_avgK,ok,0.33328329198411666,0.1113676669774577,11.19644591602264,11.641096874984214,2504,0,9.971608600106818e-09,2315400,4800000,76800000.0,3195,2592700,0
10,1920,12,19200,0.5,0.95,10000.0,0.9,7,pcg_time_avg_chol_frozen_amortized_50,derived_best_case,0.0066656658396823335,0.002227353339549154,11.19644591602264,11.20533893520187,2504,0,9.971608600106818e-09,2315400,4800000,76800000.0,3195,2592700,0
10,1920,24,19200,0.1,0.95,10000.0,0.9,0,direct_cholmod,ok,1.0370364580012392,0.18835870799375698,0.0036729580024257302,1.229068123997422,0,0,4.885379298514871e-13,4597200,9408000,150528000.0,3195,4968900,0
10,1920,24,19200,0.1,0.95,10000.0,0.9,0,direct_splu,ok,1.0176855830068234,0.36914133399841376,0.00871683401055634,1.3955437510157935,0,0,4.802056535644781e-13,4597200,9408000,150528000.0,3195,9620690,0
10,1920,24,19200,0.1,0.95,10000.0,0.9,0,pcg_time_avg_chol_explicit_avgK,ok,1.0151296250114683,0.18115520899300463,0.20747249998385087,1.4037573339883238,27,0,7.807638643541805e-09,4597200,9408000,150528000.0,3195,4968900,0
10,1920,24,19200,0.1,0.95,10000.0,0.9,0,pcg_time_avg_chol_frozen_amortized_50,derived_best_case,0.020302592500229366,0.003623104179860093,0.20747249998385087,0.23139819666394032,27,0,7.807638643541805e-09,4597200,9408000,150528000.0,3195,4968900,0
10,1920,24,19200,0.1,0.95,10000.0,0.9,1,direct_cholmod,ok,1.018897250003647,0.1816182500042487,0.0032628749904688448,1.2037783749983646,0,0,5.888179691005808e-13,4597200,9408000,150528000.0,3195,4968900,0
10,1920,24,19200,0.1,0.95,10000.0,0.9,1,direct_splu,ok,1.0255488749826327,0.3663100829871837,0.0051861670217476785,1.397045124991564,0,0,6.329291621890325e-13,4597200,9408000,150528000.0,3195,9620690,0
10,1920,24,19200,0.1,0.95,10000.0,0.9,1,pcg_time_avg_chol_explicit_avgK,ok,1.0105522079975344,0.18163937499048188,0.23147670799517073,1.423668290983187,28,0,4.9202267405712725e-09,4597200,9408000,150528000.0,3195,4968900,0
10,1920,24,19200,0.1,0.95,10000.0,0.9,1,pcg_time_avg_chol_frozen_amortized_50,derived_best_case,0.02021104415995069,0.003632787499809638,0.23147670799517073,0.25532053965493107,28,0,4.9202267405712725e-09,4597200,9408000,150528000.0,3195,4968900,0
10,1920,24,19200,0.1,0.95,10000.0,0.9,7,direct_cholmod,ok,1.0115817920013797,0.19496600001002662,0.010131416987860575,1.2166792089992668,0,0,3.813359915884184e-13,4597200,9408000,150528000.0,3195,4968900,0
10,1920,24,19200,0.1,0.95,10000.0,0.9,7,direct_splu,ok,1.0231974580092356,0.36576404099469073,0.004976333002559841,1.3939378320064861,0,0,3.8911494049537677e-13,4597200,9408000,150528000.0,3195,9620690,0
10,1920,24,19200,0.1,0.95,10000.0,0.9,7,pcg_time_avg_chol_explicit_avgK,ok,1.0188404169748537,0.1818874169839546,0.2222260829876177,1.422953916946426,28,0,8.14335464986318e-09,4597200,9408000,150528000.0,3195,4968900,0
10,1920,24,19200,0.1,0.95,10000.0,0.9,7,pcg_time_avg_chol_frozen_amortized_50,derived_best_case,0.020376808339497076,0.0036377483396790923,0.2222260829876177,0.24624063966679388,28,0,8.14335464986318e-09,4597200,9408000,150528000.0,3195,4968900,0
10,1920,24,19200,0.3,0.95,10000.0,0.9,0,direct_cholmod,ok,1.015498833003221,0.18679691600846127,0.002737708011409268,1.2050334570230916,0,0,9.584833319280416e-13,4597200,9408000,150528000.0,3195,4968900,0
10,1920,24,19200,0.3,0.95,10000.0,0.9,0,direct_splu,ok,1.0174700419884175,0.408161667000968,0.007685499993385747,1.4333172089827713,0,0,1.0012663070305949e-12,4597200,9408000,150528000.0,3195,10340130,0
10,1920,24,19200,0.3,0.95,10000.0,0.9,0,pcg_time_avg_chol_explicit_avgK,ok,1.0376999999862164,0.18080583302071318,1.6821638330002315,2.900669666007161,217,0,9.71750086118276e-09,4597200,9408000,150528000.0,3195,4968900,0
10,1920,24,19200,0.3,0.95,10000.0,0.9,0,pcg_time_avg_chol_frozen_amortized_50,derived_best_case,0.02075399999972433,0.0036161166604142636,1.6821638330002315,1.7065339496603702,217,0,9.71750086118276e-09,4597200,9408000,150528000.0,3195,4968900,0
10,1920,24,19200,0.3,0.95,10000.0,0.9,1,direct_cholmod,ok,1.0297619580233004,0.18147158401552588,0.002732082997681573,1.2139656250365078,0,0,1.0806865433103163e-12,4597200,9408000,150528000.0,3195,4968900,0
10,1920,24,19200,0.3,0.95,10000.0,0.9,1,direct_splu,ok,1.017124625010183,0.41478945800918154,0.008822125004371628,1.4407362080237363,0,0,1.186198896650126e-12,4597200,9408000,150528000.0,3195,10505870,0
10,1920,24,19200,0.3,0.95,10000.0,0.9,1,pcg_time_avg_chol_explicit_avgK,ok,1.0142847919778433,0.18176729101105593,1.762110457988456,2.958162540977355,229,0,8.849254829000858e-09,4597200,9408000,150528000.0,3195,4968900,0
10,1920,24,19200,0.3,0.95,10000.0,0.9,1,pcg_time_avg_chol_frozen_amortized_50,derived_best_case,0.020285695839556864,0.003635345820221119,1.762110457988456,1.7860314996482338,229,0,8.849254829000858e-09,4597200,9408000,150528000.0,3195,4968900,0
10,1920,24,19200,0.3,0.95,10000.0,0.9,7,direct_cholmod,ok,1.0113008329935838,0.18275620898930356,0.002780709008220583,1.196837750991108,0,0,7.043366758700113e-13,4597200,9408000,150528000.0,3195,4968900,0
10,1920,24,19200,0.3,0.95,10000.0,0.9,7,direct_splu,ok,1.0163507090182975,0.427706374990521,0.007923958008177578,1.451981042016996,0,0,7.48656197678362e-13,4597200,9408000,150528000.0,3195,10738500,0
10,1920,24,19200,0.3,0.95,10000.0,0.9,7,pcg_time_avg_chol_explicit_avgK,ok,1.0175250830070581,0.18039970798417926,2.1998575840261765,3.397782375017414,279,0,9.841520931882607e-09,4597200,9408000,150528000.0,3195,4968900,0
10,1920,24,19200,0.3,0.95,10000.0,0.9,7,pcg_time_avg_chol_frozen_amortized_50,derived_best_case,0.020350501660141164,0.003607994159683585,2.1998575840261765,2.223816079846001,279,0,9.841520931882607e-09,4597200,9408000,150528000.0,3195,4968900,0
10,1920,24,19200,0.5,0.95,10000.0,0.9,0,direct_cholmod,ok,1.022382249997463,0.1811291249759961,0.003694750019349158,1.2072061249928083,0,0,3.2174977466439286e-12,4597200,9408000,150528000.0,3195,4968900,0
10,1920,24,19200,0.5,0.95,10000.0,0.9,0,direct_splu,ok,1.0124567500024568,0.5722497499955352,0.009563875006278977,1.594270375004271,0,0,6.7090326567740325e-12,4597200,9408000,150528000.0,3195,13248790,0
10,1920,24,19200,0.5,0.95,10000.0,0.9,0,pcg_time_avg_chol_explicit_avgK,ok,1.0234422080102377,0.18728054102393799,13.120397332997527,14.331120082031703,1658,0,9.628076229342836e-09,4597200,9408000,150528000.0,3195,4968900,0
10,1920,24,19200,0.5,0.95,10000.0,0.9,0,pcg_time_avg_chol_frozen_amortized_50,derived_best_case,0.020468844160204752,0.0037456108204787595,13.120397332997527,13.14461178797821,1658,0,9.628076229342836e-09,4597200,9408000,150528000.0,3195,4968900,0
10,1920,24,19200,0.5,0.95,10000.0,0.9,1,direct_cholmod,ok,1.0188338749867398,0.18310679201385938,0.002666249987669289,1.2046069169882685,0,0,2.7940262259833996e-12,4597200,9408000,150528000.0,3195,4968900,0
10,1920,24,19200,0.5,0.95,10000.0,0.9,1,direct_splu,ok,1.0200634169741534,0.5762917080137413,0.010448874993016943,1.6068039999809116,0,0,7.1969713646481115e-12,4597200,9408000,150528000.0,3195,13320320,0
10,1920,24,19200,0.5,0.95,10000.0,0.9,1,pcg_time_avg_chol_explicit_avgK,ok,1.0191364170168526,0.18609008300700225,14.66225354198832,15.867480042012176,1731,0,9.416911900679255e-09,4597200,9408000,150528000.0,3195,4968900,0
10,1920,24,19200,0.5,0.95,10000.0,0.9,1,pcg_time_avg_chol_frozen_amortized_50,derived_best_case,0.020382728340337053,0.003721801660140045,14.66225354198832,14.686358071988797,1731,0,9.416911900679255e-09,4597200,9408000,150528000.0,3195,4968900,0
10,1920,24,19200,0.5,0.95,10000.0,0.9,7,direct_cholmod,ok,1.016218792006839,0.18295824999222532,0.004042832995764911,1.2032198749948293,0,0,2.383158016025464e-12,4597200,9408000,150528000.0,3195,4968900,0
10,1920,24,19200,0.5,0.95,10000.0,0.9,7,direct_splu,ok,1.0128062500152737,0.577301291981712,0.0074020410247612745,1.597509583021747,0,0,5.268339517880909e-12,4597200,9408000,150528000.0,3195,13262170,0
10,1920,24,19200,0.5,0.95,10000.0,0.9,7,pcg_time_avg_chol_explicit_avgK,ok,1.0161596669931896,0.18216674998984672,19.33647958401707,20.534806001000106,2439,0,9.67129548617135e-09,4597200,9408000,150528000.0,3195,4968900,0
10,1920,24,19200,0.5,0.95,10000.0,0.9,7,pcg_time_avg_chol_frozen_amortized_50,derived_best_case,0.020323193339863793,0.0036433349997969343,19.33647958401707,19.36044611235673,2439,0,9.67129548617135e-09,4597200,9408000,150528000.0,3195,4968900,0
10,5000,2,50000,0.1,0.95,10000.0,0.9,0,direct_cholmod,ok,0.10372445799293928,0.03230212497874163,0.0008476250222884119,0.13687420799396932,0,0,1.2098644238581194e-12,1049700,2500000,40000000.0,8325,1294680,0
10,5000,2,50000,0.1,0.95,10000.0,0.9,0,direct_splu,ok,0.10732895802357234,0.05032762500923127,0.0024167080118786544,0.16007329104468226,0,0,7.931018289846873e-13,1049700,2500000,40000000.0,8325,2920475,0
10,5000,2,50000,0.1,0.95,10000.0,0.9,0,pcg_time_avg_chol_explicit_avgK,ok,0.10537016700254753,0.031940040993504226,0.08644683301099576,0.22375704100704752,31,0,8.127330033890447e-09,1049700,2500000,40000000.0,8325,1294680,0
10,5000,2,50000,0.1,0.95,10000.0,0.9,0,pcg_time_avg_chol_frozen_amortized_50,derived_best_case,0.002107403340050951,0.0006388008198700845,0.08644683301099576,0.0891930371709168,31,0,8.127330033890447e-09,1049700,2500000,40000000.0,8325,1294680,0
10,5000,2,50000,0.1,0.95,10000.0,0.9,1,direct_cholmod,ok,0.10507258400321007,0.03252625002642162,0.0008407919958699495,0.13843962602550164,0,0,1.5688737440439192e-12,1049700,2500000,40000000.0,8325,1294680,0
10,5000,2,50000,0.1,0.95,10000.0,0.9,1,direct_splu,ok,0.10552941699279472,0.048623833019519225,0.0022312910004984587,0.1563845410128124,0,0,1.1206585092492163e-12,1049700,2500000,40000000.0,8325,2920483,0
10,5000,2,50000,0.1,0.95,10000.0,0.9,1,pcg_time_avg_chol_explicit_avgK,ok,0.10513483299291693,0.03246824999223463,0.09296999999787658,0.23057308298302814,33,0,5.6658126773191e-09,1049700,2500000,40000000.0,8325,1294680,0
10,5000,2,50000,0.1,0.95,10000.0,0.9,1,pcg_time_avg_chol_frozen_amortized_50,derived_best_case,0.0021026966598583384,0.0006493649998446926,0.09296999999787658,0.09572206165757961,33,0,5.6658126773191e-09,1049700,2500000,40000000.0,8325,1294680,0
10,5000,2,50000,0.1,0.95,10000.0,0.9,7,direct_cholmod,ok,0.10636745800729841,0.0336999170249328,0.0008153749804478139,0.14088275001267903,0,0,7.442351249978548e-13,1049700,2500000,40000000.0,8325,1294680,0
10,5000,2,50000,0.1,0.95,10000.0,0.9,7,direct_splu,ok,0.10777445801068097,0.0488930830033496,0.0019160410156473517,0.15858358202967793,0,0,5.164228889519978e-13,1049700,2500000,40000000.0,8325,2920475,0
10,5000,2,50000,0.1,0.95,10000.0,0.9,7,pcg_time_avg_chol_explicit_avgK,ok,0.10673620799207129,0.03326154101523571,0.08243337500607595,0.22243112401338294,31,0,5.647042067346891e-09,1049700,2500000,40000000.0,8325,1294680,0
10,5000,2,50000,0.1,0.95,10000.0,0.9,7,pcg_time_avg_chol_frozen_amortized_50,derived_best_case,0.002134724159841426,0.0006652308203047142,0.08243337500607595,0.08523332998622209,31,0,5.647042067346891e-09,1049700,2500000,40000000.0,8325,1294680,0
10,5000,2,50000,0.3,0.95,10000.0,0.9,0,direct_cholmod,ok,0.1034438329807017,0.0321744579996448,0.0008698340097907931,0.1364881249901373,0,0,2.180234045436844e-12,1049700,2500000,40000000.0,8325,1294680,0
10,5000,2,50000,0.3,0.95,10000.0,0.9,0,direct_splu,ok,0.10656174999894574,0.049515416991198435,0.0021052499942015857,0.15818241698434576,0,0,1.4772427847506306e-12,1049700,2500000,40000000.0,8325,2926508,0
10,5000,2,50000,0.3,0.95,10000.0,0.9,0,pcg_time_avg_chol_explicit_avgK,ok,0.10223899999982677,0.032635999988997355,0.860143915982917,0.9950189159717411,322,0,9.626539312026337e-09,1049700,2500000,40000000.0,8325,1294680,0
10,5000,2,50000,0.3,0.95,10000.0,0.9,0,pcg_time_avg_chol_frozen_amortized_50,derived_best_case,0.0020447799999965353,0.0006527199997799472,0.860143915982917,0.8628414159826935,322,0,9.626539312026337e-09,1049700,2500000,40000000.0,8325,1294680,0
10,5000,2,50000,0.3,0.95,10000.0,0.9,1,direct_cholmod,ok,0.10254241700749844,0.03262574999826029,0.0008457090007141232,0.13601387600647286,0,0,2.628350557843416e-12,1049700,2500000,40000000.0,8325,1294680,0
10,5000,2,50000,0.3,0.95,10000.0,0.9,1,direct_splu,ok,0.10695833401405253,0.050236917013535276,0.0023416249896399677,0.15953687601722777,0,0,2.057208786063093e-12,1049700,2500000,40000000.0,8325,2972602,0
10,5000,2,50000,0.3,0.95,10000.0,0.9,1,pcg_time_avg_chol_explicit_avgK,ok,0.10230979198240675,0.03199870800017379,0.9497570420207921,1.0840655420033727,373,0,9.887555100819808e-09,1049700,2500000,40000000.0,8325,1294680,0
10,5000,2,50000,0.3,0.95,10000.0,0.9,1,pcg_time_avg_chol_frozen_amortized_50,derived_best_case,0.002046195839648135,0.0006399741600034758,0.9497570420207921,0.9524432120204438,373,0,9.887555100819808e-09,1049700,2500000,40000000.0,8325,1294680,0
10,5000,2,50000,0.3,0.95,10000.0,0.9,7,direct_cholmod,ok,0.10068295800010674,0.032409457984613255,0.000818750006146729,0.13391116599086672,0,0,1.2660926573109185e-12,1049700,2500000,40000000.0,8325,1294680,0
10,5000,2,50000,0.3,0.95,10000.0,0.9,7,direct_splu,ok,0.1091052079864312,0.05049070797394961,0.0034515000006649643,0.16304741596104577,0,0,8.938653520250865e-13,1049700,2500000,40000000.0,8325,2932595,0
10,5000,2,50000,0.3,0.95,10000.0,0.9,7,pcg_time_avg_chol_explicit_avgK,ok,0.10648962497361936,0.03278887498890981,0.8235539169982076,0.9628324169607367,308,0,9.82093298622535e-09,1049700,2500000,40000000.0,8325,1294680,0
10,5000,2,50000,0.3,0.95,10000.0,0.9,7,pcg_time_avg_chol_frozen_amortized_50,derived_best_case,0.002129792499472387,0.0006557774997781962,0.8235539169982076,0.8263394869974582,308,0,9.82093298622535e-09,1049700,2500000,40000000.0,8325,1294680,0
10,5000,2,50000,0.5,0.95,10000.0,0.9,0,direct_cholmod,ok,0.10081879197969101,0.03183695799089037,0.0008698339806869626,0.13352558395126835,0,0,8.666309675103602e-12,1049700,2500000,40000000.0,8325,1294680,0
10,5000,2,50000,0.5,0.95,10000.0,0.9,0,direct_splu,ok,0.10474849998718128,0.05275762500241399,0.0026782089844346046,0.16018433397402987,0,0,5.613284204351883e-12,1049700,2500000,40000000.0,8325,2989682,0
10,5000,2,50000,0.5,0.95,10000.0,0.9,0,pcg_time_avg_chol_explicit_avgK,ok,0.10514766600681469,0.032481583999469876,8.266832082998008,8.404461333004292,2920,0,9.804159515359974e-09,1049700,2500000,40000000.0,8325,1294680,0
10,5000,2,50000,0.5,0.95,10000.0,0.9,0,pcg_time_avg_chol_frozen_amortized_50,derived_best_case,0.0021029533201362936,0.0006496316799893975,8.266832082998008,8.269584667998133,2920,0,9.804159515359974e-09,1049700,2500000,40000000.0,8325,1294680,0
10,5000,2,50000,0.5,0.95,10000.0,0.9,1,direct_cholmod,ok,0.11069420797866769,0.032134000008227304,0.0008121669816318899,0.14364037496852688,0,0,8.588876970317673e-12,1049700,2500000,40000000.0,8325,1294680,0
10,5000,2,50000,0.5,0.95,10000.0,0.9,1,direct_splu,ok,0.10202116699656472,0.05534720901050605,0.002335291006602347,0.1597036670136731,0,0,6.4275478201722076e-12,1049700,2500000,40000000.0,8325,3073984,0
10,5000,2,50000,0.5,0.95,10000.0,0.9,1,pcg_time_avg_chol_explicit_avgK,ok,0.10219183299341239,0.03273666699533351,11.11380916601047,11.248737665999215,3951,0,9.406820153912784e-09,1049700,2500000,40000000.0,8325,1294680,0
10,5000,2,50000,0.5,0.95,10000.0,0.9,1,pcg_time_avg_chol_frozen_amortized_50,derived_best_case,0.002043836659868248,0.0006547333399066702,11.11380916601047,11.116507736010243,3951,0,9.406820153912784e-09,1049700,2500000,40000000.0,8325,1294680,0
10,5000,2,50000,0.5,0.95,10000.0,0.9,7,direct_cholmod,ok,0.10056816702126525,0.03241449999040924,0.0008588749915361404,0.13384154200321063,0,0,3.8900190977720895e-12,1049700,2500000,40000000.0,8325,1294680,0
10,5000,2,50000,0.5,0.95,10000.0,0.9,7,direct_splu,ok,0.10137883297284134,0.054225791012868285,0.002272749989060685,0.1578773739747703,0,0,3.1063112072675513e-12,1049700,2500000,40000000.0,8325,3004214,0
10,5000,2,50000,0.5,0.95,10000.0,0.9,7,pcg_time_avg_chol_explicit_avgK,ok,0.10389854200184345,0.03256912500364706,8.238521541992668,8.374989208998159,2933,0,9.888916983685667e-09,1049700,2500000,40000000.0,8325,1294680,0
10,5000,2,50000,0.5,0.95,10000.0,0.9,7,pcg_time_avg_chol_frozen_amortized_50,derived_best_case,0.0020779708400368692,0.0006513825000729412,8.238521541992668,8.241250895332778,2933,0,9.888916983685667e-09,1049700,2500000,40000000.0,8325,1294680,0
10,5000,12,50000,0.1,0.95,10000.0,0.9,0,direct_cholmod,ok,0.9026852920069359,0.28997579199494794,0.005383540992625058,1.198044624994509,0,0,5.651298409624507e-13,6042200,12500000,200000000.0,8325,6766000,0
10,5000,12,50000,0.1,0.95,10000.0,0.9,0,direct_splu,ok,0.8718864580150694,0.33285750000504777,0.013445416989270598,1.2181893750093877,0,0,5.339051814023993e-13,6042200,12500000,200000000.0,8325,13048690,0
10,5000,12,50000,0.1,0.95,10000.0,0.9,0,pcg_time_avg_chol_explicit_avgK,ok,0.8696510840090923,0.2802076250081882,0.34562033400288783,1.4954790430201683,31,0,6.70407217850674e-09,6042200,12500000,200000000.0,8325,6766000,0
10,5000,12,50000,0.1,0.95,10000.0,0.9,0,pcg_time_avg_chol_frozen_amortized_50,derived_best_case,0.017393021680181846,0.005604152500163764,0.34562033400288783,0.36861750818323347,31,0,6.70407217850674e-09,6042200,12500000,200000000.0,8325,6766000,0
10,5000,12,50000,0.1,0.95,10000.0,0.9,1,direct_cholmod,ok,0.8737978749850299,0.2784904169966467,0.006024208007147536,1.1583124999888241,0,0,5.083420281794761e-13,6042200,12500000,200000000.0,8325,6766000,0
10,5000,12,50000,0.1,0.95,10000.0,0.9,1,direct_splu,ok,0.8690045420080423,0.33345383300911635,0.012556667003082111,1.2150150420202408,0,0,5.016151174985317e-13,6042200,12500000,200000000.0,8325,13048690,0
10,5000,12,50000,0.1,0.95,10000.0,0.9,1,pcg_time_avg_chol_explicit_avgK,ok,0.8799291250179522,0.2829079999937676,0.3601762089820113,1.523013333993731,32,0,8.263987848406852e-09,6042200,12500000,200000000.0,8325,6766000,0
10,5000,12,50000,0.1,0.95,10000.0,0.9,1,pcg_time_avg_chol_frozen_amortized_50,derived_best_case,0.017598582500359044,0.005658159999875352,0.3601762089820113,0.3834329514822457,32,0,8.263987848406852e-09,6042200,12500000,200000000.0,8325,6766000,0
10,5000,12,50000,0.1,0.95,10000.0,0.9,7,direct_cholmod,ok,0.8702472080185544,0.2827469579933677,0.004613208991941065,1.1576073750038631,0,0,4.516564284648625e-13,6042200,12500000,200000000.0,8325,6766000,0
10,5000,12,50000,0.1,0.95,10000.0,0.9,7,direct_splu,ok,0.8708664999867324,0.3317874589993153,0.013267499976791441,1.215921458962839,0,0,4.265297181861566e-13,6042200,12500000,200000000.0,8325,13048690,0
10,5000,12,50000,0.1,0.95,10000.0,0.9,7,pcg_time_avg_chol_explicit_avgK,ok,0.8755354579770938,0.2817125410074368,0.3325851249974221,1.4898331239819527,30,0,6.145913720928663e-09,6042200,12500000,200000000.0,8325,6766000,0
10,5000,12,50000,0.1,0.95,10000.0,0.9,7,pcg_time_avg_chol_frozen_amortized_50,derived_best_case,0.017510709159541876,0.005634250820148737,0.3325851249974221,0.3557300849771127,30,0,6.145913720928663e-09,6042200,12500000,200000000.0,8325,6766000,0
10,5000,12,50000,0.3,0.95,10000.0,0.9,0,direct_cholmod,ok,0.8768441250140313,0.284868250018917,0.0051303750078659505,1.1668427500408143,0,0,9.759859753052863e-13,6042200,12500000,200000000.0,8325,6766000,0
10,5000,12,50000,0.3,0.95,10000.0,0.9,0,direct_splu,ok,0.8682030419877265,0.3717520000063814,0.012364374997559935,1.2523194169916678,0,0,1.0210300456637633e-12,6042200,12500000,200000000.0,8325,14215040,0
10,5000,12,50000,0.3,0.95,10000.0,0.9,0,pcg_time_avg_chol_explicit_avgK,ok,0.8721242919855285,0.280834291013889,3.516608332982287,4.669566915981704,320,0,9.487030266588892e-09,6042200,12500000,200000000.0,8325,6766000,0
10,5000,12,50000,0.3,0.95,10000.0,0.9,0,pcg_time_avg_chol_frozen_amortized_50,derived_best_case,0.017442485839710573,0.00561668582027778,3.516608332982287,3.539667504642275,320,0,9.487030266588892e-09,6042200,12500000,200000000.0,8325,6766000,0
10,5000,12,50000,0.3,0.95,10000.0,0.9,1,direct_cholmod,ok,0.8674638329830486,0.28154179197736084,0.004654709016904235,1.1536603339773137,0,0,9.322627014204546e-13,6042200,12500000,200000000.0,8325,6766000,0
10,5000,12,50000,0.3,0.95,10000.0,0.9,1,direct_splu,ok,0.8699500410002656,0.38279204099671915,0.013768540986347944,1.2665106229833327,0,0,1.0457540484439713e-12,6042200,12500000,200000000.0,8325,14614480,0
10,5000,12,50000,0.3,0.95,10000.0,0.9,1,pcg_time_avg_chol_explicit_avgK,ok,0.8669380420178641,0.279261999996379,4.048433166986797,5.19463320900104,373,0,9.729153610364573e-09,6042200,12500000,200000000.0,8325,6766000,0
10,5000,12,50000,0.3,0.95,10000.0,0.9,1,pcg_time_avg_chol_frozen_amortized_50,derived_best_case,0.017338760840357282,0.0055852399999275805,4.048433166986797,4.071357167827082,373,0,9.729153610364573e-09,6042200,12500000,200000000.0,8325,6766000,0
10,5000,12,50000,0.3,0.95,10000.0,0.9,7,direct_cholmod,ok,0.8776579169789329,0.2831378749979194,0.006165625003632158,1.1669614169804845,0,0,8.047270845398434e-13,6042200,12500000,200000000.0,8325,6766000,0
10,5000,12,50000,0.3,0.95,10000.0,0.9,7,direct_splu,ok,0.8680330000061076,0.3715595000248868,0.016164250002475455,1.2557567500334699,0,0,8.576278874015714e-13,6042200,12500000,200000000.0,8325,14266770,0
10,5000,12,50000,0.3,0.95,10000.0,0.9,7,pcg_time_avg_chol_explicit_avgK,ok,0.867845375003526,0.2799825420079287,3.2417940000013914,4.389621917012846,295,0,8.869745059599366e-09,6042200,12500000,200000000.0,8325,6766000,0
10,5000,12,50000,0.3,0.95,10000.0,0.9,7,pcg_time_avg_chol_frozen_amortized_50,derived_best_case,0.01735690750007052,0.005599650840158574,3.2417940000013914,3.2647505583416203,295,0,8.869745059599366e-09,6042200,12500000,200000000.0,8325,6766000,0
10,5000,12,50000,0.5,0.95,10000.0,0.9,0,direct_cholmod,ok,0.8679715000034776,0.2810243330022786,0.004497749992879108,1.1534935829986352,0,0,3.4788794327738267e-12,6042200,12500000,200000000.0,8325,6766000,0
10,5000,12,50000,0.5,0.95,10000.0,0.9,0,direct_splu,ok,0.8717385409981944,0.47648024998488836,0.016128958988701925,1.3643477499717847,0,0,6.59289880612818e-12,6042200,12500000,200000000.0,8325,17686880,0
10,5000,12,50000,0.5,0.95,10000.0,0.9,0,pcg_time_avg_chol_explicit_avgK,ok,0.8753577080206014,0.28328100001090206,32.44368799999938,33.60232670803089,2943,0,9.660963684334585e-09,6042200,12500000,200000000.0,8325,6766000,0
10,5000,12,50000,0.5,0.95,10000.0,0.9,0,pcg_time_avg_chol_frozen_amortized_50,derived_best_case,0.017507154160412028,0.005665620000218041,32.44368799999938,32.46686077416001,2943,0,9.660963684334585e-09,6042200,12500000,200000000.0,8325,6766000,0
10,5000,12,50000,0.5,0.95,10000.0,0.9,1,direct_cholmod,ok,0.8773554999788757,0.28270499999052845,0.004736125003546476,1.1647966249729507,0,0,3.779265841752346e-12,6042200,12500000,200000000.0,8325,6766000,0
10,5000,12,50000,0.5,0.95,10000.0,0.9,1,direct_splu,ok,0.8720941670180764,0.4854719169961754,0.015149167011259124,1.372715251025511,0,0,7.422006417648293e-12,6042200,12500000,200000000.0,8325,17813910,0
10,5000,12,50000,0.5,0.95,10000.0,0.9,1,pcg_time_avg_chol_explicit_avgK,ok,0.8692381250148173,0.28111258399439976,43.08350479201181,44.233855501021026,3921,0,9.747501535929773e-09,6042200,12500000,200000000.0,8325,6766000,0
10,5000,12,50000,0.5,0.95,10000.0,0.9,1,pcg_time_avg_chol_frozen_amortized_50,derived_best_case,0.017384762500296348,0.005622251679887995,43.08350479201181,43.106511806191996,3921,0,9.747501535929773e-09,6042200,12500000,200000000.0,8325,6766000,0
10,5000,12,50000,0.5,0.95,10000.0,0.9,7,direct_cholmod,ok,0.8583122919953894,0.2819342919974588,0.004552124999463558,1.1447987089923117,0,0,2.8259953225713727e-12,6042200,12500000,200000000.0,8325,6766000,0
10,5000,12,50000,0.5,0.95,10000.0,0.9,7,direct_splu,ok,0.8733204590098467,0.47179029099061154,0.010900458000833169,1.3560112080012914,0,0,5.0565423496928574e-12,6042200,12500000,200000000.0,8325,17627930,0
10,5000,12,50000,0.5,0.95,10000.0,0.9,7,pcg_time_avg_chol_explicit_avgK,ok,0.8700845830026083,0.2805255420098547,31.8827082090138,33.03331833402626,2909,0,9.977996978074169e-09,6042200,12500000,200000000.0,8325,6766000,0
10,5000,12,50000,0.5,0.95,10000.0,0.9,7,pcg_time_avg_chol_frozen_amortized_50,derived_best_case,0.017401691660052166,0.005610510840197094,31.8827082090138,31.90572041151405,2909,0,9.977996978074169e-09,6042200,12500000,200000000.0,8325,6766000,0
10,5000,24,50000,0.1,0.95,10000.0,0.9,0,direct_cholmod,ok,2.7558986250078306,0.49610666700755246,0.008734167000511661,3.2607394590158947,0,0,4.70420355444876e-13,12020000,24500000,392000000.0,8325,12992300,0
10,5000,24,50000,0.1,0.95,10000.0,0.9,0,direct_splu,ok,2.697535915998742,0.9799702500167768,0.02121654199436307,3.698722708009882,0,0,5.027807508349358e-13,12020000,24500000,392000000.0,8325,25047490,0
10,5000,24,50000,0.1,0.95,10000.0,0.9,0,pcg_time_avg_chol_explicit_avgK,ok,2.7541906670085154,0.4844829580106307,0.6121419589908328,3.850815584009979,31,0,5.811367625043698e-09,12020000,24500000,392000000.0,8325,12992300,0
10,5000,24,50000,0.1,0.95,10000.0,0.9,0,pcg_time_avg_chol_frozen_amortized_50,derived_best_case,0.05508381334017031,0.009689659160212614,0.6121419589908328,0.6769154314912157,31,0,5.811367625043698e-09,12020000,24500000,392000000.0,8325,12992300,0
10,5000,24,50000,0.1,0.95,10000.0,0.9,1,direct_cholmod,ok,2.880744624999352,0.4781042079848703,0.007433459017192945,3.366282292001415,0,0,5.842681836709888e-13,12020000,24500000,392000000.0,8325,12992300,0
10,5000,24,50000,0.1,0.95,10000.0,0.9,1,direct_splu,ok,2.6928831670084037,0.9619098329858389,0.01850649999687448,3.673299499991117,0,0,6.34283291606065e-13,12020000,24500000,392000000.0,8325,25047490,0
10,5000,24,50000,0.1,0.95,10000.0,0.9,1,pcg_time_avg_chol_explicit_avgK,ok,2.681083542003762,0.47728179101250134,0.6304659580055159,3.788831291021779,32,0,6.135275837441531e-09,12020000,24500000,392000000.0,8325,12992300,0
10,5000,24,50000,0.1,0.95,10000.0,0.9,1,pcg_time_avg_chol_frozen_amortized_50,derived_best_case,0.05362167084007524,0.009545635820250026,0.6304659580055159,0.6936332646658412,32,0,6.135275837441531e-09,12020000,24500000,392000000.0,8325,12992300,0
10,5000,24,50000,0.1,0.95,10000.0,0.9,7,direct_cholmod,ok,2.760304457973689,0.48062095799832605,0.008313708007335663,3.2492391239793506,0,0,3.9007730121763717e-13,12020000,24500000,392000000.0,8325,12992300,0
10,5000,24,50000,0.1,0.95,10000.0,0.9,7,direct_splu,ok,2.7023633340140805,0.9935249580012169,0.020823083992581815,3.716711376007879,0,0,4.002638078492597e-13,12020000,24500000,392000000.0,8325,25047490,0
10,5000,24,50000,0.1,0.95,10000.0,0.9,7,pcg_time_avg_chol_explicit_avgK,ok,2.679633499996271,0.47086145798675716,0.7075234999938402,3.8580184579768684,30,0,6.565843622341551e-09,12020000,24500000,392000000.0,8325,12992300,0
10,5000,24,50000,0.1,0.95,10000.0,0.9,7,pcg_time_avg_chol_frozen_amortized_50,derived_best_case,0.05359266999992542,0.009417229159735143,0.7075234999938402,0.7705333991535008,30,0,6.565843622341551e-09,12020000,24500000,392000000.0,8325,12992300,0
10,5000,24,50000,0.3,0.95,10000.0,0.9,0,direct_cholmod,ok,2.703547625016654,0.48275612501311116,0.007286125008249655,3.1935898750380147,0,0,9.478948733048891e-13,12020000,24500000,392000000.0,8325,12992300,0
10,5000,24,50000,0.3,0.95,10000.0,0.9,0,direct_splu,ok,2.7217570419888943,1.128258624987211,0.02235316700534895,3.8723688339814544,0,0,9.548847133040458e-13,12020000,24500000,392000000.0,8325,27343930,0
10,5000,24,50000,0.3,0.95,10000.0,0.9,0,pcg_time_avg_chol_explicit_avgK,ok,2.718310541997198,0.4781323329953011,7.115229749993887,10.311672624986386,338,0,9.080044296555134e-09,12020000,24500000,392000000.0,8325,12992300,0
10,5000,24,50000,0.3,0.95,10000.0,0.9,0,pcg_time_avg_chol_frozen_amortized_50,derived_best_case,0.05436621083994396,0.009562646659906021,7.115229749993887,7.179158607493736,338,0,9.080044296555134e-09,12020000,24500000,392000000.0,8325,12992300,0
10,5000,24,50000,0.3,0.95,10000.0,0.9,1,direct_cholmod,ok,2.6798736669879872,0.4895043329743203,0.008131500013405457,3.177509499975713,0,0,1.0257066831226022e-12,12020000,24500000,392000000.0,8325,12992300,0
10,5000,24,50000,0.3,0.95,10000.0,0.9,1,direct_splu,ok,2.690177499986021,1.1607548750180285,0.0266645000083372,3.8775968750123866,0,0,1.2536778828805919e-12,12020000,24500000,392000000.0,8325,28262040,0
10,5000,24,50000,0.3,0.95,10000.0,0.9,1,pcg_time_avg_chol_explicit_avgK,ok,2.6779906669980846,0.47137141702114604,8.743160917016212,11.892523001035443,381,0,9.719007818368055e-09,12020000,24500000,392000000.0,8325,12992300,0
10,5000,24,50000,0.3,0.95,10000.0,0.9,1,pcg_time_avg_chol_frozen_amortized_50,derived_best_case,0.053559813339961695,0.00942742834042292,8.743160917016212,8.806148158696596,381,0,9.719007818368055e-09,12020000,24500000,392000000.0,8325,12992300,0
10,5000,24,50000,0.3,0.95,10000.0,0.9,7,direct_cholmod,ok,2.6922710000071675,0.4825273340102285,0.02868283400312066,3.2034811680205166,0,0,7.58066653413402e-13,12020000,24500000,392000000.0,8325,12992300,0
10,5000,24,50000,0.3,0.95,10000.0,0.9,7,direct_splu,ok,2.725249957991764,1.100658959010616,0.01794970899936743,3.8438586260017473,0,0,8.123475730089256e-13,12020000,24500000,392000000.0,8325,27288440,0
10,5000,24,50000,0.3,0.95,10000.0,0.9,7,pcg_time_avg_chol_explicit_avgK,ok,2.674837375001516,0.47143829200649634,6.755388999998104,9.901664667006116,310,0,9.234882322300412e-09,12020000,24500000,392000000.0,8325,12992300,0
10,5000,24,50000,0.3,0.95,10000.0,0.9,7,pcg_time_avg_chol_frozen_amortized_50,derived_best_case,0.05349674750003033,0.009428765840129926,6.755388999998104,6.818314513338264,310,0,9.234882322300412e-09,12020000,24500000,392000000.0,8325,12992300,0
10,5000,24,50000,0.5,0.95,10000.0,0.9,0,direct_cholmod,ok,2.716166541998973,0.47959408300812356,0.007314957998460159,3.203075583005557,0,0,5.000639340740298e-12,12020000,24500000,392000000.0,8325,12992300,0
10,5000,24,50000,0.5,0.95,10000.0,0.9,0,direct_splu,ok,2.7486152919882443,1.5329878340126015,0.03197533299680799,4.313578458997654,0,0,6.37919385284328e-12,12020000,24500000,392000000.0,8325,34693960,0
10,5000,24,50000,0.5,0.95,10000.0,0.9,0,pcg_time_avg_chol_explicit_avgK,ok,2.734056249988498,0.4726647080096882,69.75760483299382,72.964325790992,3269,0,9.072056717907603e-09,12020000,24500000,392000000.0,8325,12992300,0
10,5000,24,50000,0.5,0.95,10000.0,0.9,0,pcg_time_avg_chol_frozen_amortized_50,derived_best_case,0.054681124999769966,0.009453294160193764,69.75760483299382,69.82173925215379,3269,0,9.072056717907603e-09,12020000,24500000,392000000.0,8325,12992300,0
10,5000,24,50000,0.5,0.95,10000.0,0.9,1,direct_cholmod,ok,2.698212749994127,0.48053049997542985,0.00754312498611398,3.186286374955671,0,0,3.974958100838084e-12,12020000,24500000,392000000.0,8325,12992300,0
10,5000,24,50000,0.5,0.95,10000.0,0.9,1,direct_splu,ok,2.6913736660208087,1.5417643330001738,0.032042874983744696,4.265180874004727,0,0,9.10164698320029e-12,12020000,24500000,392000000.0,8325,34907540,0
10,5000,24,50000,0.5,0.95,10000.0,0.9,1,pcg_time_avg_chol_explicit_avgK,ok,2.7166271660244092,0.4728607079887297,78.70987099999911,81.89935887401225,3967,0,9.610173859464913e-09,12020000,24500000,392000000.0,8325,12992300,0
10,5000,24,50000,0.5,0.95,10000.0,0.9,1,pcg_time_avg_chol_frozen_amortized_50,derived_best_case,0.05433254332048818,0.009457214159774595,78.70987099999911,78.77366075747938,3967,0,9.610173859464913e-09,12020000,24500000,392000000.0,8325,12992300,0
10,5000,24,50000,0.5,0.95,10000.0,0.9,7,direct_cholmod,ok,2.759548292000545,0.4783818750001956,0.007363624987192452,3.245293791987933,0,0,2.228559671884929e-12,12020000,24500000,392000000.0,8325,12992300,0
10,5000,24,50000,0.5,0.95,10000.0,0.9,7,direct_splu,ok,2.7158808749809396,1.5351582079892978,0.0295857910241466,4.280624873994384,0,0,4.214807255774171e-12,12020000,24500000,392000000.0,8325,34516510,0
10,5000,24,50000,0.5,0.95,10000.0,0.9,7,pcg_time_avg_chol_explicit_avgK,ok,2.7046428750036284,0.4758549169928301,57.99633041699417,61.17682820899063,2937,0,9.521900946027617e-09,12020000,24500000,392000000.0,8325,12992300,0
10,5000,24,50000,0.5,0.95,10000.0,0.9,7,pcg_time_avg_chol_frozen_amortized_50,derived_best_case,0.05409285750007257,0.009517098339856603,57.99633041699417,58.0599403728341,2937,0,9.521900946027617e-09,12020000,24500000,392000000.0,8325,12992300,0
10,10000,2,100000,0.1,0.95,10000.0,0.9,0,direct_cholmod,ok,0.2081084999954328,0.06280949999927543,0.0017078749951906502,0.2726258749898989,0,0,1.1905555575654092e-12,2099700,5000000,80000000.0,16660,2589684,0
10,10000,2,100000,0.1,0.95,10000.0,0.9,0,direct_splu,ok,0.20440395799232647,0.08996625000145286,0.004973041999619454,0.2993432499933988,0,0,7.552216934939379e-13,2099700,5000000,80000000.0,16660,5541119,0
10,10000,2,100000,0.1,0.95,10000.0,0.9,0,pcg_time_avg_chol_explicit_avgK,ok,0.2062276669894345,0.07218558300519362,0.14737916699959897,0.4257924169942271,31,0,8.456154347111636e-09,2099700,5000000,80000000.0,16660,2589684,0
10,10000,2,100000,0.1,0.95,10000.0,0.9,0,pcg_time_avg_chol_frozen_amortized_50,derived_best_case,0.00412455333978869,0.0014437116601038725,0.14737916699959897,0.15294743199949154,31,0,8.456154347111636e-09,2099700,5000000,80000000.0,16660,2589684,0
10,10000,2,100000,0.1,0.95,10000.0,0.9,1,direct_cholmod,ok,0.20540641699335538,0.06276770902331918,0.001574499998241663,0.2697486260149162,0,0,1.6137661520002444e-12,2099700,5000000,80000000.0,16660,2589684,0
10,10000,2,100000,0.1,0.95,10000.0,0.9,1,direct_splu,ok,0.20538295799633488,0.08995645798859186,0.0056939579953905195,0.30103337398031726,0,0,1.1238565669915268e-12,2099700,5000000,80000000.0,16660,5541641,0
10,10000,2,100000,0.1,0.95,10000.0,0.9,1,pcg_time_avg_chol_explicit_avgK,ok,0.20353270799387246,0.06241320900153369,0.15827625000383705,0.4242221669992432,33,0,8.961172512325604e-09,2099700,5000000,80000000.0,16660,2589684,0
10,10000,2,100000,0.1,0.95,10000.0,0.9,1,pcg_time_avg_chol_frozen_amortized_50,derived_best_case,0.004070654159877449,0.0012482641800306738,0.15827625000383705,0.16359516834374518,33,0,8.961172512325604e-09,2099700,5000000,80000000.0,16660,2589684,0
10,10000,2,100000,0.1,0.95,10000.0,0.9,7,direct_cholmod,ok,0.20561612502206117,0.0632007920066826,0.002172875014366582,0.27098979204311036,0,0,7.722730968428738e-13,2099700,5000000,80000000.0,16660,2589684,0
10,10000,2,100000,0.1,0.95,10000.0,0.9,7,direct_splu,ok,0.2111040830204729,0.0914738749852404,0.004672874987591058,0.30725083299330436,0,0,5.260209051548294e-13,2099700,5000000,80000000.0,16660,5541119,0
10,10000,2,100000,0.1,0.95,10000.0,0.9,7,pcg_time_avg_chol_explicit_avgK,ok,0.20489229098893702,0.06642866600304842,0.15780470898607746,0.4291256659780629,32,0,5.59958450659645e-09,2099700,5000000,80000000.0,16660,2589684,0
10,10000,2,100000,0.1,0.95,10000.0,0.9,7,pcg_time_avg_chol_frozen_amortized_50,derived_best_case,0.004097845819778741,0.0013285733200609684,0.15780470898607746,0.16323112812591717,32,0,5.59958450659645e-09,2099700,5000000,80000000.0,16660,2589684,0
10,10000,2,100000,0.3,0.95,10000.0,0.9,0,direct_cholmod,ok,0.2062014159746468,0.062936834001448,0.0017097090021707118,0.2708479589782655,0,0,2.136957846363172e-12,2099700,5000000,80000000.0,16660,2589684,0
10,10000,2,100000,0.3,0.95,10000.0,0.9,0,direct_splu,ok,0.20854779198998585,0.10843550000572577,0.007151208003051579,0.3241344999987632,0,0,1.6519729346187928e-12,2099700,5000000,80000000.0,16660,6247532,0
10,10000,2,100000,0.3,0.95,10000.0,0.9,0,pcg_time_avg_chol_explicit_avgK,ok,0.21022433301550336,0.0639089580217842,1.5716407499858178,1.8457740410231054,333,0,9.731908837538502e-09,2099700,5000000,80000000.0,16660,2589684,0
10,10000,2,100000,0.3,0.95,10000.0,0.9,0,pcg_time_avg_chol_frozen_amortized_50,derived_best_case,0.004204486660310067,0.001278179160435684,1.5716407499858178,1.5771234158065637,333,0,9.731908837538502e-09,2099700,5000000,80000000.0,16660,2589684,0
10,10000,2,100000,0.3,0.95,10000.0,0.9,1,direct_cholmod,ok,0.20434491700143553,0.06308066597557627,0.001675208011874929,0.26910079098888673,0,0,2.7332312710523605e-12,2099700,5000000,80000000.0,16660,2589684,0
10,10000,2,100000,0.3,0.95,10000.0,0.9,1,direct_splu,ok,0.2016588340047747,0.1117017499927897,0.006198082992341369,0.31955866698990576,0,0,2.5832183672984463e-12,2099700,5000000,80000000.0,16660,6311145,0
10,10000,2,100000,0.3,0.95,10000.0,0.9,1,pcg_time_avg_chol_explicit_avgK,ok,0.20343841597787105,0.06311120800091885,2.144429667008808,2.410979290987598,413,0,9.995189979293494e-09,2099700,5000000,80000000.0,16660,2589684,0
10,10000,2,100000,0.3,0.95,10000.0,0.9,1,pcg_time_avg_chol_frozen_amortized_50,derived_best_case,0.004068768319557421,0.001262224160018377,2.144429667008808,2.1497606594883836,413,0,9.995189979293494e-09,2099700,5000000,80000000.0,16660,2589684,0
10,10000,2,100000,0.3,0.95,10000.0,0.9,7,direct_cholmod,ok,0.21026933399843983,0.06449491600506008,0.0017040829989127815,0.2764683330024127,0,0,1.4032083162033763e-12,2099700,5000000,80000000.0,16660,2589684,0
10,10000,2,100000,0.3,0.95,10000.0,0.9,7,direct_splu,ok,0.2038488749822136,0.10883095901226625,0.006211416010046378,0.3188912500045262,0,0,1.2034189971965477e-12,2099700,5000000,80000000.0,16660,6198145,0
10,10000,2,100000,0.3,0.95,10000.0,0.9,7,pcg_time_avg_chol_explicit_avgK,ok,0.20586654200451449,0.06397937500150874,1.8307964999985415,2.1006424170045648,346,0,9.483911601499196e-09,2099700,5000000,80000000.0,16660,2589684,0
10,10000,2,100000,0.3,0.95,10000.0,0.9,7,pcg_time_avg_chol_frozen_amortized_50,derived_best_case,0.00411733084009029,0.0012795875000301748,1.8307964999985415,1.8361934183386621,346,0,9.483911601499196e-09,2099700,5000000,80000000.0,16660,2589684,0
10,10000,2,100000,0.5,0.95,10000.0,0.9,0,direct_cholmod,ok,0.2070404590049293,0.06301779198111035,0.001771375013049692,0.27182962599908933,0,0,7.309761428858029e-12,2099700,5000000,80000000.0,16660,2589684,0
10,10000,2,100000,0.5,0.95,10000.0,0.9,0,direct_splu,ok,0.20606108399806544,0.12863550000474788,0.007060333009576425,0.34175691701238975,0,0,6.98040583487894e-12,2099700,5000000,80000000.0,16660,6970117,0
10,10000,2,100000,0.5,0.95,10000.0,0.9,0,pcg_time_avg_chol_explicit_avgK,ok,0.20810787499067374,0.06237316702026874,18.062126958015142,18.332608000026084,3471,0,9.654803893314139e-09,2099700,5000000,80000000.0,16660,2589684,0
10,10000,2,100000,0.5,0.95,10000.0,0.9,0,pcg_time_avg_chol_frozen_amortized_50,derived_best_case,0.004162157499813475,0.0012474633404053748,18.062126958015142,18.06753657885536,3471,0,9.654803893314139e-09,2099700,5000000,80000000.0,16660,2589684,0
10,10000,2,100000,0.5,0.95,10000.0,0.9,1,direct_cholmod,ok,0.20721833300194703,0.06406274999608286,0.0016767499910201877,0.2729578329890501,0,0,8.811328153843051e-12,2099700,5000000,80000000.0,16660,2589684,0
10,10000,2,100000,0.5,0.95,10000.0,0.9,1,direct_splu,ok,0.20567758299876004,0.129519457987044,0.007133875013096258,0.3423309159989003,0,0,1.0108638073516777e-11,2099700,5000000,80000000.0,16660,6988460,0
10,10000,2,100000,0.5,0.95,10000.0,0.9,1,pcg_time_avg_chol_explicit_avgK,ok,0.2029810840031132,0.06323704202077352,24.65724187498563,24.923460001009516,4823,0,9.876935492145525e-09,2099700,5000000,80000000.0,16660,2589684,0
10,10000,2,100000,0.5,0.95,10000.0,0.9,1,pcg_time_avg_chol_frozen_amortized_50,derived_best_case,0.0040596216800622646,0.0012647408404154704,24.65724187498563,24.66256623750611,4823,0,9.876935492145525e-09,2099700,5000000,80000000.0,16660,2589684,0
10,10000,2,100000,0.5,0.95,10000.0,0.9,7,direct_cholmod,ok,0.20642366699757986,0.06410204200074077,0.0021177919988986105,0.27264350099721923,0,0,5.326279831198444e-12,2099700,5000000,80000000.0,16660,2589684,0
10,10000,2,100000,0.5,0.95,10000.0,0.9,7,direct_splu,ok,0.2062711250036955,0.12903845799155533,0.007000916986726224,0.34231049998197705,0,0,5.628686619691967e-12,2099700,5000000,80000000.0,16660,6988373,0
10,10000,2,100000,0.5,0.95,10000.0,0.9,7,pcg_time_avg_chol_explicit_avgK,ok,0.20699295800295658,0.06724062500870787,19.929618790978566,20.20385237399023,3854,0,9.67994016572701e-09,2099700,5000000,80000000.0,16660,2589684,0
10,10000,2,100000,0.5,0.95,10000.0,0.9,7,pcg_time_avg_chol_frozen_amortized_50,derived_best_case,0.004139859160059132,0.0013448125001741572,19.929618790978566,19.9351034626388,3854,0,9.67994016572701e-09,2099700,5000000,80000000.0,16660,2589684,0
10,10000,12,100000,0.1,0.95,10000.0,0.9,0,direct_cholmod,ok,1.8148218750138767,0.5700771670090035,0.013022416998865083,2.3979214590217452,0,0,5.64205254420519e-13,12092200,25000000,400000000.0,16660,13541000,0
10,10000,12,100000,0.1,0.95,10000.0,0.9,0,direct_splu,ok,1.7895537909935229,0.6783415000245441,0.02379941599792801,2.491694707015995,0,0,5.343439196087499e-13,12092200,25000000,400000000.0,16660,26099500,0
10,10000,12,100000,0.1,0.95,10000.0,0.9,0,pcg_time_avg_chol_explicit_avgK,ok,1.7641242499812506,0.5682192090025637,0.718413791997591,3.0507572509814054,31,0,8.515934901646474e-09,12092200,25000000,400000000.0,16660,13541000,0
10,10000,12,100000,0.1,0.95,10000.0,0.9,0,pcg_time_avg_chol_frozen_amortized_50,derived_best_case,0.03528248499962501,0.011364384180051274,0.718413791997591,0.7650606611772673,31,0,8.515934901646474e-09,12092200,25000000,400000000.0,16660,13541000,0
10,10000,12,100000,0.1,0.95,10000.0,0.9,1,direct_cholmod,ok,1.7698314169829246,0.5816276250116061,0.009840457991231233,2.361299499985762,0,0,5.250423074671514e-13,12092200,25000000,400000000.0,16660,13541000,0
10,10000,12,100000,0.1,0.95,10000.0,0.9,1,direct_splu,ok,1.7860464999976102,0.6747412919939961,0.024384916003327817,2.485172707994934,0,0,5.01892182462511e-13,12092200,25000000,400000000.0,16660,26099500,0
10,10000,12,100000,0.1,0.95,10000.0,0.9,1,pcg_time_avg_chol_explicit_avgK,ok,1.7739327499875799,0.5884831250004936,0.7521707910054829,3.1145866659935564,33,0,7.345362511940681e-09,12092200,25000000,400000000.0,16660,13541000,0
10,10000,12,100000,0.1,0.95,10000.0,0.9,1,pcg_time_avg_chol_frozen_amortized_50,derived_best_case,0.0354786549997516,0.011769662500009872,0.7521707910054829,0.7994191085052443,33,0,7.345362511940681e-09,12092200,25000000,400000000.0,16660,13541000,0
10,10000,12,100000,0.1,0.95,10000.0,0.9,7,direct_cholmod,ok,1.7856978340132628,0.5745009999955073,0.009835208009462804,2.370034042018233,0,0,4.5453257438451083e-13,12092200,25000000,400000000.0,16660,13541000,0
10,10000,12,100000,0.1,0.95,10000.0,0.9,7,direct_splu,ok,1.7793585830077063,0.6783301249961369,0.020750041003338993,2.478438749007182,0,0,4.3752475190949485e-13,12092200,25000000,400000000.0,16660,26099500,0
10,10000,12,100000,0.1,0.95,10000.0,0.9,7,pcg_time_avg_chol_explicit_avgK,ok,1.7528317910037003,0.5636778330081142,0.7119684999925084,3.028478124004323,31,0,6.064032126447637e-09,12092200,25000000,400000000.0,16660,13541000,0
10,10000,12,100000,0.1,0.95,10000.0,0.9,7,pcg_time_avg_chol_frozen_amortized_50,derived_best_case,0.035056635820074004,0.011273556660162285,0.7119684999925084,0.7582986924727447,31,0,6.064032126447637e-09,12092200,25000000,400000000.0,16660,13541000,0
10,10000,12,100000,0.3,0.95,10000.0,0.9,0,direct_cholmod,ok,1.8026565840118565,0.5707995840057265,0.010051291988929734,2.3835074600065127,0,0,9.907609611248381e-13,12092200,25000000,400000000.0,16660,13541000,0
10,10000,12,100000,0.3,0.95,10000.0,0.9,0,direct_splu,ok,1.843259291985305,0.7506280830129981,0.02245333298924379,2.616340707987547,0,0,1.0173690679768664e-12,12092200,25000000,400000000.0,16660,28264860,0
10,10000,12,100000,0.3,0.95,10000.0,0.9,0,pcg_time_avg_chol_explicit_avgK,ok,1.7567582500050776,0.5791529160051141,7.593414749979274,9.929325915989466,335,0,9.404425910300774e-09,12092200,25000000,400000000.0,16660,13541000,0
10,10000,12,100000,0.3,0.95,10000.0,0.9,0,pcg_time_avg_chol_frozen_amortized_50,derived_best_case,0.035135165000101554,0.011583058320102282,7.593414749979274,7.640132973299478,335,0,9.404425910300774e-09,12092200,25000000,400000000.0,16660,13541000,0
10,10000,12,100000,0.3,0.95,10000.0,0.9,1,direct_cholmod,ok,1.8098734169907402,0.5790730829758104,0.009773291007149965,2.3987197909737006,0,0,1.0082881168242971e-12,12092200,25000000,400000000.0,16660,13541000,0
10,10000,12,100000,0.3,0.95,10000.0,0.9,1,direct_splu,ok,1.7609907909936737,0.7704446660063695,0.02441641699988395,2.555851873999927,0,0,1.096509229792825e-12,12092200,25000000,400000000.0,16660,29050700,0
10,10000,12,100000,0.3,0.95,10000.0,0.9,1,pcg_time_avg_chol_explicit_avgK,ok,1.762642459012568,0.5626583749835845,9.16892979198019,11.494230625976343,406,0,9.963395324950019e-09,12092200,25000000,400000000.0,16660,13541000,0
10,10000,12,100000,0.3,0.95,10000.0,0.9,1,pcg_time_avg_chol_frozen_amortized_50,derived_best_case,0.03525284918025136,0.01125316749967169,9.16892979198019,9.215435808660112,406,0,9.963395324950019e-09,12092200,25000000,400000000.0,16660,13541000,0
10,10000,12,100000,0.3,0.95,10000.0,0.9,7,direct_cholmod,ok,1.7967782079940662,0.6063154579896946,0.01024954198510386,2.4133432079688646,0,0,8.883925191508623e-13,12092200,25000000,400000000.0,16660,13541000,0
10,10000,12,100000,0.3,0.95,10000.0,0.9,7,direct_splu,ok,1.8504578749998473,0.7760646670067217,0.026169167016632855,2.652691709023202,0,0,9.72650758511772e-13,12092200,25000000,400000000.0,16660,28666790,0
10,10000,12,100000,0.3,0.95,10000.0,0.9,7,pcg_time_avg_chol_explicit_avgK,ok,1.8114118339726701,0.5711191250011325,7.750646166008664,10.133177124982467,341,0,9.36222599500613e-09,12092200,25000000,400000000.0,16660,13541000,0
10,10000,12,100000,0.3,0.95,10000.0,0.9,7,pcg_time_avg_chol_frozen_amortized_50,derived_best_case,0.0362282366794534,0.01142238250002265,7.750646166008664,7.79829678518814,341,0,9.36222599500613e-09,12092200,25000000,400000000.0,16660,13541000,0
10,10000,12,100000,0.5,0.95,10000.0,0.9,0,direct_cholmod,ok,1.7820239169814158,0.5808400000096299,0.00986824999563396,2.3727321669866797,0,0,3.452708999940662e-12,12092200,25000000,400000000.0,16660,13541000,0
10,10000,12,100000,0.5,0.95,10000.0,0.9,0,direct_splu,ok,1.7817670420045033,0.9807736660004593,0.031145417015068233,2.793686125020031,0,0,7.1737032895164736e-12,12092200,25000000,400000000.0,16660,35315830,0
10,10000,12,100000,0.5,0.95,10000.0,0.9,0,pcg_time_avg_chol_explicit_avgK,ok,1.779690124996705,0.5645895829948131,79.59560608299216,81.93988579098368,3476,0,9.898042425272982e-09,12092200,25000000,400000000.0,16660,13541000,0
10,10000,12,100000,0.5,0.95,10000.0,0.9,0,pcg_time_avg_chol_frozen_amortized_50,derived_best_case,0.0355938024999341,0.011291791659896262,79.59560608299216,79.642491677152,3476,0,9.898042425272982e-09,12092200,25000000,400000000.0,16660,13541000,0
10,10000,12,100000,0.5,0.95,10000.0,0.9,1,direct_cholmod,ok,1.7604731250030454,0.570105708000483,0.009926667000399902,2.3405055000039283,0,0,3.6022314871265467e-12,12092200,25000000,400000000.0,16660,13541000,0
10,10000,12,100000,0.5,0.95,10000.0,0.9,1,direct_splu,ok,1.7728504160186276,0.9845773749984801,0.03206470800796524,2.789492499025073,0,0,7.167587684349868e-12,12092200,25000000,400000000.0,16660,35607540,0
10,10000,12,100000,0.5,0.95,10000.0,0.9,1,pcg_time_avg_chol_explicit_avgK,ok,1.7581997080123983,0.5654980420076754,107.70400754199363,110.0277052920137,4658,0,9.679258441047882e-09,12092200,25000000,400000000.0,16660,13541000,0
10,10000,12,100000,0.5,0.95,10000.0,0.9,1,pcg_time_avg_chol_frozen_amortized_50,derived_best_case,0.035163994160247965,0.011309960840153508,107.70400754199363,107.75048149699404,4658,0,9.679258441047882e-09,12092200,25000000,400000000.0,16660,13541000,0
10,10000,12,100000,0.5,0.95,10000.0,0.9,7,direct_cholmod,ok,1.7597587080090307,0.5932235409854911,0.009869791014352813,2.3628520400088746,0,0,4.263763419507025e-12,12092200,25000000,400000000.0,16660,13541000,0
10,10000,12,100000,0.5,0.95,10000.0,0.9,7,direct_splu,ok,1.8159532079880591,0.9919452499889303,0.03343187502468936,2.841330333001679,0,0,6.729985182880277e-12,12092200,25000000,400000000.0,16660,35409640,0
10,10000,12,100000,0.5,0.95,10000.0,0.9,7,pcg_time_avg_chol_explicit_avgK,ok,1.8394052080111578,0.5764381670160219,87.27750329198898,89.69334666701616,3832,0,9.771596252241847e-09,12092200,25000000,400000000.0,16660,13541000,0
10,10000,12,100000,0.5,0.95,10000.0,0.9,7,pcg_time_avg_chol_frozen_amortized_50,derived_best_case,0.036788104160223156,0.011528763340320438,87.27750329198898,87.32582015948952,3832,0,9.771596252241847e-09,12092200,25000000,400000000.0,16660,13541000,0
10,10000,24,100000,0.1,0.95,10000.0,0.9,0,direct_cholmod,ok,5.544297500018729,0.9662477920064703,0.0280637500109151,6.538609042036114,0,0,4.786242973726789e-13,24070000,49000000,784000000.0,16660,26017300,0
10,10000,24,100000,0.1,0.95,10000.0,0.9,0,direct_splu,ok,5.477081290999195,1.9531446249748114,0.035753667005337775,7.465979582979344,0,0,5.032853255255897e-13,24070000,49000000,784000000.0,16660,50098300,0
10,10000,24,100000,0.1,0.95,10000.0,0.9,0,pcg_time_avg_chol_explicit_avgK,ok,5.480101291992469,0.9561541670118459,1.2815872920036782,7.717842751007993,31,0,6.847001960086662e-09,24070000,49000000,784000000.0,16660,26017300,0
10,10000,24,100000,0.1,0.95,10000.0,0.9,0,pcg_time_avg_chol_frozen_amortized_50,derived_best_case,0.10960202583984938,0.019123083340236918,1.2815872920036782,1.4103124011837644,31,0,6.847001960086662e-09,24070000,49000000,784000000.0,16660,26017300,0
10,10000,24,100000,0.1,0.95,10000.0,0.9,1,direct_cholmod,ok,5.4784767079981975,0.9558575419941917,0.02371241702348925,6.4580466670158785,0,0,6.049025815447128e-13,24070000,49000000,784000000.0,16660,26017300,0
10,10000,24,100000,0.1,0.95,10000.0,0.9,1,direct_splu,ok,5.4281955839833245,1.946511250018375,0.0384665000019595,7.413173334003659,0,0,6.436162563665056e-13,24070000,49000000,784000000.0,16660,50098300,0
10,10000,24,100000,0.1,0.95,10000.0,0.9,1,pcg_time_avg_chol_explicit_avgK,ok,5.427777250006329,0.9522792080242652,1.4001614170265384,7.780217875057133,33,0,8.439042030128415e-09,24070000,49000000,784000000.0,16660,26017300,0
10,10000,24,100000,0.1,0.95,10000.0,0.9,1,pcg_time_avg_chol_frozen_amortized_50,derived_best_case,0.10855554500012658,0.019045584160485306,1.4001614170265384,1.5277625461871502,33,0,8.439042030128415e-09,24070000,49000000,784000000.0,16660,26017300,0
10,10000,24,100000,0.1,0.95,10000.0,0.9,7,direct_cholmod,ok,5.419978709018324,0.9570547500043176,0.020766375004313886,6.397799834026955,0,0,3.995192916680163e-13,24070000,49000000,784000000.0,16660,26017300,0
10,10000,24,100000,0.1,0.95,10000.0,0.9,7,direct_splu,ok,5.422800833010115,1.9495425840141252,0.03707654101890512,7.409419958043145,0,0,4.166039024349239e-13,24070000,49000000,784000000.0,16660,50098300,0
10,10000,24,100000,0.1,0.95,10000.0,0.9,7,pcg_time_avg_chol_explicit_avgK,ok,5.4022492920048535,0.9533237499999814,1.242730041994946,7.598303083999781,31,0,6.997249066363986e-09,24070000,49000000,784000000.0,16660,26017300,0
10,10000,24,100000,0.1,0.95,10000.0,0.9,7,pcg_time_avg_chol_frozen_amortized_50,derived_best_case,0.10804498584009707,0.019066474999999628,1.242730041994946,1.3698415028350428,31,0,6.997249066363986e-09,24070000,49000000,784000000.0,16660,26017300,0
10,10000,24,100000,0.3,0.95,10000.0,0.9,0,direct_cholmod,ok,5.426671624998562,0.9538101249781903,0.02397408298566006,6.404455832962412,0,0,9.346510732740235e-13,24070000,49000000,784000000.0,16660,26017300,0
10,10000,24,100000,0.3,0.95,10000.0,0.9,0,direct_splu,ok,5.435477082995931,2.1669345000118483,0.03974383301101625,7.642155416018795,0,0,9.770570742797452e-13,24070000,49000000,784000000.0,16660,54120650,0
10,10000,24,100000,0.3,0.95,10000.0,0.9,0,pcg_time_avg_chol_explicit_avgK,ok,5.43688758398639,0.9579833339957986,14.52075233400683,20.915623251989018,334,0,9.795025321802454e-09,24070000,49000000,784000000.0,16660,26017300,0
10,10000,24,100000,0.3,0.95,10000.0,0.9,0,pcg_time_avg_chol_frozen_amortized_50,derived_best_case,0.10873775167972781,0.019159666679915973,14.52075233400683,14.648649752366474,334,0,9.795025321802454e-09,24070000,49000000,784000000.0,16660,26017300,0
10,10000,24,100000,0.3,0.95,10000.0,0.9,1,direct_cholmod,ok,5.429129708005348,0.968940416991245,0.06190904197865166,6.459979166975245,0,0,1.129226302984026e-12,24070000,49000000,784000000.0,16660,26017300,0
10,10000,24,100000,0.3,0.95,10000.0,0.9,1,direct_splu,ok,5.425218707998283,2.270290375017794,0.04268579199560918,7.738194875011686,0,0,1.399975499036684e-12,24070000,49000000,784000000.0,16660,56141170,0
10,10000,24,100000,0.3,0.95,10000.0,0.9,1,pcg_time_avg_chol_explicit_avgK,ok,5.415385416999925,0.9487663749896456,17.614962916995864,23.979114708985435,408,0,9.693016960248178e-09,24070000,49000000,784000000.0,16660,26017300,0
10,10000,24,100000,0.3,0.95,10000.0,0.9,1,pcg_time_avg_chol_frozen_amortized_50,derived_best_case,0.1083077083399985,0.018975327499792912,17.614962916995864,17.742245952835656,408,0,9.693016960248178e-09,24070000,49000000,784000000.0,16660,26017300,0
10,10000,24,100000,0.3,0.95,10000.0,0.9,7,direct_cholmod,ok,5.435563625011127,0.9565915830025915,0.020519582991255447,6.412674791004974,0,0,9.5370519329285e-13,24070000,49000000,784000000.0,16660,26017300,0
10,10000,24,100000,0.3,0.95,10000.0,0.9,7,direct_splu,ok,5.4134074579924345,2.2015739170019515,0.04084508298547007,7.655826457979856,0,0,9.761863584630935e-13,24070000,49000000,784000000.0,16660,54829490,0
10,10000,24,100000,0.3,0.95,10000.0,0.9,7,pcg_time_avg_chol_explicit_avgK,ok,5.434475040994585,0.9519420840078965,13.911531916994136,20.297949041996617,344,0,9.229269233692301e-09,24070000,49000000,784000000.0,16660,26017300,0
10,10000,24,100000,0.3,0.95,10000.0,0.9,7,pcg_time_avg_chol_frozen_amortized_50,derived_best_case,0.10868950081989169,0.01903884168015793,13.911531916994136,14.039260259494185,344,0,9.229269233692301e-09,24070000,49000000,784000000.0,16660,26017300,0
10,10000,24,100000,0.5,0.95,10000.0,0.9,0,direct_cholmod,ok,5.4470122499915306,0.9706585420062765,0.02430333400843665,6.441974126006244,0,0,4.1824375733634566e-12,24070000,49000000,784000000.0,16660,26017300,0
10,10000,24,100000,0.5,0.95,10000.0,0.9,0,direct_splu,ok,5.466279625019524,3.0278077079856303,0.05626250000204891,8.550349833007203,0,0,5.912317321628309e-12,24070000,49000000,784000000.0,16660,69300760,0
10,10000,24,100000,0.5,0.95,10000.0,0.9,0,pcg_time_avg_chol_explicit_avgK,ok,5.399643459008075,0.9396477499976754,141.18259845901048,147.52188966801623,3525,0,9.976165176153357e-09,24070000,49000000,784000000.0,16660,26017300,0
10,10000,24,100000,0.5,0.95,10000.0,0.9,0,pcg_time_avg_chol_frozen_amortized_50,derived_best_case,0.1079928691801615,0.01879295499995351,141.18259845901048,141.30938428319058,3525,0,9.976165176153357e-09,24070000,49000000,784000000.0,16660,26017300,0
10,10000,24,100000,0.5,0.95,10000.0,0.9,1,direct_cholmod,ok,5.434044583991636,0.963902416988276,0.02168350000283681,6.419630500982748,0,0,4.858462369027385e-12,24070000,49000000,784000000.0,16660,26017300,0
10,10000,24,100000,0.5,0.95,10000.0,0.9,1,direct_splu,ok,5.461736666009529,3.0860002920089755,0.05947408301290125,8.607211041031405,0,0,9.10792428793853e-12,24070000,49000000,784000000.0,16660,69851080,0
10,10000,24,100000,0.5,0.95,10000.0,0.9,1,pcg_time_avg_chol_explicit_avgK,ok,5.419274249987211,0.9536535000079311,211.0803731670021,217.45330091699725,4842,0,9.378537714002658e-09,24070000,49000000,784000000.0,16660,26017300,0
10,10000,24,100000,0.5,0.95,10000.0,0.9,1,pcg_time_avg_chol_frozen_amortized_50,derived_best_case,0.10838548499974422,0.019073070000158624,211.0803731670021,211.207831722002,4842,0,9.378537714002658e-09,24070000,49000000,784000000.0,16660,26017300,0
10,10000,24,100000,0.5,0.95,10000.0,0.9,7,direct_cholmod,ok,5.5000756249937695,0.9531760409881826,0.016359792003640905,6.469611457985593,0,0,3.974072746933232e-12,24070000,49000000,784000000.0,16660,26017300,0
10,10000,24,100000,0.5,0.95,10000.0,0.9,7,direct_splu,ok,5.521339457976865,3.028589875000762,0.05534699998679571,8.605276332964422,0,0,6.219121242543526e-12,24070000,49000000,784000000.0,16660,69416250,0
10,10000,24,100000,0.5,0.95,10000.0,0.9,7,pcg_time_avg_chol_explicit_avgK,ok,5.457553082989762,0.9666466249909718,155.05465229201945,161.4788520000002,3807,0,9.787250693807952e-09,24070000,49000000,784000000.0,16660,26017300,0
10,10000,24,100000,0.5,0.95,10000.0,0.9,7,pcg_time_avg_chol_frozen_amortized_50,derived_best_case,0.10915106165979523,0.019332932499819436,155.05465229201945,155.18313628617906,3807,0,9.787250693807952e-09,24070000,49000000,784000000.0,16660,26017300,0
20,480,2,9600,0.1,0.95,10000.0,0.9,0,direct_cholmod,ok,0.041543458006344736,0.012562042014906183,0.00042404100531712174,0.05452954102656804,0,0,1.4744238534362372e-12,392400,960000,15360000.0,795,493121,0
20,480,2,9600,0.1,0.95,10000.0,0.9,0,direct_splu,ok,0.04167512498679571,0.02070041702245362,0.0009250000002793968,0.06330054200952873,0,0,1.4977539893353052e-12,392400,960000,15360000.0,795,1054224,0
20,480,2,9600,0.1,0.95,10000.0,0.9,0,pcg_time_avg_chol_explicit_avgK,ok,0.042151708010351285,0.01271724997786805,0.017932083981577307,0.07280104196979664,24,0,7.833224246450751e-09,392400,960000,15360000.0,795,493121,0
20,480,2,9600,0.1,0.95,10000.0,0.9,0,pcg_time_avg_chol_frozen_amortized_50,derived_best_case,0.0008430341602070257,0.000254344999557361,0.017932083981577307,0.019029463141341695,24,0,7.833224246450751e-09,392400,960000,15360000.0,795,493121,0
20,480,2,9600,0.1,0.95,10000.0,0.9,1,direct_cholmod,ok,0.042425916995853186,0.012877041997853667,0.0004188750172033906,0.05572183401091024,0,0,1.6093911614969152e-12,392400,960000,15360000.0,795,493121,0
20,480,2,9600,0.1,0.95,10000.0,0.9,1,direct_splu,ok,0.04179354099323973,0.01857629098230973,0.0005103330186102539,0.06088016499415971,0,0,1.7615850197202373e-12,392400,960000,15360000.0,795,1054224,0
20,480,2,9600,0.1,0.95,10000.0,0.9,1,pcg_time_avg_chol_explicit_avgK,ok,0.041690415993798524,0.013017916993703693,0.021646374982083216,0.07635470796958543,26,0,6.977434673116952e-09,392400,960000,15360000.0,795,493121,0
20,480,2,9600,0.1,0.95,10000.0,0.9,1,pcg_time_avg_chol_frozen_amortized_50,derived_best_case,0.0008338083198759704,0.00026035833987407385,0.021646374982083216,0.02274054164183326,26,0,6.977434673116952e-09,392400,960000,15360000.0,795,493121,0
20,480,2,9600,0.1,0.95,10000.0,0.9,7,direct_cholmod,ok,0.04162895801709965,0.012661583023145795,0.00037820800207555294,0.054668749042320997,0,0,2.3323215280234425e-12,392400,960000,15360000.0,795,493121,0
20,480,2,9600,0.1,0.95,10000.0,0.9,7,direct_splu,ok,0.0429440000152681,0.019099875004030764,0.0006269589939620346,0.0626708340132609,0,0,2.5133303505710825e-12,392400,960000,15360000.0,795,1054224,0
20,480,2,9600,0.1,0.95,10000.0,0.9,7,pcg_time_avg_chol_explicit_avgK,ok,0.04225645799306221,0.013476042018737644,0.022169292002217844,0.0779017920140177,28,0,9.139695131025713e-09,392400,960000,15360000.0,795,493121,0
20,480,2,9600,0.1,0.95,10000.0,0.9,7,pcg_time_avg_chol_frozen_amortized_50,derived_best_case,0.0008451291598612443,0.0002695208403747529,0.022169292002217844,0.02328394200245384,28,0,9.139695131025713e-09,392400,960000,15360000.0,795,493121,0
20,480,2,9600,0.3,0.95,10000.0,0.9,0,direct_cholmod,ok,0.042358792008599266,0.01320383299025707,0.000646458996925503,0.05620908399578184,0,0,2.3762718191917387e-12,392400,960000,15360000.0,795,493121,0
20,480,2,9600,0.3,0.95,10000.0,0.9,0,direct_splu,ok,0.04203758400399238,0.021863000001758337,0.0007585829880554229,0.06465916699380614,0,0,4.6227250322985106e-12,392400,960000,15360000.0,795,1234478,0
20,480,2,9600,0.3,0.95,10000.0,0.9,0,pcg_time_avg_chol_explicit_avgK,ok,0.04327166601433419,0.012677916995016858,0.11904170800698921,0.17499129101634026,151,0,9.14896543317839e-09,392400,960000,15360000.0,795,493121,0
20,480,2,9600,0.3,0.95,10000.0,0.9,0,pcg_time_avg_chol_frozen_amortized_50,derived_best_case,0.0008654333202866838,0.0002535583399003372,0.11904170800698921,0.12016069966717623,151,0,9.14896543317839e-09,392400,960000,15360000.0,795,493121,0
20,480,2,9600,0.3,0.95,10000.0,0.9,1,direct_cholmod,ok,0.04313462498248555,0.013131334009813145,0.000760833005188033,0.057026791997486725,0,0,2.165340522983995e-12,392400,960000,15360000.0,795,493121,0
20,480,2,9600,0.3,0.95,10000.0,0.9,1,direct_splu,ok,0.041844749997835606,0.021310999989509583,0.0006939159939065576,0.06384966598125175,0,0,3.614079878978858e-12,392400,960000,15360000.0,795,1195149,0
20,480,2,9600,0.3,0.95,10000.0,0.9,1,pcg_time_avg_chol_explicit_avgK,ok,0.04259979201015085,0.012779957993188873,0.14571887499187142,0.20109862499521114,190,0,8.30545393341182e-09,392400,960000,15360000.0,795,493121,0
20,480,2,9600,0.3,0.95,10000.0,0.9,1,pcg_time_avg_chol_frozen_amortized_50,derived_best_case,0.000851995840203017,0.00025559915986377745,0.14571887499187142,0.1468264699919382,190,0,8.30545393341182e-09,392400,960000,15360000.0,795,493121,0
20,480,2,9600,0.3,0.95,10000.0,0.9,7,direct_cholmod,ok,0.041426625015446916,0.012711542018223554,0.000430375017458573,0.05456854205112904,0,0,4.187198796647452e-12,392400,960000,15360000.0,795,493121,0
20,480,2,9600,0.3,0.95,10000.0,0.9,7,direct_splu,ok,0.04132970797945745,0.022090249985922128,0.000684458005707711,0.06410441597108729,0,0,1.212487541833848e-11,392400,960000,15360000.0,795,1244805,0
20,480,2,9600,0.3,0.95,10000.0,0.9,7,pcg_time_avg_chol_explicit_avgK,ok,0.04081366598256864,0.012658583000302315,0.18582266697194427,0.23929491595481522,240,0,9.792421029139175e-09,392400,960000,15360000.0,795,493121,0
20,480,2,9600,0.3,0.95,10000.0,0.9,7,pcg_time_avg_chol_frozen_amortized_50,derived_best_case,0.0008162733196513727,0.0002531716600060463,0.18582266697194427,0.18689211195160169,240,0,9.792421029139175e-09,392400,960000,15360000.0,795,493121,0
20,480,2,9600,0.5,0.95,10000.0,0.9,0,direct_cholmod,ok,0.04075129100237973,0.012451791000785306,0.00037533300928771496,0.05357841501245275,0,0,6.136450978119591e-12,392400,960000,15360000.0,795,493121,0
20,480,2,9600,0.5,0.95,10000.0,0.9,0,direct_splu,ok,0.04132858299999498,0.024187874980270863,0.0006843750015832484,0.06620083298184909,0,0,2.319014014370902e-11,392400,960000,15360000.0,795,1351028,0
20,480,2,9600,0.5,0.95,10000.0,0.9,0,pcg_time_avg_chol_explicit_avgK,ok,0.04109687500749715,0.012524083984317258,0.6806635000102688,0.7342844590020832,871,0,9.528512148096025e-09,392400,960000,15360000.0,795,493121,0
20,480,2,9600,0.5,0.95,10000.0,0.9,0,pcg_time_avg_chol_frozen_amortized_50,derived_best_case,0.000821937500149943,0.0002504816796863452,0.6806635000102688,0.681735919190105,871,0,9.528512148096025e-09,392400,960000,15360000.0,795,493121,0
20,480,2,9600,0.5,0.95,10000.0,0.9,1,direct_cholmod,ok,0.042408541979966685,0.01274454197846353,0.00043408299097791314,0.05558716694940813,0,0,6.00112780619248e-12,392400,960000,15360000.0,795,493121,0
20,480,2,9600,0.5,0.95,10000.0,0.9,1,direct_splu,ok,0.042730582994408906,0.024526000022888184,0.0007455839950125664,0.06800216701230966,0,0,1.8550447134013983e-11,392400,960000,15360000.0,795,1351576,0
20,480,2,9600,0.5,0.95,10000.0,0.9,1,pcg_time_avg_chol_explicit_avgK,ok,0.040840875008143485,0.01260083299712278,1.1301621249876916,1.183603832992958,1359,0,9.058287989796547e-09,392400,960000,15360000.0,795,493121,0
20,480,2,9600,0.5,0.95,10000.0,0.9,1,pcg_time_avg_chol_frozen_amortized_50,derived_best_case,0.0008168175001628697,0.0002520166599424556,1.1301621249876916,1.131230959147797,1359,0,9.058287989796547e-09,392400,960000,15360000.0,795,493121,0
20,480,2,9600,0.5,0.95,10000.0,0.9,7,direct_cholmod,ok,0.0407805830182042,0.012706708017503843,0.0003744999994523823,0.05386179103516042,0,0,2.260996330660762e-11,392400,960000,15360000.0,795,493121,0
20,480,2,9600,0.5,0.95,10000.0,0.9,7,direct_splu,ok,0.04326820801361464,0.025247500016121194,0.0007872499991208315,0.06930295802885666,0,0,1.086109488931125e-10,392400,960000,15360000.0,795,1354650,0
20,480,2,9600,0.5,0.95,10000.0,0.9,7,pcg_time_avg_chol_explicit_avgK,ok,0.04119220798020251,0.01260683301370591,1.5054271660046652,1.5592262069985736,1870,0,9.030369725632692e-09,392400,960000,15360000.0,795,493121,0
20,480,2,9600,0.5,0.95,10000.0,0.9,7,pcg_time_avg_chol_frozen_amortized_50,derived_best_case,0.0008238441596040503,0.0002521366602741182,1.5054271660046652,1.5065031468245433,1870,0,9.030369725632692e-09,392400,960000,15360000.0,795,493121,0
20,480,12,9600,0.1,0.95,10000.0,0.9,0,direct_cholmod,ok,0.5415755000140052,0.0944195419724565,0.001301624986808747,0.6372966669732705,0,0,1.4784469819069968e-12,2282400,4800000,76800000.0,795,2468800,0
20,480,12,9600,0.1,0.95,10000.0,0.9,0,direct_splu,ok,0.5328586660034489,0.1652305829920806,0.0019272910139989108,0.7000165400095284,0,0,1.0481861735528451e-12,2282400,4800000,76800000.0,795,5000000,0
20,480,12,9600,0.1,0.95,10000.0,0.9,0,pcg_time_avg_chol_explicit_avgK,ok,0.5340424999885727,0.09211916697677225,0.1052732499956619,0.7314349169610068,27,0,9.81141440939439e-09,2282400,4800000,76800000.0,795,2468800,0
20,480,12,9600,0.1,0.95,10000.0,0.9,0,pcg_time_avg_chol_frozen_amortized_50,derived_best_case,0.010680849999771454,0.001842383339535445,0.1052732499956619,0.1177964833349688,27,0,9.81141440939439e-09,2282400,4800000,76800000.0,795,2468800,0
20,480,12,9600,0.1,0.95,10000.0,0.9,1,direct_cholmod,ok,0.5319947079988196,0.0928867910115514,0.0013034169969614595,0.6261849160073325,0,0,6.937553645067782e-13,2282400,4800000,76800000.0,795,2468800,0
20,480,12,9600,0.1,0.95,10000.0,0.9,1,direct_splu,ok,0.5311215829860885,0.16336254100315273,0.0022925829980522394,0.6967767069872934,0,0,6.809570003067414e-13,2282400,4800000,76800000.0,795,5000000,0
20,480,12,9600,0.1,0.95,10000.0,0.9,1,pcg_time_avg_chol_explicit_avgK,ok,0.5386754999926779,0.0941264170105569,0.1040908330178354,0.7368927500210702,26,0,8.820821158253746e-09,2282400,4800000,76800000.0,795,2468800,0
20,480,12,9600,0.1,0.95,10000.0,0.9,1,pcg_time_avg_chol_frozen_amortized_50,derived_best_case,0.010773509999853558,0.0018825283402111382,0.1040908330178354,0.11674687135790009,26,0,8.820821158253746e-09,2282400,4800000,76800000.0,795,2468800,0
20,480,12,9600,0.1,0.95,10000.0,0.9,7,direct_cholmod,ok,0.5387415419972967,0.09309462498640642,0.0013569169968832284,0.6331930839805864,0,0,5.035591986134669e-13,2282400,4800000,76800000.0,795,2468800,0
20,480,12,9600,0.1,0.95,10000.0,0.9,7,direct_splu,ok,0.5315970829979051,0.1624640410009306,0.00236304197460413,0.6964241659734398,0,0,4.676261257513003e-13,2282400,4800000,76800000.0,795,5000000,0
20,480,12,9600,0.1,0.95,10000.0,0.9,7,pcg_time_avg_chol_explicit_avgK,ok,0.5338241669815034,0.09440495900344104,0.10396554198814556,0.73219466797309,28,0,8.695936270592616e-09,2282400,4800000,76800000.0,795,2468800,0
20,480,12,9600,0.1,0.95,10000.0,0.9,7,pcg_time_avg_chol_frozen_amortized_50,derived_best_case,0.010676483339630068,0.0018880991800688208,0.10396554198814556,0.11653012450784445,28,0,8.695936270592616e-09,2282400,4800000,76800000.0,795,2468800,0
20,480,12,9600,0.3,0.95,10000.0,0.9,0,direct_cholmod,ok,0.5321316670160741,0.0928600000042934,0.0012491249945014715,0.6262407920148689,0,0,1.977030733507759e-12,2282400,4800000,76800000.0,795,2468800,0
20,480,12,9600,0.3,0.95,10000.0,0.9,0,direct_splu,ok,0.5378049580031075,0.19445995800197124,0.002801041991915554,0.7350659579969943,0,0,1.9421625784204227e-12,2282400,4800000,76800000.0,795,5643220,0
20,480,12,9600,0.3,0.95,10000.0,0.9,0,pcg_time_avg_chol_explicit_avgK,ok,0.5304949159908574,0.09072595799807459,0.8773734160058666,1.4985942899947986,233,0,9.42407141940767e-09,2282400,4800000,76800000.0,795,2468800,0
20,480,12,9600,0.3,0.95,10000.0,0.9,0,pcg_time_avg_chol_frozen_amortized_50,derived_best_case,0.010609898319817148,0.0018145191599614919,0.8773734160058666,0.8897978334856452,233,0,9.42407141940767e-09,2282400,4800000,76800000.0,795,2468800,0
20,480,12,9600,0.3,0.95,10000.0,0.9,1,direct_cholmod,ok,0.5316529170086142,0.09032287501031533,0.0015521250024903566,0.6235279170214199,0,0,1.0534246298780362e-12,2282400,4800000,76800000.0,795,2468800,0
20,480,12,9600,0.3,0.95,10000.0,0.9,1,direct_splu,ok,0.5442657499806955,0.1952196250203997,0.0026230000075884163,0.7421083750086837,0,0,1.650404585442693e-12,2282400,4800000,76800000.0,795,5602540,0
20,480,12,9600,0.3,0.95,10000.0,0.9,1,pcg_time_avg_chol_explicit_avgK,ok,0.5495799169875681,0.09429125001770444,0.7170736249827314,1.360944791988004,188,0,9.45470488644413e-09,2282400,4800000,76800000.0,795,2468800,0
20,480,12,9600,0.3,0.95,10000.0,0.9,1,pcg_time_avg_chol_frozen_amortized_50,derived_best_case,0.010991598339751362,0.0018858250003540888,0.7170736249827314,0.7299510483228369,188,0,9.45470488644413e-09,2282400,4800000,76800000.0,795,2468800,0
20,480,12,9600,0.3,0.95,10000.0,0.9,7,direct_cholmod,ok,0.5483738339971751,0.09618645900627598,0.0018802080012392253,0.6464405010046903,0,0,1.0640578985376931e-12,2282400,4800000,76800000.0,795,2468800,0
20,480,12,9600,0.3,0.95,10000.0,0.9,7,direct_splu,ok,0.535464165994199,0.19178408299922012,0.00275370801682584,0.730001957010245,0,0,1.2074576955105292e-12,2282400,4800000,76800000.0,795,5618320,0
20,480,12,9600,0.3,0.95,10000.0,0.9,7,pcg_time_avg_chol_explicit_avgK,ok,0.5403891660098452,0.09502958299708553,0.9392974579823203,1.574716206989251,244,0,8.4094650647979e-09,2282400,4800000,76800000.0,795,2468800,0
20,480,12,9600,0.3,0.95,10000.0,0.9,7,pcg_time_avg_chol_frozen_amortized_50,derived_best_case,0.010807783320196905,0.0019005916599417105,0.9392974579823203,0.952005832962459,244,0,8.4094650647979e-09,2282400,4800000,76800000.0,795,2468800,0
20,480,12,9600,0.5,0.95,10000.0,0.9,0,direct_cholmod,ok,0.5340812500216998,0.09403779200511053,0.001320750016020611,0.629439792042831,0,0,4.858019271720332e-12,2282400,4800000,76800000.0,795,2468800,0
20,480,12,9600,0.5,0.95,10000.0,0.9,0,direct_splu,ok,0.5356584169785492,0.2607040830189362,0.004555416002403945,0.8009179159998894,0,0,1.225606356229854e-11,2282400,4800000,76800000.0,795,6993240,0
20,480,12,9600,0.5,0.95,10000.0,0.9,0,pcg_time_avg_chol_explicit_avgK,ok,0.534642583981622,0.09555516697582789,7.149338207993424,7.7795359589508735,1852,0,8.99306075913897e-09,2282400,4800000,76800000.0,795,2468800,0
20,480,12,9600,0.5,0.95,10000.0,0.9,0,pcg_time_avg_chol_frozen_amortized_50,derived_best_case,0.01069285167963244,0.0019111033395165578,7.149338207993424,7.161942163012572,1852,0,8.99306075913897e-09,2282400,4800000,76800000.0,795,2468800,0
20,480,12,9600,0.5,0.95,10000.0,0.9,1,direct_cholmod,ok,0.5383347499882802,0.09273595901322551,0.001258208998478949,0.6323289179999847,0,0,4.143843975995662e-12,2282400,4800000,76800000.0,795,2468800,0
20,480,12,9600,0.5,0.95,10000.0,0.9,1,direct_splu,ok,0.5309299170039594,0.256554874998983,0.003478875005384907,0.7909636670083273,0,0,1.681065948693436e-11,2282400,4800000,76800000.0,795,6939360,0
20,480,12,9600,0.5,0.95,10000.0,0.9,1,pcg_time_avg_chol_explicit_avgK,ok,0.5737793340231292,0.09364462501253001,5.50125995799317,6.1686839170288295,1454,0,9.741048632333405e-09,2282400,4800000,76800000.0,795,2468800,0
20,480,12,9600,0.5,0.95,10000.0,0.9,1,pcg_time_avg_chol_frozen_amortized_50,derived_best_case,0.011475586680462583,0.0018728925002506002,5.50125995799317,5.514608437173884,1454,0,9.741048632333405e-09,2282400,4800000,76800000.0,795,2468800,0
20,480,12,9600,0.5,0.95,10000.0,0.9,7,direct_cholmod,ok,0.5363123750139493,0.09415812502265908,0.0019655840005725622,0.632436084037181,0,0,9.841978983696996e-12,2282400,4800000,76800000.0,795,2468800,0
20,480,12,9600,0.5,0.95,10000.0,0.9,7,direct_splu,ok,0.5380994169972837,0.2612266250071116,0.0035871250147465616,0.8029131670191418,0,0,2.7243804877485517e-11,2282400,4800000,76800000.0,795,6990100,0
20,480,12,9600,0.5,0.95,10000.0,0.9,7,pcg_time_avg_chol_explicit_avgK,ok,0.5343702500103973,0.09521779100759886,7.616419917001622,8.246007958019618,2029,0,9.13479502435435e-09,2282400,4800000,76800000.0,795,2468800,0
20,480,12,9600,0.5,0.95,10000.0,0.9,7,pcg_time_avg_chol_frozen_amortized_50,derived_best_case,0.010687405000207945,0.0019043558201519773,7.616419917001622,7.629011677821982,2029,0,9.13479502435435e-09,2282400,4800000,76800000.0,795,2468800,0
20,480,24,9600,0.1,0.95,10000.0,0.9,0,direct_cholmod,ok,1.734864917001687,0.20441387500613928,0.0028845409979112446,1.9421633330057375,0,0,1.0314863298252508e-12,4497600,9408000,150528000.0,795,4776400,0
20,480,24,9600,0.1,0.95,10000.0,0.9,0,direct_splu,ok,1.7493145830230787,0.46724600001471117,0.004886875016381964,2.221447458054172,0,0,1.0619606428534715e-12,4497600,9408000,150528000.0,795,9570400,0
20,480,24,9600,0.1,0.95,10000.0,0.9,0,pcg_time_avg_chol_explicit_avgK,ok,1.782434833003208,0.21104245801689103,0.240876791998744,2.234354083018843,31,0,8.369126371328581e-09,4497600,9408000,150528000.0,795,4776400,0
20,480,24,9600,0.1,0.95,10000.0,0.9,0,pcg_time_avg_chol_frozen_amortized_50,derived_best_case,0.035648696660064164,0.004220849160337821,0.240876791998744,0.280746337819146,31,0,8.369126371328581e-09,4497600,9408000,150528000.0,795,4776400,0
20,480,24,9600,0.1,0.95,10000.0,0.9,1,direct_cholmod,ok,1.7402826249890495,0.2043695000174921,0.0023023340036161244,1.9469544590101577,0,0,7.668066786561045e-13,4497600,9408000,150528000.0,795,4776400,0
20,480,24,9600,0.1,0.95,10000.0,0.9,1,direct_splu,ok,1.7338452079857234,0.4581204160058405,0.004791000013938174,2.196756624005502,0,0,7.95244452925035e-13,4497600,9408000,150528000.0,795,9570400,0
20,480,24,9600,0.1,0.95,10000.0,0.9,1,pcg_time_avg_chol_explicit_avgK,ok,1.7236953749961685,0.20027641599881463,0.17186037500505336,2.0958321660000365,24,0,5.216875968376573e-09,4497600,9408000,150528000.0,795,4776400,0
20,480,24,9600,0.1,0.95,10000.0,0.9,1,pcg_time_avg_chol_frozen_amortized_50,derived_best_case,0.03447390749992337,0.004005528319976292,0.17186037500505336,0.210339810824953,24,0,5.216875968376573e-09,4497600,9408000,150528000.0,795,4776400,0
20,480,24,9600,0.1,0.95,10000.0,0.9,7,direct_cholmod,ok,1.7375879999890458,0.2137008749996312,0.002255166007671505,1.9535440409963485,0,0,7.184966061264241e-13,4497600,9408000,150528000.0,795,4776400,0
20,480,24,9600,0.1,0.95,10000.0,0.9,7,direct_splu,ok,1.737650291994214,0.45967675000429153,0.005040082993218675,2.2023671249917243,0,0,7.987280061123353e-13,4497600,9408000,150528000.0,795,9570400,0
20,480,24,9600,0.1,0.95,10000.0,0.9,7,pcg_time_avg_chol_explicit_avgK,ok,1.7233554999984335,0.2038531660218723,0.1893171250121668,2.1165257910324726,26,0,6.361887682065782e-09,4497600,9408000,150528000.0,795,4776400,0
20,480,24,9600,0.1,0.95,10000.0,0.9,7,pcg_time_avg_chol_frozen_amortized_50,derived_best_case,0.03446710999996867,0.004077063320437446,0.1893171250121668,0.2278612983325729,26,0,6.361887682065782e-09,4497600,9408000,150528000.0,795,4776400,0
20,480,24,9600,0.3,0.95,10000.0,0.9,0,direct_cholmod,ok,1.7388776669977233,0.20996112501597963,0.002422791993012652,1.9512615840067156,0,0,2.1341937827832505e-12,4497600,9408000,150528000.0,795,4776400,0
20,480,24,9600,0.3,0.95,10000.0,0.9,0,direct_splu,ok,1.7471047499857377,0.6545753329992294,0.006129332992713898,2.407809415977681,0,0,2.4052081250452168e-12,4497600,9408000,150528000.0,795,11699900,0
20,480,24,9600,0.3,0.95,10000.0,0.9,0,pcg_time_avg_chol_explicit_avgK,ok,1.7331726249831263,0.20145179200335406,2.327538875018945,4.262163292005425,312,0,9.752771996910993e-09,4497600,9408000,150528000.0,795,4776400,0
20,480,24,9600,0.3,0.95,10000.0,0.9,0,pcg_time_avg_chol_frozen_amortized_50,derived_best_case,0.034663452499662524,0.004029035840067081,2.327538875018945,2.3662313633586747,312,0,9.752771996910993e-09,4497600,9408000,150528000.0,795,4776400,0
20,480,24,9600,0.3,0.95,10000.0,0.9,1,direct_cholmod,ok,1.7402893749822397,0.2069993750192225,0.0022994159953668714,1.949588165996829,0,0,1.4043154482895214e-12,4497600,9408000,150528000.0,795,4776400,0
20,480,24,9600,0.3,0.95,10000.0,0.9,1,direct_splu,ok,1.7397890000138432,0.5352279999933671,0.006811083992943168,2.2818280840001535,0,0,1.5634554247357985e-12,4497600,9408000,150528000.0,795,10439700,0
20,480,24,9600,0.3,0.95,10000.0,0.9,1,pcg_time_avg_chol_explicit_avgK,ok,1.7339161669951864,0.20708533300785348,1.172711209015688,3.1137127090187278,158,0,9.538073331598176e-09,4497600,9408000,150528000.0,795,4776400,0
20,480,24,9600,0.3,0.95,10000.0,0.9,1,pcg_time_avg_chol_frozen_amortized_50,derived_best_case,0.03467832333990373,0.00414170666015707,1.172711209015688,1.2115312390157487,158,0,9.538073331598176e-09,4497600,9408000,150528000.0,795,4776400,0
20,480,24,9600,0.3,0.95,10000.0,0.9,7,direct_cholmod,ok,1.725612792011816,0.20719225000357255,0.0022705839946866035,1.9350756260100752,0,0,1.297253556821002e-12,4497600,9408000,150528000.0,795,4776400,0
20,480,24,9600,0.3,0.95,10000.0,0.9,7,direct_splu,ok,1.7433544579835143,0.5553592079959344,0.0043934169807471335,2.303107082960196,0,0,1.3158053183585412e-12,4497600,9408000,150528000.0,795,10585380,0
20,480,24,9600,0.3,0.95,10000.0,0.9,7,pcg_time_avg_chol_explicit_avgK,ok,1.7338028329832014,0.2010760839912109,1.470297624997329,3.4051765419717412,197,0,8.330052232071317e-09,4497600,9408000,150528000.0,795,4776400,0
20,480,24,9600,0.3,0.95,10000.0,0.9,7,pcg_time_avg_chol_frozen_amortized_50,derived_best_case,0.03467605665966403,0.004021521679824218,1.470297624997329,1.5089952033368172,197,0,8.330052232071317e-09,4497600,9408000,150528000.0,795,4776400,0
20,480,24,9600,0.5,0.95,10000.0,0.9,0,direct_cholmod,ok,1.726676291989861,0.20165445798193105,0.002323749999050051,1.9306544999708422,0,0,8.368270798558686e-12,4497600,9408000,150528000.0,795,4776400,0
20,480,24,9600,0.5,0.95,10000.0,0.9,0,direct_splu,ok,1.7466967499931343,0.7783678749983665,0.008412415976636112,2.533477040968137,0,0,5.756392717827301e-11,4497600,9408000,150528000.0,795,13255780,0
20,480,24,9600,0.5,0.95,10000.0,0.9,0,pcg_time_avg_chol_explicit_avgK,ok,1.7321163339947816,0.2053580000065267,19.97058070800267,21.90805504200398,2651,0,9.87216194687001e-09,4497600,9408000,150528000.0,795,4776400,0
20,480,24,9600,0.5,0.95,10000.0,0.9,0,pcg_time_avg_chol_frozen_amortized_50,derived_best_case,0.034642326679895634,0.004107160000130534,19.97058070800267,20.009330194682697,2651,0,9.87216194687001e-09,4497600,9408000,150528000.0,795,4776400,0
20,480,24,9600,0.5,0.95,10000.0,0.9,1,direct_cholmod,ok,1.7416887920117006,0.20051520899869502,0.0022170419979374856,1.944421043008333,0,0,3.961695422224116e-12,4497600,9408000,150528000.0,795,4776400,0
20,480,24,9600,0.5,0.95,10000.0,0.9,1,direct_splu,ok,1.7335027919907589,0.7670453329919837,0.006007667019730434,2.506555792002473,0,0,1.4044202984751047e-11,4497600,9408000,150528000.0,795,13189740,0
20,480,24,9600,0.5,0.95,10000.0,0.9,1,pcg_time_avg_chol_explicit_avgK,ok,1.7319961250177585,0.2036174169916194,7.277990333008347,9.213603875017725,971,0,9.827137215865231e-09,4497600,9408000,150528000.0,795,4776400,0
20,480,24,9600,0.5,0.95,10000.0,0.9,1,pcg_time_avg_chol_frozen_amortized_50,derived_best_case,0.03463992250035517,0.004072348339832388,7.277990333008347,7.316702603848535,971,0,9.827137215865231e-09,4497600,9408000,150528000.0,795,4776400,0
20,480,24,9600,0.5,0.95,10000.0,0.9,7,direct_cholmod,ok,1.7287922499817796,0.20184650001465343,0.0034500830224715173,1.9340888330189046,0,0,3.957702702437739e-12,4497600,9408000,150528000.0,795,4776400,0
20,480,24,9600,0.5,0.95,10000.0,0.9,7,direct_splu,ok,1.7324968750181142,0.7648228750040289,0.009332792018540204,2.5066525420406833,0,0,2.3866823359193868e-11,4497600,9408000,150528000.0,795,13159360,0
20,480,24,9600,0.5,0.95,10000.0,0.9,7,pcg_time_avg_chol_explicit_avgK,ok,1.731374249997316,0.20533150000846945,9.95612550000078,11.892831250006566,1341,0,9.871440058622762e-09,4497600,9408000,150528000.0,795,4776400,0
20,480,24,9600,0.5,0.95,10000.0,0.9,7,pcg_time_avg_chol_frozen_amortized_50,derived_best_case,0.03462748499994632,0.004106630000169389,9.95612550000078,9.994859615000896,1341,0,9.871440058622762e-09,4497600,9408000,150528000.0,795,4776400,0
20,1920,2,38400,0.1,0.95,10000.0,0.9,0,direct_cholmod,ok,0.17631350000738166,0.052945790986996144,0.0015305000124499202,0.23078979100682773,0,0,1.3746670928512767e-12,1573200,3840000,61440000.0,3195,1976321,0
20,1920,2,38400,0.1,0.95,10000.0,0.9,0,direct_splu,ok,0.17070091699133627,0.0728773330047261,0.003004625003086403,0.24658287499914877,0,0,1.5736551339072002e-12,1573200,3840000,61440000.0,3195,4184784,0
20,1920,2,38400,0.1,0.95,10000.0,0.9,0,pcg_time_avg_chol_explicit_avgK,ok,0.1678455000219401,0.05065720801940188,0.16066637501353398,0.37916908305487595,35,0,5.7808754273024376e-09,1573200,3840000,61440000.0,3195,1976321,0
20,1920,2,38400,0.1,0.95,10000.0,0.9,0,pcg_time_avg_chol_frozen_amortized_50,derived_best_case,0.003356910000438802,0.0010131441603880376,0.16066637501353398,0.16503642917436082,35,0,5.7808754273024376e-09,1573200,3840000,61440000.0,3195,1976321,0
20,1920,2,38400,0.1,0.95,10000.0,0.9,1,direct_cholmod,ok,0.17129904101602733,0.0521826250187587,0.001505790976807475,0.2249874570115935,0,0,1.737139509574879e-12,1573200,3840000,61440000.0,3195,1976321,0
20,1920,2,38400,0.1,0.95,10000.0,0.9,1,direct_splu,ok,0.17224537499714643,0.07316979201277718,0.00508962498861365,0.25050479199853726,0,0,2.1158602712564794e-12,1573200,3840000,61440000.0,3195,4184784,0
20,1920,2,38400,0.1,0.95,10000.0,0.9,1,pcg_time_avg_chol_explicit_avgK,ok,0.16884608299005777,0.05201574999955483,0.13208758301334456,0.35294941600295715,30,0,8.807387299937674e-09,1573200,3840000,61440000.0,3195,1976321,0
20,1920,2,38400,0.1,0.95,10000.0,0.9,1,pcg_time_avg_chol_frozen_amortized_50,derived_best_case,0.0033769216598011553,0.0010403149999910965,0.13208758301334456,0.1365048196731368,30,0,8.807387299937674e-09,1573200,3840000,61440000.0,3195,1976321,0
20,1920,2,38400,0.1,0.95,10000.0,0.9,7,direct_cholmod,ok,0.16940454198629595,0.05133070799638517,0.0014357919862959534,0.22217104196897708,0,0,2.0805097862925977e-12,1573200,3840000,61440000.0,3195,1976321,0
20,1920,2,38400,0.1,0.95,10000.0,0.9,7,direct_splu,ok,0.17153904199949466,0.07275229200604372,0.0046920419845264405,0.24898337599006481,0,0,2.298359537472436e-12,1573200,3840000,61440000.0,3195,4184784,0
20,1920,2,38400,0.1,0.95,10000.0,0.9,7,pcg_time_avg_chol_explicit_avgK,ok,0.17145387499476783,0.05521379198762588,0.14580995897995308,0.3724776259623468,33,0,6.5351458531229315e-09,1573200,3840000,61440000.0,3195,1976321,0
20,1920,2,38400,0.1,0.95,10000.0,0.9,7,pcg_time_avg_chol_frozen_amortized_50,derived_best_case,0.0034290774998953564,0.0011042758397525176,0.14580995897995308,0.15034331231960096,33,0,6.5351458531229315e-09,1573200,3840000,61440000.0,3195,1976321,0
20,1920,2,38400,0.3,0.95,10000.0,0.9,0,direct_cholmod,ok,0.16958637497737072,0.05322050000540912,0.002010291995247826,0.22481716697802767,0,0,2.4202918593369666e-12,1573200,3840000,61440000.0,3195,1976321,0
20,1920,2,38400,0.3,0.95,10000.0,0.9,0,direct_splu,ok,0.16859987497446127,0.08940174998133443,0.004293709003832191,0.2622953339596279,0,0,4.490539541741564e-12,1573200,3840000,61440000.0,3195,4981557,0
20,1920,2,38400,0.3,0.95,10000.0,0.9,0,pcg_time_avg_chol_explicit_avgK,ok,0.16560804200707935,0.05130470800213516,1.6164759999956004,1.833388750004815,391,0,8.456455302413529e-09,1573200,3840000,61440000.0,3195,1976321,0
20,1920,2,38400,0.3,0.95,10000.0,0.9,0,pcg_time_avg_chol_frozen_amortized_50,derived_best_case,0.003312160840141587,0.0010260941600427032,1.6164759999956004,1.6208142549957847,391,0,8.456455302413529e-09,1573200,3840000,61440000.0,3195,1976321,0
20,1920,2,38400,0.3,0.95,10000.0,0.9,1,direct_cholmod,ok,0.16903679101960734,0.05236812500515953,0.0015060419973451644,0.22291095802211203,0,0,2.3386576237870332e-12,1573200,3840000,61440000.0,3195,1976321,0
20,1920,2,38400,0.3,0.95,10000.0,0.9,1,direct_splu,ok,0.1701544579991605,0.08695866700145416,0.0036093330127187073,0.2607224580133334,0,0,4.162142878354719e-12,1573200,3840000,61440000.0,3195,4877606,0
20,1920,2,38400,0.3,0.95,10000.0,0.9,1,pcg_time_avg_chol_explicit_avgK,ok,0.17018245800863951,0.054524334002053365,1.184910875017522,1.4096176670282148,276,0,8.734000020598647e-09,1573200,3840000,61440000.0,3195,1976321,0
20,1920,2,38400,0.3,0.95,10000.0,0.9,1,pcg_time_avg_chol_frozen_amortized_50,derived_best_case,0.0034036491601727903,0.0010904866800410674,1.184910875017522,1.1894050108577359,276,0,8.734000020598647e-09,1573200,3840000,61440000.0,3195,1976321,0
20,1920,2,38400,0.3,0.95,10000.0,0.9,7,direct_cholmod,ok,0.1688147080130875,0.052901500021107495,0.0015234580205287784,0.22323966605472378,0,0,3.669039828634516e-12,1573200,3840000,61440000.0,3195,1976321,0
20,1920,2,38400,0.3,0.95,10000.0,0.9,7,direct_splu,ok,0.170339915988734,0.08889558300143108,0.004160749987931922,0.263396248978097,0,0,9.456003690333786e-12,1573200,3840000,61440000.0,3195,4901901,0
20,1920,2,38400,0.3,0.95,10000.0,0.9,7,pcg_time_avg_chol_explicit_avgK,ok,0.17070624997722916,0.05340720800450072,1.584855291992426,1.8089687499741558,343,0,9.58320459066126e-09,1573200,3840000,61440000.0,3195,1976321,0
20,1920,2,38400,0.3,0.95,10000.0,0.9,7,pcg_time_avg_chol_frozen_amortized_50,derived_best_case,0.003414124999544583,0.0010681441600900144,1.584855291992426,1.5893375611520606,343,0,9.58320459066126e-09,1573200,3840000,61440000.0,3195,1976321,0
20,1920,2,38400,0.5,0.95,10000.0,0.9,0,direct_cholmod,ok,0.1675335830077529,0.052434208017075434,0.0026836250035557896,0.22265141602838412,0,0,7.790601094122757e-12,1573200,3840000,61440000.0,3195,1976321,0
20,1920,2,38400,0.5,0.95,10000.0,0.9,0,direct_splu,ok,0.16652283299481496,0.09913124999729916,0.004021832981379703,0.26967591597349383,0,0,2.6480089853179847e-11,1573200,3840000,61440000.0,3195,5417408,0
20,1920,2,38400,0.5,0.95,10000.0,0.9,0,pcg_time_avg_chol_explicit_avgK,ok,0.17099329101620242,0.05566133401589468,17.125732084008632,17.35238670904073,3760,0,9.497327164955721e-09,1573200,3840000,61440000.0,3195,1976321,0
20,1920,2,38400,0.5,0.95,10000.0,0.9,0,pcg_time_avg_chol_frozen_amortized_50,derived_best_case,0.0034198658203240485,0.0011132266803178935,17.125732084008632,17.130265176509273,3760,0,9.497327164955721e-09,1573200,3840000,61440000.0,3195,1976321,0
20,1920,2,38400,0.5,0.95,10000.0,0.9,1,direct_cholmod,ok,0.16850341702229343,0.05080541700590402,0.0015152919804677367,0.2208241260086652,0,0,5.890459374634205e-12,1573200,3840000,61440000.0,3195,1976321,0
20,1920,2,38400,0.5,0.95,10000.0,0.9,1,direct_splu,ok,0.1696106249873992,0.09872608300065622,0.003943457995774224,0.27228016598382965,0,0,1.9410547322506405e-11,1573200,3840000,61440000.0,3195,5398467,0
20,1920,2,38400,0.5,0.95,10000.0,0.9,1,pcg_time_avg_chol_explicit_avgK,ok,0.16684204200282693,0.051797541993437335,10.270941084017977,10.489580668014241,2264,0,9.662914188788641e-09,1573200,3840000,61440000.0,3195,1976321,0
20,1920,2,38400,0.5,0.95,10000.0,0.9,1,pcg_time_avg_chol_frozen_amortized_50,derived_best_case,0.0033368408400565384,0.0010359508398687467,10.270941084017977,10.275313875697902,2264,0,9.662914188788641e-09,1573200,3840000,61440000.0,3195,1976321,0
20,1920,2,38400,0.5,0.95,10000.0,0.9,7,direct_cholmod,ok,0.16719058298622258,0.053261541994288564,0.0015139579772949219,0.22196608295780607,0,0,1.6990041913558446e-11,1573200,3840000,61440000.0,3195,1976321,0
20,1920,2,38400,0.5,0.95,10000.0,0.9,7,direct_splu,ok,0.1688691250164993,0.09808049999992363,0.005264000006718561,0.2722136250231415,0,0,5.696460007880969e-11,1573200,3840000,61440000.0,3195,5412025,0
20,1920,2,38400,0.5,0.95,10000.0,0.9,7,pcg_time_avg_chol_explicit_avgK,ok,0.16667787500773557,0.052355125022586435,15.035179166996386,15.254212167026708,3391,0,9.986626607169856e-09,1573200,3840000,61440000.0,3195,1976321,0
20,1920,2,38400,0.5,0.95,10000.0,0.9,7,pcg_time_avg_chol_frozen_amortized_50,derived_best_case,0.0033335575001547115,0.0010471025004517287,15.035179166996386,15.039559826996992,3391,0,9.986626607169856e-09,1573200,3840000,61440000.0,3195,1976321,0
20,1920,12,38400,0.1,0.95,10000.0,0.9,0,direct_cholmod,ok,2.2259230829949956,0.3675124169967603,0.005644707998726517,2.5990802079904824,0,0,1.255860203928466e-12,9223200,19200000,307200000.0,3195,9971200,0
20,1920,12,38400,0.1,0.95,10000.0,0.9,0,direct_splu,ok,2.182892625016393,0.6566529170086142,0.012510541011579335,2.8520560830365866,0,0,1.1213927760087705e-12,9223200,19200000,307200000.0,3195,20004800,0
20,1920,12,38400,0.1,0.95,10000.0,0.9,0,pcg_time_avg_chol_explicit_avgK,ok,2.1872606669785455,0.36081379099050537,0.5235664579959121,3.071640915964963,32,0,8.240569972336147e-09,9223200,19200000,307200000.0,3195,9971200,0
20,1920,12,38400,0.1,0.95,10000.0,0.9,0,pcg_time_avg_chol_frozen_amortized_50,derived_best_case,0.04374521333957091,0.007216275819810107,0.5235664579959121,0.5745279471552931,32,0,8.240569972336147e-09,9223200,19200000,307200000.0,3195,9971200,0
20,1920,12,38400,0.1,0.95,10000.0,0.9,1,direct_cholmod,ok,2.1798442079743836,0.3610496249748394,0.006794124987209216,2.547687957936432,0,0,7.396262426396666e-13,9223200,19200000,307200000.0,3195,9971200,0
20,1920,12,38400,0.1,0.95,10000.0,0.9,1,direct_splu,ok,2.1970885829941835,0.6680749999941327,0.014187332999426872,2.879350915987743,0,0,7.086091211077567e-13,9223200,19200000,307200000.0,3195,20004800,0
20,1920,12,38400,0.1,0.95,10000.0,0.9,1,pcg_time_avg_chol_explicit_avgK,ok,2.1755959159927443,0.36162475001765415,0.4786215829954017,3.0158422490058,29,0,7.906299031097538e-09,9223200,19200000,307200000.0,3195,9971200,0
20,1920,12,38400,0.1,0.95,10000.0,0.9,1,pcg_time_avg_chol_frozen_amortized_50,derived_best_case,0.04351191831985488,0.007232495000353083,0.4786215829954017,0.5293659963156097,29,0,7.906299031097538e-09,9223200,19200000,307200000.0,3195,9971200,0
20,1920,12,38400,0.1,0.95,10000.0,0.9,7,direct_cholmod,ok,2.2106892919982783,0.3671635419887025,0.00557562499307096,2.583428458980052,0,0,4.918254356233495e-13,9223200,19200000,307200000.0,3195,9971200,0
20,1920,12,38400,0.1,0.95,10000.0,0.9,7,direct_splu,ok,2.251978542015422,0.6538660419755615,0.012448333000065759,2.9182929169910494,0,0,4.1701871390365077e-13,9223200,19200000,307200000.0,3195,20004800,0
20,1920,12,38400,0.1,0.95,10000.0,0.9,7,pcg_time_avg_chol_explicit_avgK,ok,2.173624415998347,0.36773429199820384,0.5482146669819485,3.0895733749784995,32,0,7.519337396280969e-09,9223200,19200000,307200000.0,3195,9971200,0
20,1920,12,38400,0.1,0.95,10000.0,0.9,7,pcg_time_avg_chol_frozen_amortized_50,derived_best_case,0.043472488319966945,0.007354685839964077,0.5482146669819485,0.5990418411418795,32,0,7.519337396280969e-09,9223200,19200000,307200000.0,3195,9971200,0
20,1920,12,38400,0.3,0.95,10000.0,0.9,0,direct_cholmod,ok,2.2181937500135973,0.36386837498866953,0.0055977080191951245,2.587659833021462,0,0,2.197771611324958e-12,9223200,19200000,307200000.0,3195,9971200,0
20,1920,12,38400,0.3,0.95,10000.0,0.9,0,direct_splu,ok,2.186649082985241,0.755189249990508,0.017128792009316385,2.9589671249850653,0,0,2.0282995179435975e-12,9223200,19200000,307200000.0,3195,21923460,0
20,1920,12,38400,0.3,0.95,10000.0,0.9,0,pcg_time_avg_chol_explicit_avgK,ok,2.2123509160010144,0.362837041990133,5.957555125001818,8.532743082992965,357,0,9.725878528133195e-09,9223200,19200000,307200000.0,3195,9971200,0
20,1920,12,38400,0.3,0.95,10000.0,0.9,0,pcg_time_avg_chol_frozen_amortized_50,derived_best_case,0.04424701832002029,0.00725674083980266,5.957555125001818,6.009058884161641,357,0,9.725878528133195e-09,9223200,19200000,307200000.0,3195,9971200,0
20,1920,12,38400,0.3,0.95,10000.0,0.9,1,direct_cholmod,ok,2.1744422090123408,0.36051025000051595,0.00562854198506102,2.5405810009979177,0,0,1.3227418208531064e-12,9223200,19200000,307200000.0,3195,9971200,0
20,1920,12,38400,0.3,0.95,10000.0,0.9,1,direct_splu,ok,2.173364667018177,0.7981298749800771,0.018542125006206334,2.9900366670044605,0,0,1.5088220504077918e-12,9223200,19200000,307200000.0,3195,22871760,0
20,1920,12,38400,0.3,0.95,10000.0,0.9,1,pcg_time_avg_chol_explicit_avgK,ok,2.1857432079850696,0.3674545420217328,4.528512124990812,7.081709874997614,272,0,9.5197215265852e-09,9223200,19200000,307200000.0,3195,9971200,0
20,1920,12,38400,0.3,0.95,10000.0,0.9,1,pcg_time_avg_chol_frozen_amortized_50,derived_best_case,0.04371486415970139,0.007349090840434656,4.528512124990812,4.5795760799909475,272,0,9.5197215265852e-09,9223200,19200000,307200000.0,3195,9971200,0
20,1920,12,38400,0.3,0.95,10000.0,0.9,7,direct_cholmod,ok,2.1725912499823608,0.3642802500107791,0.005619958013994619,2.5424914580071345,0,0,8.586402649396867e-13,9223200,19200000,307200000.0,3195,9971200,0
20,1920,12,38400,0.3,0.95,10000.0,0.9,7,direct_splu,ok,2.207088958006352,0.7782519159954973,0.017972791974898428,3.003313665976748,0,0,1.054768296838389e-12,9223200,19200000,307200000.0,3195,22381740,0
20,1920,12,38400,0.3,0.95,10000.0,0.9,7,pcg_time_avg_chol_explicit_avgK,ok,2.1827982909744605,0.37297862497507595,5.544085208995966,8.099862124945503,331,0,9.03737202650062e-09,9223200,19200000,307200000.0,3195,9971200,0
20,1920,12,38400,0.3,0.95,10000.0,0.9,7,pcg_time_avg_chol_frozen_amortized_50,derived_best_case,0.04365596581948921,0.0074595724995015185,5.544085208995966,5.595200747314957,331,0,9.03737202650062e-09,9223200,19200000,307200000.0,3195,9971200,0
20,1920,12,38400,0.5,0.95,10000.0,0.9,0,direct_cholmod,ok,2.2449110000161454,0.36600187499425374,0.007359125011134893,2.618272000021534,0,0,7.082474890507314e-12,9223200,19200000,307200000.0,3195,9971200,0
20,1920,12,38400,0.5,0.95,10000.0,0.9,0,direct_splu,ok,2.1905933329835534,1.0532640840101521,0.021529082994675264,3.265386499988381,0,0,4.398834313759875e-11,9223200,19200000,307200000.0,3195,28013960,0
20,1920,12,38400,0.5,0.95,10000.0,0.9,0,pcg_time_avg_chol_explicit_avgK,ok,2.178547792020254,0.363951667008223,54.724666750000324,57.2671662090288,3338,0,9.237107390211462e-09,9223200,19200000,307200000.0,3195,9971200,0
20,1920,12,38400,0.5,0.95,10000.0,0.9,0,pcg_time_avg_chol_frozen_amortized_50,derived_best_case,0.04357095584040507,0.00727903334016446,54.724666750000324,54.775516739180894,3338,0,9.237107390211462e-09,9223200,19200000,307200000.0,3195,9971200,0
20,1920,12,38400,0.5,0.95,10000.0,0.9,1,direct_cholmod,ok,2.1856309160066303,0.3686147079861257,0.0060062909906264395,2.5602519149833824,0,0,5.387090983740449e-12,9223200,19200000,307200000.0,3195,9971200,0
20,1920,12,38400,0.5,0.95,10000.0,0.9,1,direct_splu,ok,2.1860578750201967,1.04738695800188,0.01958625001134351,3.25303108303342,0,0,1.814677299200407e-11,9223200,19200000,307200000.0,3195,27970800,0
20,1920,12,38400,0.5,0.95,10000.0,0.9,1,pcg_time_avg_chol_explicit_avgK,ok,2.189847125002416,0.362235291977413,39.866914207988884,42.41899662496871,2411,0,9.647605869630242e-09,9223200,19200000,307200000.0,3195,9971200,0
20,1920,12,38400,0.5,0.95,10000.0,0.9,1,pcg_time_avg_chol_frozen_amortized_50,derived_best_case,0.043796942500048314,0.00724470583954826,39.866914207988884,39.91795585632848,2411,0,9.647605869630242e-09,9223200,19200000,307200000.0,3195,9971200,0
20,1920,12,38400,0.5,0.95,10000.0,0.9,7,direct_cholmod,ok,2.1886365840036888,0.3762702090025414,0.005595291993813589,2.5705020850000437,0,0,7.389766222867189e-12,9223200,19200000,307200000.0,3195,9971200,0
20,1920,12,38400,0.5,0.95,10000.0,0.9,7,direct_splu,ok,2.1797690829844214,1.0502635409939103,0.022888625011546537,3.2529212489898782,0,0,1.718504549007965e-11,9223200,19200000,307200000.0,3195,27968300,0
20,1920,12,38400,0.5,0.95,10000.0,0.9,7,pcg_time_avg_chol_explicit_avgK,ok,2.1806905830162577,0.36295770801370963,53.12920908301021,55.67285737404018,3325,0,9.906341764800271e-09,9223200,19200000,307200000.0,3195,9971200,0
20,1920,12,38400,0.5,0.95,10000.0,0.9,7,pcg_time_avg_chol_frozen_amortized_50,derived_best_case,0.04361381166032516,0.007259154160274193,53.12920908301021,53.18008204883081,3325,0,9.906341764800271e-09,9223200,19200000,307200000.0,3195,9971200,0
20,1920,24,38400,0.1,0.95,10000.0,0.9,0,direct_cholmod,ok,7.3087612919916864,0.8337940419733059,0.013346124993404374,8.155901458958397,0,0,9.088134169792922e-13,18350400,37632000,602112000.0,3195,19478800,0
20,1920,24,38400,0.1,0.95,10000.0,0.9,0,direct_splu,ok,7.1542311669909395,1.9752458750153892,0.019860583008266985,9.149337625014596,0,0,9.416023680992206e-13,18350400,37632000,602112000.0,3195,38446380,0
20,1920,24,38400,0.1,0.95,10000.0,0.9,0,pcg_time_avg_chol_explicit_avgK,ok,7.153596667019883,0.8502328330068849,0.962595750024775,8.966425250051543,32,0,9.459267087033578e-09,18350400,37632000,602112000.0,3195,19478800,0
20,1920,24,38400,0.1,0.95,10000.0,0.9,0,pcg_time_avg_chol_frozen_amortized_50,derived_best_case,0.14307193334039767,0.017004656660137698,0.962595750024775,1.1226723400253105,32,0,9.459267087033578e-09,18350400,37632000,602112000.0,3195,19478800,0
20,1920,24,38400,0.1,0.95,10000.0,0.9,1,direct_cholmod,ok,7.1651643329823855,0.837213500024518,0.014571582985809073,8.016949415992713,0,0,7.746942217157204e-13,18350400,37632000,602112000.0,3195,19478800,0
20,1920,24,38400,0.1,0.95,10000.0,0.9,1,direct_splu,ok,7.223806041991338,1.9675519580196124,0.023210708022816107,9.214568708033767,0,0,7.314619936213887e-13,18350400,37632000,602112000.0,3195,38446380,0
20,1920,24,38400,0.1,0.95,10000.0,0.9,1,pcg_time_avg_chol_explicit_avgK,ok,7.277477125026053,0.827911625005072,0.92003445798764,9.025423208018765,30,0,8.251191987674247e-09,18350400,37632000,602112000.0,3195,19478800,0
20,1920,24,38400,0.1,0.95,10000.0,0.9,1,pcg_time_avg_chol_frozen_amortized_50,derived_best_case,0.14554954250052105,0.01655823250010144,0.92003445798764,1.0821422329882626,30,0,8.251191987674247e-09,18350400,37632000,602112000.0,3195,19478800,0
20,1920,24,38400,0.1,0.95,10000.0,0.9,7,direct_cholmod,ok,7.1836097089981195,0.8328159579832572,0.013863583008060232,8.030289249989437,0,0,7.093304161018295e-13,18350400,37632000,602112000.0,3195,19478800,0
20,1920,24,38400,0.1,0.95,10000.0,0.9,7,direct_splu,ok,7.141607707977528,1.9659784169925842,0.02415000001201406,9.131736124982126,0,0,7.151502505412749e-13,18350400,37632000,602112000.0,3195,38446380,0
20,1920,24,38400,0.1,0.95,10000.0,0.9,7,pcg_time_avg_chol_explicit_avgK,ok,7.26724812501925,0.8345885410089977,0.8978048340068199,8.999641500035068,29,0,7.123154920673389e-09,18350400,37632000,602112000.0,3195,19478800,0
20,1920,24,38400,0.1,0.95,10000.0,0.9,7,pcg_time_avg_chol_frozen_amortized_50,derived_best_case,0.145344962500385,0.016691770820179953,0.8978048340068199,1.0598415673273849,29,0,7.123154920673389e-09,18350400,37632000,602112000.0,3195,19478800,0
20,1920,24,38400,0.3,0.95,10000.0,0.9,0,direct_cholmod,ok,7.120566333003808,0.8304278750147205,0.012867792014731094,7.963862000033259,0,0,1.642114533102873e-12,18350400,37632000,602112000.0,3195,19478800,0
20,1920,24,38400,0.3,0.95,10000.0,0.9,0,direct_splu,ok,7.145012916997075,2.4768210829934105,0.027021207992220297,9.648855207982706,0,0,1.924405175555598e-12,18350400,37632000,602112000.0,3195,44508500,0
20,1920,24,38400,0.3,0.95,10000.0,0.9,0,pcg_time_avg_chol_explicit_avgK,ok,7.124220500001684,0.8217081670009065,10.77834366701427,18.72427233401686,359,0,9.645650808670134e-09,18350400,37632000,602112000.0,3195,19478800,0
20,1920,24,38400,0.3,0.95,10000.0,0.9,0,pcg_time_avg_chol_frozen_amortized_50,derived_best_case,0.14248441000003367,0.01643416334001813,10.77834366701427,10.937262240354322,359,0,9.645650808670134e-09,18350400,37632000,602112000.0,3195,19478800,0
20,1920,24,38400,0.3,0.95,10000.0,0.9,1,direct_cholmod,ok,7.182169332983904,0.831995917018503,0.013726334000239149,8.027891584002646,0,0,1.2656819128926153e-12,18350400,37632000,602112000.0,3195,19478800,0
20,1920,24,38400,0.3,0.95,10000.0,0.9,1,direct_splu,ok,7.132036583992885,2.458449291996658,0.027907000010600314,9.618392876000144,0,0,1.4036779635983074e-12,18350400,37632000,602112000.0,3195,44356860,0
20,1920,24,38400,0.3,0.95,10000.0,0.9,1,pcg_time_avg_chol_explicit_avgK,ok,7.139880500006257,0.8232594589935616,9.038069999980507,17.001209958980326,301,0,8.887279000763655e-09,18350400,37632000,602112000.0,3195,19478800,0
20,1920,24,38400,0.3,0.95,10000.0,0.9,1,pcg_time_avg_chol_frozen_amortized_50,derived_best_case,0.14279761000012514,0.01646518917987123,9.038069999980507,9.197332799160504,301,0,8.887279000763655e-09,18350400,37632000,602112000.0,3195,19478800,0
20,1920,24,38400,0.3,0.95,10000.0,0.9,7,direct_cholmod,ok,7.1497925000148825,0.8339088749780785,0.009907708008540794,7.993609083001502,0,0,1.1740194439292263e-12,18350400,37632000,602112000.0,3195,19478800,0
20,1920,24,38400,0.3,0.95,10000.0,0.9,7,direct_splu,ok,7.1433082500007,2.2371749999874737,0.026118583977222443,9.406601833965397,0,0,1.3216939902805487e-12,18350400,37632000,602112000.0,3195,41724920,0
20,1920,24,38400,0.3,0.95,10000.0,0.9,7,pcg_time_avg_chol_explicit_avgK,ok,7.165059667022433,0.8295866250118706,8.547248209011741,16.541894501046045,282,0,9.293437256093526e-09,18350400,37632000,602112000.0,3195,19478800,0
20,1920,24,38400,0.3,0.95,10000.0,0.9,7,pcg_time_avg_chol_frozen_amortized_50,derived_best_case,0.14330119334044866,0.016591732500237412,8.547248209011741,8.707141134852428,282,0,9.293437256093526e-09,18350400,37632000,602112000.0,3195,19478800,0
20,1920,24,38400,0.5,0.95,10000.0,0.9,0,direct_cholmod,ok,7.147294583002804,0.8356211250065826,0.014245250000385568,7.997160958009772,0,0,5.122443131021099e-12,18350400,37632000,602112000.0,3195,19478800,0
20,1920,24,38400,0.5,0.95,10000.0,0.9,0,direct_splu,ok,7.121094790985808,3.3512881670030765,0.03419370800838806,10.506576665997272,0,0,3.700471885617541e-11,18350400,37632000,602112000.0,3195,54776740,0
20,1920,24,38400,0.5,0.95,10000.0,0.9,0,pcg_time_avg_chol_explicit_avgK,ok,7.1404090840078425,0.8122177080076654,101.81236279199948,109.76498958401498,3379,0,9.970605326801306e-09,18350400,37632000,602112000.0,3195,19478800,0
20,1920,24,38400,0.5,0.95,10000.0,0.9,0,pcg_time_avg_chol_frozen_amortized_50,derived_best_case,0.14280818168015685,0.016244354160153306,101.81236279199948,101.9714153278398,3379,0,9.970605326801306e-09,18350400,37632000,602112000.0,3195,19478800,0
20,1920,24,38400,0.5,0.95,10000.0,0.9,1,direct_cholmod,ok,7.152254667016678,0.8370255409972742,0.016176167002413422,8.005456375016365,0,0,3.9237838007297626e-12,18350400,37632000,602112000.0,3195,19478800,0
20,1920,24,38400,0.5,0.95,10000.0,0.9,1,direct_splu,ok,7.2097608750045765,3.351152582996292,0.032676708011422306,10.59359016601229,0,0,2.4515644533987723e-11,18350400,37632000,602112000.0,3195,54810700,0
20,1920,24,38400,0.5,0.95,10000.0,0.9,1,pcg_time_avg_chol_explicit_avgK,ok,7.079015291994438,0.8173085830057971,79.47967579201213,87.37599966701237,2658,0,9.646980256889423e-09,18350400,37632000,602112000.0,3195,19478800,0
20,1920,24,38400,0.5,0.95,10000.0,0.9,1,pcg_time_avg_chol_frozen_amortized_50,derived_best_case,0.14158030583988876,0.01634617166011594,79.47967579201213,79.63760226951213,2658,0,9.646980256889423e-09,18350400,37632000,602112000.0,3195,19478800,0
20,1920,24,38400,0.5,0.95,10000.0,0.9,7,direct_cholmod,ok,7.196895083005074,0.8300198749930132,0.011876000004122034,8.03879095800221,0,0,3.1165668695857993e-12,18350400,37632000,602112000.0,3195,19478800,0
20,1920,24,38400,0.5,0.95,10000.0,0.9,7,direct_splu,ok,7.123743040981935,3.3156236250069924,0.029992583993589506,10.469359249982517,0,0,2.0739084370241882e-11,18350400,37632000,602112000.0,3195,54462740,0
20,1920,24,38400,0.5,0.95,10000.0,0.9,7,pcg_time_avg_chol_explicit_avgK,ok,7.091773499996634,0.8254583749803714,72.22605862500495,80.14329049998196,2395,0,9.953381051656328e-09,18350400,37632000,602112000.0,3195,19478800,0
20,1920,24,38400,0.5,0.95,10000.0,0.9,7,pcg_time_avg_chol_frozen_amortized_50,derived_best_case,0.14183546999993268,0.01650916749960743,72.22605862500495,72.38440326250449,2395,0,9.953381051656328e-09,18350400,37632000,602112000.0,3195,19478800,0
20,5000,2,100000,0.1,0.95,10000.0,0.9,0,direct_cholmod,ok,0.4247731250070501,0.1338009999890346,0.003875374997733161,0.5624494999938179,0,0,1.3678753828305384e-12,4098800,10000000,160000000.0,8325,5148700,0
20,5000,2,100000,0.1,0.95,10000.0,0.9,0,direct_splu,ok,0.4228490840177983,0.1938245830242522,0.008150500012561679,0.6248241670546122,0,0,1.5051758072408055e-12,4098800,10000000,160000000.0,8325,11510099,0
20,5000,2,100000,0.1,0.95,10000.0,0.9,0,pcg_time_avg_chol_explicit_avgK,ok,0.42471216700505465,0.13429362498573028,0.3100815830111969,0.8690873750019819,35,0,6.765169604853102e-09,4098800,10000000,160000000.0,8325,5148700,0
20,5000,2,100000,0.1,0.95,10000.0,0.9,0,pcg_time_avg_chol_frozen_amortized_50,derived_best_case,0.008494243340101093,0.0026858724997146054,0.3100815830111969,0.32126169885101263,35,0,6.765169604853102e-09,4098800,10000000,160000000.0,8325,5148700,0
20,5000,2,100000,0.1,0.95,10000.0,0.9,1,direct_cholmod,ok,0.4235207919846289,0.13340658298693597,0.0038647910114377737,0.5607921659830026,0,0,1.8092776313246965e-12,4098800,10000000,160000000.0,8325,5148700,0
20,5000,2,100000,0.1,0.95,10000.0,0.9,1,direct_splu,ok,0.4296816249843687,0.18882808298803866,0.008418916986556724,0.6269286249589641,0,0,2.0815612109298345e-12,4098800,10000000,160000000.0,8325,11511097,0
20,5000,2,100000,0.1,0.95,10000.0,0.9,1,pcg_time_avg_chol_explicit_avgK,ok,0.42601012499653734,0.13329354199231602,0.29160625001532026,0.8509099170041736,33,0,6.89284458675303e-09,4098800,10000000,160000000.0,8325,5148700,0
20,5000,2,100000,0.1,0.95,10000.0,0.9,1,pcg_time_avg_chol_frozen_amortized_50,derived_best_case,0.008520202499930747,0.0026658708398463204,0.29160625001532026,0.3027923233550973,33,0,6.89284458675303e-09,4098800,10000000,160000000.0,8325,5148700,0
20,5000,2,100000,0.1,0.95,10000.0,0.9,7,direct_cholmod,ok,0.4229950830049347,0.13185641600284725,0.0038433340087067336,0.5586948330164887,0,0,2.0353452901382424e-12,4098800,10000000,160000000.0,8325,5148700,0
20,5000,2,100000,0.1,0.95,10000.0,0.9,7,direct_splu,ok,0.4251649169891607,0.18911262499750592,0.008966999972471967,0.6232445419591386,0,0,2.192491619707649e-12,4098800,10000000,160000000.0,8325,11510099,0
20,5000,2,100000,0.1,0.95,10000.0,0.9,7,pcg_time_avg_chol_explicit_avgK,ok,0.43202004200429656,0.13306158300838433,0.31238829201902263,0.8774699170317035,35,0,7.448971887397604e-09,4098800,10000000,160000000.0,8325,5148700,0
20,5000,2,100000,0.1,0.95,10000.0,0.9,7,pcg_time_avg_chol_frozen_amortized_50,derived_best_case,0.00864040084008593,0.0026612316601676866,0.31238829201902263,0.32368992451927625,35,0,7.448971887397604e-09,4098800,10000000,160000000.0,8325,5148700,0
20,5000,2,100000,0.3,0.95,10000.0,0.9,0,direct_cholmod,ok,0.42746491701109335,0.1332962089800276,0.003857875009998679,0.5646190010011196,0,0,2.4231918587276014e-12,4098800,10000000,160000000.0,8325,5148700,0
20,5000,2,100000,0.3,0.95,10000.0,0.9,0,direct_splu,ok,0.43148670898517594,0.19240870897192508,0.008317874977365136,0.6322132929344662,0,0,2.52003787107614e-12,4098800,10000000,160000000.0,8325,11526230,0
20,5000,2,100000,0.3,0.95,10000.0,0.9,0,pcg_time_avg_chol_explicit_avgK,ok,0.4249730419833213,0.13263070801622234,3.781668832991272,4.339272582990816,430,0,9.725580237909137e-09,4098800,10000000,160000000.0,8325,5148700,0
20,5000,2,100000,0.3,0.95,10000.0,0.9,0,pcg_time_avg_chol_frozen_amortized_50,derived_best_case,0.008499460839666427,0.002652614160324447,3.781668832991272,3.792820907991263,430,0,9.725580237909137e-09,4098800,10000000,160000000.0,8325,5148700,0
20,5000,2,100000,0.3,0.95,10000.0,0.9,1,direct_cholmod,ok,0.4245417079946492,0.1330099579936359,0.004325583984609693,0.5618772499728948,0,0,2.6889073987762665e-12,4098800,10000000,160000000.0,8325,5148700,0
20,5000,2,100000,0.3,0.95,10000.0,0.9,1,direct_splu,ok,0.4304779999947641,0.19724587502423674,0.009633541980292648,0.6373574169992935,0,0,3.74091679565555e-12,4098800,10000000,160000000.0,8325,11714918,0
20,5000,2,100000,0.3,0.95,10000.0,0.9,1,pcg_time_avg_chol_explicit_avgK,ok,0.42157620799844153,0.13299508299678564,3.451962416002061,4.006533706997288,397,0,9.796511706698111e-09,4098800,10000000,160000000.0,8325,5148700,0
20,5000,2,100000,0.3,0.95,10000.0,0.9,1,pcg_time_avg_chol_frozen_amortized_50,derived_best_case,0.00843152415996883,0.002659901659935713,3.451962416002061,3.463053841821966,397,0,9.796511706698111e-09,4098800,10000000,160000000.0,8325,5148700,0
20,5000,2,100000,0.3,0.95,10000.0,0.9,7,direct_cholmod,ok,0.4238972500024829,0.13672058397787623,0.0038521249953191727,0.5644699589756783,0,0,3.4737713999654447e-12,4098800,10000000,160000000.0,8325,5148700,0
20,5000,2,100000,0.3,0.95,10000.0,0.9,7,direct_splu,ok,0.4246841249987483,0.19453249999787658,0.008877790998667479,0.6280944159952924,0,0,4.346733293607981e-12,4098800,10000000,160000000.0,8325,11583847,0
20,5000,2,100000,0.3,0.95,10000.0,0.9,7,pcg_time_avg_chol_explicit_avgK,ok,0.42574662499828264,0.13330045799375512,3.7593595000216737,4.3184065830137115,430,0,9.545016412496418e-09,4098800,10000000,160000000.0,8325,5148700,0
20,5000,2,100000,0.3,0.95,10000.0,0.9,7,pcg_time_avg_chol_frozen_amortized_50,derived_best_case,0.008514932499965653,0.0026660091598751023,3.7593595000216737,3.7705404416815145,430,0,9.545016412496418e-09,4098800,10000000,160000000.0,8325,5148700,0
20,5000,2,100000,0.5,0.95,10000.0,0.9,0,direct_cholmod,ok,0.42219679098343477,0.13278345900471322,0.0038650000060442835,0.5588452499941923,0,0,7.232255390970764e-12,4098800,10000000,160000000.0,8325,5148700,0
20,5000,2,100000,0.5,0.95,10000.0,0.9,0,direct_splu,ok,0.4220074999902863,0.20122254101443104,0.009163459006231278,0.6323935000109486,0,0,9.092016799164359e-12,4098800,10000000,160000000.0,8325,11786697,0
20,5000,2,100000,0.5,0.95,10000.0,0.9,0,pcg_time_avg_chol_explicit_avgK,ok,0.42105587502010167,0.13739320801687427,43.395641875016736,43.95409095805371,4932,0,9.702949094039472e-09,4098800,10000000,160000000.0,8325,5148700,0
20,5000,2,100000,0.5,0.95,10000.0,0.9,0,pcg_time_avg_chol_frozen_amortized_50,derived_best_case,0.008421117500402033,0.0027478641603374855,43.395641875016736,43.406810856677474,4932,0,9.702949094039472e-09,4098800,10000000,160000000.0,8325,5148700,0
20,5000,2,100000,0.5,0.95,10000.0,0.9,1,direct_cholmod,ok,0.4246287500136532,0.13719587499508634,0.0038619590050075203,0.565686584013747,0,0,8.105574638084495e-12,4098800,10000000,160000000.0,8325,5148700,0
20,5000,2,100000,0.5,0.95,10000.0,0.9,1,direct_splu,ok,0.43247554198023863,0.20558741700369865,0.009126083983574063,0.6471890429675113,0,0,1.1974158419075061e-11,4098800,10000000,160000000.0,8325,12037907,0
20,5000,2,100000,0.5,0.95,10000.0,0.9,1,pcg_time_avg_chol_explicit_avgK,ok,0.4259899580210913,0.13421762501820922,36.61670916699222,37.17691675003152,4161,0,9.771342045872416e-09,4098800,10000000,160000000.0,8325,5148700,0
20,5000,2,100000,0.5,0.95,10000.0,0.9,1,pcg_time_avg_chol_frozen_amortized_50,derived_best_case,0.008519799160421827,0.002684352500364184,36.61670916699222,36.62791331865301,4161,0,9.771342045872416e-09,4098800,10000000,160000000.0,8325,5148700,0
20,5000,2,100000,0.5,0.95,10000.0,0.9,7,direct_cholmod,ok,0.42083075002301484,0.13340583301032893,0.003919957991456613,0.5581565410248004,0,0,1.334024264821558e-11,4098800,10000000,160000000.0,8325,5148700,0
20,5000,2,100000,0.5,0.95,10000.0,0.9,7,direct_splu,ok,0.4236070000042673,0.20504262499161996,0.008411916001932696,0.63706154099782,0,0,2.004886724982305e-11,4098800,10000000,160000000.0,8325,11928879,0
20,5000,2,100000,0.5,0.95,10000.0,0.9,7,pcg_time_avg_chol_explicit_avgK,ok,0.4209065000177361,0.13566216599429026,41.07027075000224,41.62683941601426,4677,0,9.801459416243626e-09,4098800,10000000,160000000.0,8325,5148700,0
20,5000,2,100000,0.5,0.95,10000.0,0.9,7,pcg_time_avg_chol_frozen_amortized_50,derived_best_case,0.008418130000354723,0.002713243319885805,41.07027075000224,41.081402123322476,4677,0,9.801459416243626e-09,4098800,10000000,160000000.0,8325,5148700,0
20,5000,12,100000,0.1,0.95,10000.0,0.9,0,direct_cholmod,ok,5.721828625013586,0.9508166250016075,0.02032149999286048,6.692966750008054,0,0,1.326799889666628e-12,24068800,50000000,800000000.0,8325,26018000,0
20,5000,12,100000,0.1,0.95,10000.0,0.9,0,direct_splu,ok,5.730663374997675,1.689893792005023,0.02884883401566185,7.44940600101836,0,0,1.1393658416649342e-12,24068800,50000000,800000000.0,8325,52098780,0
20,5000,12,100000,0.1,0.95,10000.0,0.9,0,pcg_time_avg_chol_explicit_avgK,ok,5.696375875006197,0.9421414580137935,1.3189915409893729,7.957508874009363,33,0,6.053547197343765e-09,24068800,50000000,800000000.0,8325,26018000,0
20,5000,12,100000,0.1,0.95,10000.0,0.9,0,pcg_time_avg_chol_frozen_amortized_50,derived_best_case,0.11392751750012393,0.018842829160275867,1.3189915409893729,1.4517618876497727,33,0,6.053547197343765e-09,24068800,50000000,800000000.0,8325,26018000,0
20,5000,12,100000,0.1,0.95,10000.0,0.9,1,direct_cholmod,ok,5.69911920800223,0.9401026670238934,0.018225375009933487,6.657447250036057,0,0,7.621893068550781e-13,24068800,50000000,800000000.0,8325,26018000,0
20,5000,12,100000,0.1,0.95,10000.0,0.9,1,direct_splu,ok,5.685316166986013,1.68930229198304,0.026959999988321215,7.401578458957374,0,0,7.024439319381523e-13,24068800,50000000,800000000.0,8325,52098780,0
20,5000,12,100000,0.1,0.95,10000.0,0.9,1,pcg_time_avg_chol_explicit_avgK,ok,5.678592917014612,0.9383071250049397,1.3131189580017235,7.930019000021275,33,0,8.116653569406094e-09,24068800,50000000,800000000.0,8325,26018000,0
20,5000,12,100000,0.1,0.95,10000.0,0.9,1,pcg_time_avg_chol_frozen_amortized_50,derived_best_case,0.11357185834029224,0.018766142500098795,1.3131189580017235,1.4454569588421147,33,0,8.116653569406094e-09,24068800,50000000,800000000.0,8325,26018000,0
20,5000,12,100000,0.1,0.95,10000.0,0.9,7,direct_cholmod,ok,5.679325875011273,0.9433357089874335,0.018922500021290034,6.641584084019996,0,0,4.989695719764181e-13,24068800,50000000,800000000.0,8325,26018000,0
20,5000,12,100000,0.1,0.95,10000.0,0.9,7,direct_splu,ok,5.758219249983085,1.688903875008691,0.026930291001917794,7.474053415993694,0,0,4.306556505086684e-13,24068800,50000000,800000000.0,8325,52098780,0
20,5000,12,100000,0.1,0.95,10000.0,0.9,7,pcg_time_avg_chol_explicit_avgK,ok,5.7309332079894375,0.9335395419911947,1.3402133749914356,8.004686124972068,34,0,9.25328198789347e-09,24068800,50000000,800000000.0,8325,26018000,0
20,5000,12,100000,0.1,0.95,10000.0,0.9,7,pcg_time_avg_chol_frozen_amortized_50,derived_best_case,0.11461866415978875,0.018670790839823894,1.3402133749914356,1.4735028299910482,34,0,9.25328198789347e-09,24068800,50000000,800000000.0,8325,26018000,0
20,5000,12,100000,0.3,0.95,10000.0,0.9,0,direct_cholmod,ok,5.6926607500063255,0.9326174579910003,0.018611333012813702,6.6438895410101395,0,0,2.2556383957947666e-12,24068800,50000000,800000000.0,8325,26018000,0
20,5000,12,100000,0.3,0.95,10000.0,0.9,0,direct_splu,ok,5.6953087500005495,1.892576917016413,0.02896716698887758,7.61685283400584,0,0,2.0392394274264707e-12,24068800,50000000,800000000.0,8325,56387180,0
20,5000,12,100000,0.3,0.95,10000.0,0.9,0,pcg_time_avg_chol_explicit_avgK,ok,5.675650499993935,0.9401533330092207,18.447399332973873,25.06320316597703,407,0,9.972865577592808e-09,24068800,50000000,800000000.0,8325,26018000,0
20,5000,12,100000,0.3,0.95,10000.0,0.9,0,pcg_time_avg_chol_frozen_amortized_50,derived_best_case,0.1135130099998787,0.018803066660184414,18.447399332973873,18.579715409633938,407,0,9.972865577592808e-09,24068800,50000000,800000000.0,8325,26018000,0
20,5000,12,100000,0.3,0.95,10000.0,0.9,1,direct_cholmod,ok,5.749219833000097,0.9373566249851137,0.01866716699441895,6.70524362497963,0,0,1.3708593948268695e-12,24068800,50000000,800000000.0,8325,26018000,0
20,5000,12,100000,0.3,0.95,10000.0,0.9,1,direct_splu,ok,5.73506379101309,2.0198923340067267,0.030970291991252452,7.785926417011069,0,0,1.392212184943426e-12,24068800,50000000,800000000.0,8325,58998220,0
20,5000,12,100000,0.3,0.95,10000.0,0.9,1,pcg_time_avg_chol_explicit_avgK,ok,5.6722155830066185,0.9413747499929741,17.07049912502407,23.684089458023664,393,0,9.632324705918175e-09,24068800,50000000,800000000.0,8325,26018000,0
20,5000,12,100000,0.3,0.95,10000.0,0.9,1,pcg_time_avg_chol_frozen_amortized_50,derived_best_case,0.11344431166013237,0.018827494999859484,17.07049912502407,17.202770931684064,393,0,9.632324705918175e-09,24068800,50000000,800000000.0,8325,26018000,0
20,5000,12,100000,0.3,0.95,10000.0,0.9,7,direct_cholmod,ok,5.673675958998501,0.9372615419852082,0.01833270798670128,6.629270208970411,0,0,1.005090816413235e-12,24068800,50000000,800000000.0,8325,26018000,0
20,5000,12,100000,0.3,0.95,10000.0,0.9,7,direct_splu,ok,5.67852991700056,1.9866122909879778,0.0306468750059139,7.695789082994452,0,0,1.0263979503826243e-12,24068800,50000000,800000000.0,8325,58462660,0
20,5000,12,100000,0.3,0.95,10000.0,0.9,7,pcg_time_avg_chol_explicit_avgK,ok,5.69940716700512,0.9364087500143796,17.088881541014416,23.724697458033916,411,0,9.345495256170142e-09,24068800,50000000,800000000.0,8325,26018000,0
20,5000,12,100000,0.3,0.95,10000.0,0.9,7,pcg_time_avg_chol_frozen_amortized_50,derived_best_case,0.11398814334010239,0.018728175000287593,17.088881541014416,17.221597859354805,411,0,9.345495256170142e-09,24068800,50000000,800000000.0,8325,26018000,0
20,5000,12,100000,0.5,0.95,10000.0,0.9,0,direct_cholmod,ok,5.7885264590149745,0.9360764579905663,0.01874187498469837,6.743344791990239,0,0,6.859662447160226e-12,24068800,50000000,800000000.0,8325,26018000,0
20,5000,12,100000,0.5,0.95,10000.0,0.9,0,direct_splu,ok,5.669871542020701,2.6834714580036234,0.03820149999228306,8.391544500016607,0,0,3.7371943935841565e-11,24068800,50000000,800000000.0,8325,72852000,0
20,5000,12,100000,0.5,0.95,10000.0,0.9,0,pcg_time_avg_chol_explicit_avgK,ok,5.736598124989541,0.9324675000098068,196.88037991602323,203.54944554102258,4643,0,9.42972439312888e-09,24068800,50000000,800000000.0,8325,26018000,0
20,5000,12,100000,0.5,0.95,10000.0,0.9,0,pcg_time_avg_chol_frozen_amortized_50,derived_best_case,0.11473196249979083,0.018649350000196137,196.88037991602323,197.0137612285232,4643,0,9.42972439312888e-09,24068800,50000000,800000000.0,8325,26018000,0
20,5000,12,100000,0.5,0.95,10000.0,0.9,1,direct_cholmod,ok,5.677596416993765,0.9405864159925841,0.01866529101971537,6.636848124006065,0,0,6.194837845587637e-12,24068800,50000000,800000000.0,8325,26018000,0
20,5000,12,100000,0.5,0.95,10000.0,0.9,1,direct_splu,ok,5.704858542012516,2.6921802919823676,0.03762837499380112,8.434667208988685,0,0,2.1071679645091594e-11,24068800,50000000,800000000.0,8325,73000560,0
20,5000,12,100000,0.5,0.95,10000.0,0.9,1,pcg_time_avg_chol_explicit_avgK,ok,5.687102416995913,0.9337149999919347,171.1683949159924,177.78921233298024,4345,0,9.463572732743962e-09,24068800,50000000,800000000.0,8325,26018000,0
20,5000,12,100000,0.5,0.95,10000.0,0.9,1,pcg_time_avg_chol_frozen_amortized_50,derived_best_case,0.11374204833991826,0.018674299999838696,171.1683949159924,171.30081126433214,4345,0,9.463572732743962e-09,24068800,50000000,800000000.0,8325,26018000,0
20,5000,12,100000,0.5,0.95,10000.0,0.9,7,direct_cholmod,ok,5.680965000006836,0.943345457984833,0.018456000019796193,6.642766458011465,0,0,4.034588062025065e-12,24068800,50000000,800000000.0,8325,26018000,0
20,5000,12,100000,0.5,0.95,10000.0,0.9,7,direct_splu,ok,5.748700666998047,2.6844825000152923,0.03752991699730046,8.47071308401064,0,0,1.4654047152171544e-11,24068800,50000000,800000000.0,8325,72960960,0
20,5000,12,100000,0.5,0.95,10000.0,0.9,7,pcg_time_avg_chol_explicit_avgK,ok,5.684682041988708,0.9365657080197707,193.5665825420001,200.18783029200858,4584,0,9.40540610937428e-09,24068800,50000000,800000000.0,8325,26018000,0
20,5000,12,100000,0.5,0.95,10000.0,0.9,7,pcg_time_avg_chol_frozen_amortized_50,derived_best_case,0.11369364083977417,0.018731314160395415,193.5665825420001,193.69900749700028,4584,0,9.40540610937428e-09,24068800,50000000,800000000.0,8325,26018000,0
20,5000,24,100000,0.1,0.95,10000.0,0.9,0,direct_cholmod,ok,19.03915045800386,2.1291819170000963,0.038013125013094395,21.20634550001705,0,0,8.912789066594154e-13,47980000,98000000,1568000000.0,8325,50925200,0
20,5000,24,100000,0.1,0.95,10000.0,0.9,0,direct_splu,ok,18.58166950001032,5.072044792002998,0.0570210000150837,23.710735292028403,0,0,9.22219112395599e-13,47980000,98000000,1568000000.0,8325,100089980,0
20,5000,24,100000,0.1,0.95,10000.0,0.9,0,pcg_time_avg_chol_explicit_avgK,ok,18.50806433300022,2.115655917004915,2.529976124991663,23.153696374996798,33,0,8.588040251722562e-09,47980000,98000000,1568000000.0,8325,50925200,0
20,5000,24,100000,0.1,0.95,10000.0,0.9,0,pcg_time_avg_chol_frozen_amortized_50,derived_best_case,0.3701612866600044,0.0423131183400983,2.529976124991663,2.9424505299917656,33,0,8.588040251722562e-09,47980000,98000000,1568000000.0,8325,50925200,0
20,5000,24,100000,0.1,0.95,10000.0,0.9,1,direct_cholmod,ok,18.64168199998676,2.1160896249930374,0.030292499985080212,20.788064124964876,0,0,8.26334586306758e-13,47980000,98000000,1568000000.0,8325,50925200,0
20,5000,24,100000,0.1,0.95,10000.0,0.9,1,direct_splu,ok,18.441079082986107,5.05673395798658,0.04411254098522477,23.541925581957912,0,0,7.841819416598756e-13,47980000,98000000,1568000000.0,8325,100089980,0
20,5000,24,100000,0.1,0.95,10000.0,0.9,1,pcg_time_avg_chol_explicit_avgK,ok,18.576699083001586,2.3983866249909624,2.674834333010949,23.649920041003497,33,0,7.579249231890108e-09,47980000,98000000,1568000000.0,8325,50925200,0
20,5000,24,100000,0.1,0.95,10000.0,0.9,1,pcg_time_avg_chol_frozen_amortized_50,derived_best_case,0.3715339816600317,0.04796773249981925,2.674834333010949,3.0943360471708,33,0,7.579249231890108e-09,47980000,98000000,1568000000.0,8325,50925200,0
20,5000,24,100000,0.1,0.95,10000.0,0.9,7,direct_cholmod,ok,18.594850374996895,2.1380417920008767,0.03502124999067746,20.76791341698845,0,0,7.366224473536885e-13,47980000,98000000,1568000000.0,8325,50925200,0
20,5000,24,100000,0.1,0.95,10000.0,0.9,7,direct_splu,ok,18.474626874987734,5.051203833019827,0.043196959013585,23.569027667021146,0,0,7.406770653482225e-13,47980000,98000000,1568000000.0,8325,100089980,0
20,5000,24,100000,0.1,0.95,10000.0,0.9,7,pcg_time_avg_chol_explicit_avgK,ok,18.549856625002576,2.1074249999946915,2.474803042015992,23.13208466701326,31,0,6.921081732222882e-09,47980000,98000000,1568000000.0,8325,50925200,0
20,5000,24,100000,0.1,0.95,10000.0,0.9,7,pcg_time_avg_chol_frozen_amortized_50,derived_best_case,0.3709971325000515,0.042148499999893826,2.474803042015992,2.8879486745159375,31,0,6.921081732222882e-09,47980000,98000000,1568000000.0,8325,50925200,0
20,5000,24,100000,0.3,0.95,10000.0,0.9,0,direct_cholmod,ok,18.398152209003456,2.118182958016405,0.03069837499060668,20.547033542010467,0,0,1.5638530870998304e-12,47980000,98000000,1568000000.0,8325,50925200,0
20,5000,24,100000,0.3,0.95,10000.0,0.9,0,direct_splu,ok,18.40958237502491,6.078789833991323,0.05850029198336415,24.546872500999598,0,0,1.7297520683580395e-12,47980000,98000000,1568000000.0,8325,112455200,0
20,5000,24,100000,0.3,0.95,10000.0,0.9,0,pcg_time_avg_chol_explicit_avgK,ok,18.466878500010353,2.103779042023234,31.96777737501543,52.53843491704902,410,0,8.982793736124217e-09,47980000,98000000,1568000000.0,8325,50925200,0
20,5000,24,100000,0.3,0.95,10000.0,0.9,0,pcg_time_avg_chol_frozen_amortized_50,derived_best_case,0.36933757000020706,0.04207558084046468,31.96777737501543,32.3791905258561,410,0,8.982793736124217e-09,47980000,98000000,1568000000.0,8325,50925200,0
20,5000,24,100000,0.3,0.95,10000.0,0.9,1,direct_cholmod,ok,18.468536000000313,2.119453874998726,0.030957584007410333,20.61894745900645,0,0,1.4621889958565215e-12,47980000,98000000,1568000000.0,8325,50925200,0
20,5000,24,100000,0.3,0.95,10000.0,0.9,1,direct_splu,ok,18.544134541996755,6.199207666009897,0.04964037501486018,24.792982583021512,0,0,1.5007716285045425e-12,47980000,98000000,1568000000.0,8325,113875300,0
20,5000,24,100000,0.3,0.95,10000.0,0.9,1,pcg_time_avg_chol_explicit_avgK,ok,18.502506666991394,2.107360041991342,30.29173141697538,50.90159812595812,397,0,9.921934224487216e-09,47980000,98000000,1568000000.0,8325,50925200,0
20,5000,24,100000,0.3,0.95,10000.0,0.9,1,pcg_time_avg_chol_frozen_amortized_50,derived_best_case,0.3700501333398279,0.042147200839826836,30.29173141697538,30.703928751155036,397,0,9.921934224487216e-09,47980000,98000000,1568000000.0,8325,50925200,0
20,5000,24,100000,0.3,0.95,10000.0,0.9,7,direct_cholmod,ok,18.47662758399383,2.10193174998858,0.03061837499262765,20.60917770897504,0,0,1.3338087534148658e-12,47980000,98000000,1568000000.0,8325,50925200,0
20,5000,24,100000,0.3,0.95,10000.0,0.9,7,direct_splu,ok,18.55310666601872,5.823112957994454,0.05513441699440591,24.43135404100758,0,0,1.4109360586224043e-12,47980000,98000000,1568000000.0,8325,109315920,0
20,5000,24,100000,0.3,0.95,10000.0,0.9,7,pcg_time_avg_chol_explicit_avgK,ok,18.593479166011093,2.1188101670122705,26.576979375007795,47.28926870803116,349,0,9.484330778132344e-09,47980000,98000000,1568000000.0,8325,50925200,0
20,5000,24,100000,0.3,0.95,10000.0,0.9,7,pcg_time_avg_chol_frozen_amortized_50,derived_best_case,0.37186958332022185,0.04237620334024541,26.576979375007795,26.99122516166826,349,0,9.484330778132344e-09,47980000,98000000,1568000000.0,8325,50925200,0
20,5000,24,100000,0.5,0.95,10000.0,0.9,0,direct_cholmod,ok,18.439228917006403,2.1027494999871124,0.030325083003845066,20.57230349999736,0,0,5.681631303886208e-12,47980000,98000000,1568000000.0,8325,50925200,0
20,5000,24,100000,0.5,0.95,10000.0,0.9,0,direct_splu,ok,18.440288000012515,8.67455916601466,0.06663545800256543,27.18148262402974,0,0,3.770731211058948e-11,47980000,98000000,1568000000.0,8325,142994800,0
20,5000,24,100000,0.5,0.95,10000.0,0.9,0,pcg_time_avg_chol_explicit_avgK,ok,18.47061591700185,2.0718227080069482,358.45520475000376,378.99764337501256,4644,0,9.629854042581467e-09,47980000,98000000,1568000000.0,8325,50925200,0
20,5000,24,100000,0.5,0.95,10000.0,0.9,0,pcg_time_avg_chol_frozen_amortized_50,derived_best_case,0.369412318340037,0.04143645416013896,358.45520475000376,358.86605352250393,4644,0,9.629854042581467e-09,47980000,98000000,1568000000.0,8325,50925200,0
20,5000,24,100000,0.5,0.95,10000.0,0.9,1,direct_cholmod,ok,18.659636666998267,2.1217637500085402,0.03244104198529385,20.8138414589921,0,0,4.8198270889433615e-12,47980000,98000000,1568000000.0,8325,50925200,0
20,5000,24,100000,0.5,0.95,10000.0,0.9,1,direct_splu,ok,18.519865708018187,8.69937029099674,0.07918995901127346,27.2984259580262,0,0,3.023274907372699e-11,47980000,98000000,1568000000.0,8325,143146840,0
20,5000,24,100000,0.5,0.95,10000.0,0.9,1,pcg_time_avg_chol_explicit_avgK,ok,18.49304608401144,2.0822861659980845,330.8988771669974,351.47420941700693,4287,0,9.773732099746775e-09,47980000,98000000,1568000000.0,8325,50925200,0
20,5000,24,100000,0.5,0.95,10000.0,0.9,1,pcg_time_avg_chol_frozen_amortized_50,derived_best_case,0.36986092168022877,0.04164572331996169,330.8988771669974,331.3103838119976,4287,0,9.773732099746775e-09,47980000,98000000,1568000000.0,8325,50925200,0
20,5000,24,100000,0.5,0.95,10000.0,0.9,7,direct_cholmod,ok,18.626634167012526,2.117099708004389,0.03159308299655095,20.775326958013466,0,0,4.636795799982559e-12,47980000,98000000,1568000000.0,8325,50925200,0
20,5000,24,100000,0.5,0.95,10000.0,0.9,7,direct_splu,ok,18.511694707995048,8.67233570801909,0.08282770798541605,27.266858123999555,0,0,2.2105506517955072e-11,47980000,98000000,1568000000.0,8325,142854040,0
20,5000,24,100000,0.5,0.95,10000.0,0.9,7,pcg_time_avg_chol_explicit_avgK,ok,18.5199039579893,2.1075257920019794,263.1137286669982,283.7411584169895,3407,0,9.8392152611147e-09,47980000,98000000,1568000000.0,8325,50925200,0
20,5000,24,100000,0.5,0.95,10000.0,0.9,7,pcg_time_avg_chol_frozen_amortized_50,derived_best_case,0.370398079159786,0.042150515840039586,263.1137286669982,263.526277261998,3407,0,9.8392152611147e-09,47980000,98000000,1568000000.0,8325,50925200,0
20,10000,2,200000,0.1,0.95,10000.0,0.9,0,direct_cholmod,ok,0.8530219169915654,0.2711941250017844,0.009124416974373162,1.133340458967723,0,0,1.3383171898670695e-12,8198800,20000000,320000000.0,16660,10298701,0
20,10000,2,200000,0.1,0.95,10000.0,0.9,0,direct_splu,ok,0.8486121659807395,0.3701012499805074,0.01582291699014604,1.234536332951393,0,0,1.4545580696028916e-12,8198800,20000000,320000000.0,16660,21750593,0
20,10000,2,200000,0.1,0.95,10000.0,0.9,0,pcg_time_avg_chol_explicit_avgK,ok,0.8460098330106121,0.2669417920114938,0.6217944160162006,1.7347460410383064,39,0,7.04067962548626e-09,8198800,20000000,320000000.0,16660,10298701,0
20,10000,2,200000,0.1,0.95,10000.0,0.9,0,pcg_time_avg_chol_frozen_amortized_50,derived_best_case,0.01692019666021224,0.005338835840229876,0.6217944160162006,0.6440534485166427,39,0,7.04067962548626e-09,8198800,20000000,320000000.0,16660,10298701,0
20,10000,2,200000,0.1,0.95,10000.0,0.9,1,direct_cholmod,ok,0.8456114159780554,0.2718980409845244,0.007920999982161447,1.1254304569447413,0,0,1.8244235784250815e-12,8198800,20000000,320000000.0,16660,10298701,0
20,10000,2,200000,0.1,0.95,10000.0,0.9,1,direct_splu,ok,0.8566965830104891,0.37340291700093076,0.01588012499269098,1.2459796250041109,0,0,2.1365889961421432e-12,8198800,20000000,320000000.0,16660,21750593,0
20,10000,2,200000,0.1,0.95,10000.0,0.9,1,pcg_time_avg_chol_explicit_avgK,ok,0.8569134169956669,0.27194845798658207,0.5634839160193224,1.6923457910015713,35,0,6.601119287221163e-09,8198800,20000000,320000000.0,16660,10298701,0
20,10000,2,200000,0.1,0.95,10000.0,0.9,1,pcg_time_avg_chol_frozen_amortized_50,derived_best_case,0.01713826833991334,0.005438969159731641,0.5634839160193224,0.5860611535189674,35,0,6.601119287221163e-09,8198800,20000000,320000000.0,16660,10298701,0
20,10000,2,200000,0.1,0.95,10000.0,0.9,7,direct_cholmod,ok,0.8577446659910493,0.27187212501303293,0.009191707998979837,1.138808499003062,0,0,2.0090276295512958e-12,8198800,20000000,320000000.0,16660,10298701,0
20,10000,2,200000,0.1,0.95,10000.0,0.9,7,direct_splu,ok,0.8562587499909569,0.37439670800813474,0.01659104198915884,1.2472464999882504,0,0,2.177070261229846e-12,8198800,20000000,320000000.0,16660,21750593,0
20,10000,2,200000,0.1,0.95,10000.0,0.9,7,pcg_time_avg_chol_explicit_avgK,ok,0.855443541018758,0.2684821249858942,0.5591640000056941,1.6830896660103463,35,0,7.10001534505508e-09,8198800,20000000,320000000.0,16660,10298701,0
20,10000,2,200000,0.1,0.95,10000.0,0.9,7,pcg_time_avg_chol_frozen_amortized_50,derived_best_case,0.01710887082037516,0.005369642499717883,0.5591640000056941,0.5816425133257872,35,0,7.10001534505508e-09,8198800,20000000,320000000.0,16660,10298701,0
20,10000,2,200000,0.3,0.95,10000.0,0.9,0,direct_cholmod,ok,0.8544434579962399,0.2747624579933472,0.009109625010751188,1.1383155410003383,0,0,2.3262940668483727e-12,8198800,20000000,320000000.0,16660,10298701,0
20,10000,2,200000,0.3,0.95,10000.0,0.9,0,direct_splu,ok,0.8488602500001434,0.45957716600969434,0.019271375000244007,1.3277087910100818,0,0,4.135217801027489e-12,8198800,20000000,320000000.0,16660,25884964,0
20,10000,2,200000,0.3,0.95,10000.0,0.9,0,pcg_time_avg_chol_explicit_avgK,ok,0.851081750006415,0.26967754200450145,10.039936917019077,11.160696209029993,623,0,9.22042135110104e-09,8198800,20000000,320000000.0,16660,10298701,0
20,10000,2,200000,0.3,0.95,10000.0,0.9,0,pcg_time_avg_chol_frozen_amortized_50,derived_best_case,0.0170216350001283,0.005393550840090029,10.039936917019077,10.062352102859295,623,0,9.22042135110104e-09,8198800,20000000,320000000.0,16660,10298701,0
20,10000,2,200000,0.3,0.95,10000.0,0.9,1,direct_cholmod,ok,0.8504592080134898,0.2694577499933075,0.009091250016354024,1.1290082080231514,0,0,2.9431490652108517e-12,8198800,20000000,320000000.0,16660,10298701,0
20,10000,2,200000,0.3,0.95,10000.0,0.9,1,direct_splu,ok,0.8540190409985371,0.44655666599282995,0.0188295419793576,1.3194052489707246,0,0,4.3684314623178e-12,8198800,20000000,320000000.0,16660,25218111,0
20,10000,2,200000,0.3,0.95,10000.0,0.9,1,pcg_time_avg_chol_explicit_avgK,ok,0.8521471249987371,0.26880587500636466,7.592527500004508,8.71348050000961,473,0,9.270508267420489e-09,8198800,20000000,320000000.0,16660,10298701,0
20,10000,2,200000,0.3,0.95,10000.0,0.9,1,pcg_time_avg_chol_frozen_amortized_50,derived_best_case,0.017042942499974744,0.0053761175001272934,7.592527500004508,7.61494656000461,473,0,9.270508267420489e-09,8198800,20000000,320000000.0,16660,10298701,0
20,10000,2,200000,0.3,0.95,10000.0,0.9,7,direct_cholmod,ok,0.8516258750169072,0.2711822499986738,0.00926091699511744,1.1320690420106985,0,0,3.4427772225947107e-12,8198800,20000000,320000000.0,16660,10298701,0
20,10000,2,200000,0.3,0.95,10000.0,0.9,7,direct_splu,ok,0.8550550420186482,0.4563794170098845,0.01937037499737926,1.330804834025912,0,0,7.433507136550689e-12,8198800,20000000,320000000.0,16660,25607758,0
20,10000,2,200000,0.3,0.95,10000.0,0.9,7,pcg_time_avg_chol_explicit_avgK,ok,0.858649959001923,0.26992083399090916,7.687113874999341,8.815684667992173,477,0,9.602477766231608e-09,8198800,20000000,320000000.0,16660,10298701,0
20,10000,2,200000,0.3,0.95,10000.0,0.9,7,pcg_time_avg_chol_frozen_amortized_50,derived_best_case,0.01717299918003846,0.005398416679818183,7.687113874999341,7.7096852908591975,477,0,9.602477766231608e-09,8198800,20000000,320000000.0,16660,10298701,0
20,10000,2,200000,0.5,0.95,10000.0,0.9,0,direct_cholmod,ok,0.8526449589990079,0.27148570798453875,0.009468375006690621,1.1335990419902373,0,0,7.981719358324988e-12,8198800,20000000,320000000.0,16660,10298701,0
20,10000,2,200000,0.5,0.95,10000.0,0.9,0,direct_splu,ok,0.8635258750000503,0.5113590419932734,0.020647540979553014,1.3955324579728767,0,0,2.4661935386924373e-11,8198800,20000000,320000000.0,16660,28166079,0
20,10000,2,200000,0.5,0.95,10000.0,0.9,0,pcg_time_avg_chol_explicit_avgK,ok,0.8475789590156637,0.2692033329803962,135.54401654200046,136.66079883399652,8368,0,9.606590444398947e-09,8198800,20000000,320000000.0,16660,10298701,0
20,10000,2,200000,0.5,0.95,10000.0,0.9,0,pcg_time_avg_chol_frozen_amortized_50,derived_best_case,0.016951579180313273,0.0053840666596079246,135.54401654200046,135.56635218784038,8368,0,9.606590444398947e-09,8198800,20000000,320000000.0,16660,10298701,0
20,10000,2,200000,0.5,0.95,10000.0,0.9,1,direct_cholmod,ok,0.8531666250200942,0.271176459005801,0.00917179201496765,1.1335148760408629,0,0,1.0022237034241255e-11,8198800,20000000,320000000.0,16660,10298701,0
20,10000,2,200000,0.5,0.95,10000.0,0.9,1,direct_splu,ok,0.8534408330160659,0.5080376249970868,0.020588832994690165,1.3820672910078429,0,0,3.214708093045645e-11,8198800,20000000,320000000.0,16660,28125716,0
20,10000,2,200000,0.5,0.95,10000.0,0.9,1,pcg_time_avg_chol_explicit_avgK,ok,0.8471524580090772,0.2712357090204023,101.50500620901585,102.62339437604533,6259,0,9.776156827818636e-09,8198800,20000000,320000000.0,16660,10298701,0
20,10000,2,200000,0.5,0.95,10000.0,0.9,1,pcg_time_avg_chol_frozen_amortized_50,derived_best_case,0.016943049160181543,0.005424714180408046,101.50500620901585,101.52737397235643,6259,0,9.776156827818636e-09,8198800,20000000,320000000.0,16660,10298701,0
20,10000,2,200000,0.5,0.95,10000.0,0.9,7,direct_cholmod,ok,0.8456553340074606,0.2700939580099657,0.00918095899396576,1.124930251011392,0,0,1.3874081193878059e-11,8198800,20000000,320000000.0,16660,10298701,0
20,10000,2,200000,0.5,0.95,10000.0,0.9,7,direct_splu,ok,0.8533852499967907,0.5074112919974141,0.020396958978381008,1.3811935009725858,0,0,4.0012574822134855e-11,8198800,20000000,320000000.0,16660,28169185,0
20,10000,2,200000,0.5,0.95,10000.0,0.9,7,pcg_time_avg_chol_explicit_avgK,ok,0.9456586250162218,0.2707930410106201,98.44967808399815,99.666129750025,6094,0,9.920096308227438e-09,8198800,20000000,320000000.0,16660,10298701,0
20,10000,2,200000,0.5,0.95,10000.0,0.9,7,pcg_time_avg_chol_frozen_amortized_50,derived_best_case,0.018913172500324437,0.005415860820212401,98.44967808399815,98.47400711731869,6094,0,9.920096308227438e-09,8198800,20000000,320000000.0,16660,10298701,0
20,10000,12,200000,0.1,0.95,10000.0,0.9,0,direct_cholmod,ok,11.544459917000495,1.9042449170083273,0.11694712500320747,13.56565195901203,0,0,1.3648621361057038e-12,48168800,100000000,1600000000.0,16660,52068000,0
20,10000,12,200000,0.1,0.95,10000.0,0.9,0,direct_splu,ok,11.424432333005825,3.3757524999964517,0.06641620901064016,14.866601042012917,0,0,1.1511311874217705e-12,48168800,100000000,1600000000.0,16660,104196780,0
20,10000,12,200000,0.1,0.95,10000.0,0.9,0,pcg_time_avg_chol_explicit_avgK,ok,11.335671707987785,1.8715948750032112,4.290855540981283,17.49812212397228,38,0,7.334376225913271e-09,48168800,100000000,1600000000.0,16660,52068000,0
20,10000,12,200000,0.1,0.95,10000.0,0.9,0,pcg_time_avg_chol_frozen_amortized_50,derived_best_case,0.2267134341597557,0.037431897500064225,4.290855540981283,4.555000872641103,38,0,7.334376225913271e-09,48168800,100000000,1600000000.0,16660,52068000,0
20,10000,12,200000,0.1,0.95,10000.0,0.9,1,direct_cholmod,ok,11.254068624984939,1.8584983339824248,0.03853195798001252,13.151098916947376,0,0,7.529577916886279e-13,48168800,100000000,1600000000.0,16660,52068000,0
20,10000,12,200000,0.1,0.95,10000.0,0.9,1,direct_splu,ok,11.293337334005628,3.3549582500127144,0.05074820900335908,14.699043793021701,0,0,6.83908352484812e-13,48168800,100000000,1600000000.0,16660,104196780,0
20,10000,12,200000,0.1,0.95,10000.0,0.9,1,pcg_time_avg_chol_explicit_avgK,ok,11.299397291993955,1.8754120410012547,3.4596791669900995,16.63448849998531,35,0,6.277500923497038e-09,48168800,100000000,1600000000.0,16660,52068000,0
20,10000,12,200000,0.1,0.95,10000.0,0.9,1,pcg_time_avg_chol_frozen_amortized_50,derived_best_case,0.2259879458398791,0.037508240820025095,3.4596791669900995,3.723175353650004,35,0,6.277500923497038e-09,48168800,100000000,1600000000.0,16660,52068000,0
20,10000,12,200000,0.1,0.95,10000.0,0.9,7,direct_cholmod,ok,11.248256040998967,1.8462573750002775,0.11258220797753893,13.207095623976784,0,0,5.11076225766635e-13,48168800,100000000,1600000000.0,16660,52068000,0
20,10000,12,200000,0.1,0.95,10000.0,0.9,7,direct_splu,ok,11.28458233299898,3.354903583007399,0.050468499975977466,14.689954415982356,0,0,4.4101859685639886e-13,48168800,100000000,1600000000.0,16660,104196780,0
20,10000,12,200000,0.1,0.95,10000.0,0.9,7,pcg_time_avg_chol_explicit_avgK,ok,11.366227042017272,1.8722367500013206,2.8444557919865474,16.08291958400514,34,0,7.759573036922139e-09,48168800,100000000,1600000000.0,16660,52068000,0
20,10000,12,200000,0.1,0.95,10000.0,0.9,7,pcg_time_avg_chol_frozen_amortized_50,derived_best_case,0.22732454084034542,0.03744473500002641,2.8444557919865474,3.109225067826919,34,0,7.759573036922139e-09,48168800,100000000,1600000000.0,16660,52068000,0
20,10000,12,200000,0.3,0.95,10000.0,0.9,0,direct_cholmod,ok,11.267106084007537,1.863454250007635,0.03762250000727363,13.168182834022446,0,0,2.3871102361713897e-12,48168800,100000000,1600000000.0,16660,52068000,0
20,10000,12,200000,0.3,0.95,10000.0,0.9,0,direct_splu,ok,11.421525417012163,3.788495749991853,0.08795329200802371,15.297974459012039,0,0,2.4607668964283254e-12,48168800,100000000,1600000000.0,16660,112862940,0
20,10000,12,200000,0.3,0.95,10000.0,0.9,0,pcg_time_avg_chol_explicit_avgK,ok,11.276496665988816,1.8567316670087166,72.06185295799514,85.19508129099268,606,0,9.974636242596392e-09,48168800,100000000,1600000000.0,16660,52068000,0
20,10000,12,200000,0.3,0.95,10000.0,0.9,0,pcg_time_avg_chol_frozen_amortized_50,derived_best_case,0.22552993331977633,0.03713463334017433,72.06185295799514,72.32451752465509,606,0,9.974636242596392e-09,48168800,100000000,1600000000.0,16660,52068000,0
20,10000,12,200000,0.3,0.95,10000.0,0.9,1,direct_cholmod,ok,11.262039207998896,1.8398060000035912,0.11261783400550485,13.214463042007992,0,0,1.373124592560874e-12,48168800,100000000,1600000000.0,16660,52068000,0
20,10000,12,200000,0.3,0.95,10000.0,0.9,1,direct_splu,ok,11.248116292001214,3.960496416024398,0.05611683300230652,15.264729541027918,0,0,1.3554908883400379e-12,48168800,100000000,1600000000.0,16660,117218980,0
20,10000,12,200000,0.3,0.95,10000.0,0.9,1,pcg_time_avg_chol_explicit_avgK,ok,11.280212999990908,1.8730544580030255,46.22286324997549,59.37613070796942,466,0,9.373495916369687e-09,48168800,100000000,1600000000.0,16660,52068000,0
20,10000,12,200000,0.3,0.95,10000.0,0.9,1,pcg_time_avg_chol_frozen_amortized_50,derived_best_case,0.22560425999981817,0.03746108916006051,46.22286324997549,46.48592859913537,466,0,9.373495916369687e-09,48168800,100000000,1600000000.0,16660,52068000,0
20,10000,12,200000,0.3,0.95,10000.0,0.9,7,direct_cholmod,ok,11.29051945899846,1.849154333001934,0.036880542000290006,13.176554334000684,0,0,9.919938355866148e-13,48168800,100000000,1600000000.0,16660,52068000,0
20,10000,12,200000,0.3,0.95,10000.0,0.9,7,direct_splu,ok,11.280767000018386,3.9582712090050336,0.05992495801183395,15.298963167035254,0,0,1.3490642629294044e-12,48168800,100000000,1600000000.0,16660,116580060,0
20,10000,12,200000,0.3,0.95,10000.0,0.9,7,pcg_time_avg_chol_explicit_avgK,ok,11.278335875016637,1.8606698749936186,39.527148207998835,52.66615395800909,463,0,9.365250499888907e-09,48168800,100000000,1600000000.0,16660,52068000,0
20,10000,12,200000,0.3,0.95,10000.0,0.9,7,pcg_time_avg_chol_frozen_amortized_50,derived_best_case,0.22556671750033275,0.037213397499872375,39.527148207998835,39.78992832299904,463,0,9.365250499888907e-09,48168800,100000000,1600000000.0,16660,52068000,0
20,10000,12,200000,0.5,0.95,10000.0,0.9,0,direct_cholmod,ok,11.452724832983222,1.849194999987958,0.03709358398918994,13.33901341696037,0,0,1.1322379198788518e-11,48168800,100000000,1600000000.0,16660,52068000,0
20,10000,12,200000,0.5,0.95,10000.0,0.9,0,direct_splu,ok,11.351499292009976,5.349315707979258,0.08418062501004897,16.784995624999283,0,0,5.812978797980615e-11,48168800,100000000,1600000000.0,16660,145753980,0
20,10000,12,200000,0.5,0.95,10000.0,0.9,0,pcg_time_avg_chol_explicit_avgK,ok,11.254561333014863,1.8482197079865728,755.2344267090084,768.3372077500098,8145,0,9.866483311061148e-09,48168800,100000000,1600000000.0,16660,52068000,0
20,10000,12,200000,0.5,0.95,10000.0,0.9,0,pcg_time_avg_chol_frozen_amortized_50,derived_best_case,0.22509122666029724,0.036964394159731455,755.2344267090084,755.4964823298284,8145,0,9.866483311061148e-09,48168800,100000000,1600000000.0,16660,52068000,0
20,10000,12,200000,0.5,0.95,10000.0,0.9,1,direct_cholmod,ok,11.394477541995002,1.8621023329906166,0.03962525000679307,13.296205124992412,0,0,4.964374408635489e-12,48168800,100000000,1600000000.0,16660,52068000,0
20,10000,12,200000,0.5,0.95,10000.0,0.9,1,direct_splu,ok,11.266044041985879,5.358379582990892,0.11123449998558499,16.735658124962356,0,0,2.126576832113256e-11,48168800,100000000,1600000000.0,16660,146039660,0
20,10000,12,200000,0.5,0.95,10000.0,0.9,1,pcg_time_avg_chol_explicit_avgK,ok,11.308137874992099,1.8599189580127131,690.7797151669802,703.947771999985,6044,0,9.210507559495534e-09,48168800,100000000,1600000000.0,16660,52068000,0
20,10000,12,200000,0.5,0.95,10000.0,0.9,1,pcg_time_avg_chol_frozen_amortized_50,derived_best_case,0.22616275749984197,0.037198379160254265,690.7797151669802,691.0430763036403,6044,0,9.210507559495534e-09,48168800,100000000,1600000000.0,16660,52068000,0
20,10000,12,200000,0.5,0.95,10000.0,0.9,7,direct_cholmod,ok,11.438501958997222,1.8490678329835646,0.10942858300404623,13.396998374984832,0,0,4.702782114343793e-12,48168800,100000000,1600000000.0,16660,52068000,0
20,10000,12,200000,0.5,0.95,10000.0,0.9,7,direct_splu,ok,11.320339833997423,5.341184124990832,0.0870604160008952,16.74858437498915,0,0,1.6188761861029602e-11,48168800,100000000,1600000000.0,16660,146018300,0
20,10000,12,200000,0.5,0.95,10000.0,0.9,7,pcg_time_avg_chol_explicit_avgK,ok,11.272036041977117,1.8485306249931455,641.7347798330011,654.8553464999713,5829,0,9.17889515825269e-09,48168800,100000000,1600000000.0,16660,52068000,0
20,10000,12,200000,0.5,0.95,10000.0,0.9,7,pcg_time_avg_chol_frozen_amortized_50,derived_best_case,0.22544072083954234,0.03697061249986291,641.7347798330011,641.9971911663405,5829,0,9.17889515825269e-09,48168800,100000000,1600000000.0,16660,52068000,0
20,10000,24,200000,0.1,0.95,10000.0,0.9,0,direct_cholmod,skipped_memory_estimate:estimated_Kbar_nnz=1.96e+08 > 1.00e+08,nan,nan,nan,nan,0,0,nan,96080000,196000000,3136000000.0,16660,-1,1
20,10000,24,200000,0.1,0.95,10000.0,0.9,0,direct_splu,skipped_memory_estimate:estimated_Kbar_nnz=1.96e+08 > 1.00e+08,nan,nan,nan,nan,0,0,nan,96080000,196000000,3136000000.0,16660,-1,1
20,10000,24,200000,0.1,0.95,10000.0,0.9,0,pcg_time_avg_chol_explicit_avgK,skipped_memory_estimate:estimated_Kbar_nnz=1.96e+08 > 1.00e+08,nan,nan,nan,nan,0,0,nan,96080000,196000000,3136000000.0,16660,-1,1
20,10000,24,200000,0.1,0.95,10000.0,0.9,0,pcg_time_avg_chol_frozen_amortized_50,derived_from_failed_pcg,nan,nan,nan,nan,0,0,nan,96080000,196000000,3136000000.0,16660,-1,1
20,10000,24,200000,0.1,0.95,10000.0,0.9,1,direct_cholmod,skipped_memory_estimate:estimated_Kbar_nnz=1.96e+08 > 1.00e+08,nan,nan,nan,nan,0,0,nan,96080000,196000000,3136000000.0,16660,-1,1
20,10000,24,200000,0.1,0.95,10000.0,0.9,1,direct_splu,skipped_memory_estimate:estimated_Kbar_nnz=1.96e+08 > 1.00e+08,nan,nan,nan,nan,0,0,nan,96080000,196000000,3136000000.0,16660,-1,1
20,10000,24,200000,0.1,0.95,10000.0,0.9,1,pcg_time_avg_chol_explicit_avgK,skipped_memory_estimate:estimated_Kbar_nnz=1.96e+08 > 1.00e+08,nan,nan,nan,nan,0,0,nan,96080000,196000000,3136000000.0,16660,-1,1
20,10000,24,200000,0.1,0.95,10000.0,0.9,1,pcg_time_avg_chol_frozen_amortized_50,derived_from_failed_pcg,nan,nan,nan,nan,0,0,nan,96080000,196000000,3136000000.0,16660,-1,1
20,10000,24,200000,0.1,0.95,10000.0,0.9,7,direct_cholmod,skipped_memory_estimate:estimated_Kbar_nnz=1.96e+08 > 1.00e+08,nan,nan,nan,nan,0,0,nan,96080000,196000000,3136000000.0,16660,-1,1
20,10000,24,200000,0.1,0.95,10000.0,0.9,7,direct_splu,skipped_memory_estimate:estimated_Kbar_nnz=1.96e+08 > 1.00e+08,nan,nan,nan,nan,0,0,nan,96080000,196000000,3136000000.0,16660,-1,1
20,10000,24,200000,0.1,0.95,10000.0,0.9,7,pcg_time_avg_chol_explicit_avgK,skipped_memory_estimate:estimated_Kbar_nnz=1.96e+08 > 1.00e+08,nan,nan,nan,nan,0,0,nan,96080000,196000000,3136000000.0,16660,-1,1
20,10000,24,200000,0.1,0.95,10000.0,0.9,7,pcg_time_avg_chol_frozen_amortized_50,derived_from_failed_pcg,nan,nan,nan,nan,0,0,nan,96080000,196000000,3136000000.0,16660,-1,1
20,10000,24,200000,0.3,0.95,10000.0,0.9,0,direct_cholmod,skipped_memory_estimate:estimated_Kbar_nnz=1.96e+08 > 1.00e+08,nan,nan,nan,nan,0,0,nan,96080000,196000000,3136000000.0,16660,-1,1
20,10000,24,200000,0.3,0.95,10000.0,0.9,0,direct_splu,skipped_memory_estimate:estimated_Kbar_nnz=1.96e+08 > 1.00e+08,nan,nan,nan,nan,0,0,nan,96080000,196000000,3136000000.0,16660,-1,1
20,10000,24,200000,0.3,0.95,10000.0,0.9,0,pcg_time_avg_chol_explicit_avgK,skipped_memory_estimate:estimated_Kbar_nnz=1.96e+08 > 1.00e+08,nan,nan,nan,nan,0,0,nan,96080000,196000000,3136000000.0,16660,-1,1
20,10000,24,200000,0.3,0.95,10000.0,0.9,0,pcg_time_avg_chol_frozen_amortized_50,derived_from_failed_pcg,nan,nan,nan,nan,0,0,nan,96080000,196000000,3136000000.0,16660,-1,1
20,10000,24,200000,0.3,0.95,10000.0,0.9,1,direct_cholmod,skipped_memory_estimate:estimated_Kbar_nnz=1.96e+08 > 1.00e+08,nan,nan,nan,nan,0,0,nan,96080000,196000000,3136000000.0,16660,-1,1
20,10000,24,200000,0.3,0.95,10000.0,0.9,1,direct_splu,skipped_memory_estimate:estimated_Kbar_nnz=1.96e+08 > 1.00e+08,nan,nan,nan,nan,0,0,nan,96080000,196000000,3136000000.0,16660,-1,1
20,10000,24,200000,0.3,0.95,10000.0,0.9,1,pcg_time_avg_chol_explicit_avgK,skipped_memory_estimate:estimated_Kbar_nnz=1.96e+08 > 1.00e+08,nan,nan,nan,nan,0,0,nan,96080000,196000000,3136000000.0,16660,-1,1
20,10000,24,200000,0.3,0.95,10000.0,0.9,1,pcg_time_avg_chol_frozen_amortized_50,derived_from_failed_pcg,nan,nan,nan,nan,0,0,nan,96080000,196000000,3136000000.0,16660,-1,1
20,10000,24,200000,0.3,0.95,10000.0,0.9,7,direct_cholmod,skipped_memory_estimate:estimated_Kbar_nnz=1.96e+08 > 1.00e+08,nan,nan,nan,nan,0,0,nan,96080000,196000000,3136000000.0,16660,-1,1
20,10000,24,200000,0.3,0.95,10000.0,0.9,7,direct_splu,skipped_memory_estimate:estimated_Kbar_nnz=1.96e+08 > 1.00e+08,nan,nan,nan,nan,0,0,nan,96080000,196000000,3136000000.0,16660,-1,1
20,10000,24,200000,0.3,0.95,10000.0,0.9,7,pcg_time_avg_chol_explicit_avgK,skipped_memory_estimate:estimated_Kbar_nnz=1.96e+08 > 1.00e+08,nan,nan,nan,nan,0,0,nan,96080000,196000000,3136000000.0,16660,-1,1
20,10000,24,200000,0.3,0.95,10000.0,0.9,7,pcg_time_avg_chol_frozen_amortized_50,derived_from_failed_pcg,nan,nan,nan,nan,0,0,nan,96080000,196000000,3136000000.0,16660,-1,1
20,10000,24,200000,0.5,0.95,10000.0,0.9,0,direct_cholmod,skipped_memory_estimate:estimated_Kbar_nnz=1.96e+08 > 1.00e+08,nan,nan,nan,nan,0,0,nan,96080000,196000000,3136000000.0,16660,-1,1
20,10000,24,200000,0.5,0.95,10000.0,0.9,0,direct_splu,skipped_memory_estimate:estimated_Kbar_nnz=1.96e+08 > 1.00e+08,nan,nan,nan,nan,0,0,nan,96080000,196000000,3136000000.0,16660,-1,1
20,10000,24,200000,0.5,0.95,10000.0,0.9,0,pcg_time_avg_chol_explicit_avgK,skipped_memory_estimate:estimated_Kbar_nnz=1.96e+08 > 1.00e+08,nan,nan,nan,nan,0,0,nan,96080000,196000000,3136000000.0,16660,-1,1
20,10000,24,200000,0.5,0.95,10000.0,0.9,0,pcg_time_avg_chol_frozen_amortized_50,derived_from_failed_pcg,nan,nan,nan,nan,0,0,nan,96080000,196000000,3136000000.0,16660,-1,1
20,10000,24,200000,0.5,0.95,10000.0,0.9,1,direct_cholmod,skipped_memory_estimate:estimated_Kbar_nnz=1.96e+08 > 1.00e+08,nan,nan,nan,nan,0,0,nan,96080000,196000000,3136000000.0,16660,-1,1
20,10000,24,200000,0.5,0.95,10000.0,0.9,1,direct_splu,skipped_memory_estimate:estimated_Kbar_nnz=1.96e+08 > 1.00e+08,nan,nan,nan,nan,0,0,nan,96080000,196000000,3136000000.0,16660,-1,1
20,10000,24,200000,0.5,0.95,10000.0,0.9,1,pcg_time_avg_chol_explicit_avgK,skipped_memory_estimate:estimated_Kbar_nnz=1.96e+08 > 1.00e+08,nan,nan,nan,nan,0,0,nan,96080000,196000000,3136000000.0,16660,-1,1
20,10000,24,200000,0.5,0.95,10000.0,0.9,1,pcg_time_avg_chol_frozen_amortized_50,derived_from_failed_pcg,nan,nan,nan,nan,0,0,nan,96080000,196000000,3136000000.0,16660,-1,1
20,10000,24,200000,0.5,0.95,10000.0,0.9,7,direct_cholmod,skipped_memory_estimate:estimated_Kbar_nnz=1.96e+08 > 1.00e+08,nan,nan,nan,nan,0,0,nan,96080000,196000000,3136000000.0,16660,-1,1
20,10000,24,200000,0.5,0.95,10000.0,0.9,7,direct_splu,skipped_memory_estimate:estimated_Kbar_nnz=1.96e+08 > 1.00e+08,nan,nan,nan,nan,0,0,nan,96080000,196000000,3136000000.0,16660,-1,1
20,10000,24,200000,0.5,0.95,10000.0,0.9,7,pcg_time_avg_chol_explicit_avgK,skipped_memory_estimate:estimated_Kbar_nnz=1.96e+08 > 1.00e+08,nan,nan,nan,nan,0,0,nan,96080000,196000000,3136000000.0,16660,-1,1
20,10000,24,200000,0.5,0.95,10000.0,0.9,7,pcg_time_avg_chol_frozen_amortized_50,derived_from_failed_pcg,nan,nan,nan,nan,0,0,nan,96080000,196000000,3136000000.0,16660,-1,1
